Farm_ID,Crop,Soil_Type,Season,Irrigation_Type,Nitrogen,Phosphorus,Potassium,Soil_pH,Temperature_C,Humidity_%,Rainfall_mm,Soil_Moisture_%,Farm_Area_ha,Water_Availability_L,Water_Requirement_mm,Yield_ton_per_ha,Water_Efficiency
1,Rice,Alluvial,Kharif,Drip,127,58,50,6.62,30.97,72.35,1575.62,82.83,4.61,64929832.48,1528.3,4.7,0.00308
2,Millet,Sandy,Zaid,Drip,80,34,40,5.95,31.1,32.23,398.29,35.79,903.81,4458480131.8,439.57,2.58,0.00587
3,Wheat,Loamy,Rabi,Sprinkler,90,31,52,7.02,21.17,69.03,115.17,41.11,1.47,7844459.29,530.91,4.87,0.00917
4,Millet,Loamy,Zaid,Rainfed,87,30,27,6.9,28.44,59.13,391.43,29.69,1.57,4069484.54,265.95,3.1,0.01166
5,Sugarcane,Clay,Zaid,Furrow,137,61,93,7.41,28.42,82.06,825.82,63.44,7.7,72532017.31,2097.87,75.76,0.03611
6,Millet,Sandy,Zaid,Rainfed,78,25,47,6.37,27.36,44.3,406.02,25.85,3.08,29145737.87,374.09,3.02,0.00807
7,Tomato,Alluvial,Zaid,Furrow,90,51,60,6.72,20.0,50.68,236.02,56.67,1.69,13650051.32,587.63,43.39,0.07384
8,Maize,Alluvial,Kharif,Furrow,84,40,58,6.31,21.05,53.54,780.95,67.26,9.7,111172935.44,732.08,4.27,0.00583
9,Cotton,Loamy,Kharif,Drip,69,28,34,7.79,27.38,51.07,652.98,52.38,78.27,618424027.79,1024.54,2.76,0.00269
10,Maize,Alluvial,Kharif,Furrow,105,33,56,5.92,24.99,51.25,547.0,49.9,1.87,18257304.14,821.57,5.33,0.00649
11,Rice,Clay,Kharif,Drip,117,56,45,6.75,28.82,89.57,682.73,74.6,614.56,3587307043.87,1428.43,4.03,0.00282
12,Millet,Red,Kharif,Rainfed,63,33,59,5.54,34.09,61.37,192.07,33.85,2.96,34298800.73,371.85,3.0,0.00807
13,Wheat,Clay,Rabi,Drip,66,52,67,6.35,10.56,56.65,124.18,54.89,9.54,85270562.66,461.67,3.31,0.00717
14,Tomato,Laterite,Kharif,Drip,107,42,48,5.57,23.22,79.77,556.67,57.46,3.3,35543527.11,543.66,46.44,0.08542
15,Tomato,Alluvial,Kharif,Drip,104,38,77,5.89,29.24,57.23,249.1,59.93,6.07,30079480.26,681.57,40.06,0.05878
16,Tomato,Loamy,Kharif,Furrow,97,48,89,6.25,19.73,50.42,291.86,38.95,7.0,34980369.52,557.09,62.32,0.11187
17,Rice,Alluvial,Kharif,Flood,81,60,38,5.67,25.24,93.19,997.58,69.03,9.57,134555208.36,1236.64,3.64,0.00294
18,Millet,Red,Kharif,Drip,66,34,26,5.71,26.54,44.67,439.87,34.9,52.06,141757287.17,393.37,1.54,0.00391
19,Wheat,Loamy,Rabi,Flood,110,39,62,6.35,17.96,58.18,223.55,48.09,4.37,58311675.76,574.36,4.32,0.00752
20,Groundnut,Red,Kharif,Sprinkler,36,34,40,6.77,30.17,52.63,373.3,47.83,1.61,7356325.92,685.32,1.72,0.00251
21,Sugarcane,Loamy,Zaid,Drip,130,47,77,6.04,22.78,70.24,748.04,77.73,3.32,44612705.1,1952.73,77.47,0.03967
22,Groundnut,Sandy,Kharif,Rainfed,26,42,38,5.9,24.49,64.28,495.69,31.48,8.37,117686580.55,396.88,1.62,0.00408
23,Groundnut,Laterite,Rabi,Sprinkler,63,55,66,7.17,30.02,69.49,574.87,53.37,5.24,43413358.45,615.19,2.33,0.00379
24,Cotton,Loamy,Kharif,Furrow,95,35,43,6.11,27.69,57.51,616.28,46.03,3.92,24346947.25,982.8,3.62,0.00368
25,Cotton,Loamy,Kharif,Furrow,115,60,54,6.52,28.5,70.46,826.29,59.13,3.02,15190773.39,947.94,3.22,0.0034
26,Groundnut,Loamy,Kharif,Rainfed,64,58,36,6.54,22.95,68.14,379.57,58.08,63.43,789001677.96,549.91,3.01,0.00547
27,Tomato,Alluvial,Zaid,Sprinkler,55,45,76,5.64,25.39,55.14,425.98,52.17,7.69,66533227.85,639.39,61.67,0.09645
28,Maize,Loamy,Rabi,Furrow,126,60,34,5.96,21.05,69.74,509.3,63.23,78.63,554530229.47,532.87,4.65,0.00873
29,Wheat,Loamy,Rabi,Drip,79,35,69,7.4,16.57,51.5,195.94,46.59,53.14,788220003.72,528.6,5.28,0.00999
30,Tomato,Loamy,Zaid,Drip,101,73,61,6.78,25.64,53.66,435.3,55.58,8.29,68242044.98,510.03,53.79,0.10546
31,Rice,Alluvial,Kharif,Drip,98,53,68,6.52,25.11,94.93,1479.2,68.52,9.99,106159361.32,1425.35,3.13,0.0022
32,Cotton,Black,Kharif,Furrow,113,60,31,6.33,23.0,68.3,599.1,62.32,0.25,2518516.18,647.52,2.95,0.00456
33,Tomato,Laterite,Kharif,Sprinkler,64,46,83,5.59,27.61,77.83,508.84,55.94,1.42,16777089.28,515.17,56.11,0.10892
34,Rice,Clay,Kharif,Drip,85,65,51,6.46,25.93,76.77,1309.9,89.41,6.24,84563365.49,1215.37,5.28,0.00434
35,Groundnut,Sandy,Rabi,Drip,43,31,47,5.81,31.8,61.46,624.43,49.09,9.47,92097787.92,505.19,2.41,0.00477
36,Wheat,Alluvial,Rabi,Sprinkler,99,45,68,6.22,17.63,52.12,144.83,33.58,3.19,32338128.44,544.13,5.25,0.00965
37,Tomato,Red,Zaid,Drip,75,41,60,5.83,25.06,59.51,214.42,47.55,5.74,60840303.6,598.62,56.11,0.09373
38,Maize,Red,Rabi,Furrow,107,41,40,6.57,25.18,68.78,480.33,55.38,92.9,836419476.99,632.38,6.58,0.01041
39,Maize,Loamy,Kharif,Furrow,89,48,64,6.49,21.39,52.16,721.0,41.67,3.28,8801996.59,729.23,5.62,0.00771
40,Wheat,Clay,Rabi,Sprinkler,103,60,47,6.23,19.01,43.59,122.98,58.75,37.99,429954847.81,631.7,4.17,0.0066
41,Tomato,Loamy,Kharif,Furrow,106,61,57,5.81,24.3,54.91,266.36,60.09,8.42,35952967.27,682.58,51.06,0.0748
42,Sugarcane,Loamy,Zaid,Drip,117,55,54,7.36,28.07,79.08,835.61,65.43,3.06,30081527.87,1977.14,72.6,0.03672
43,Rice,Clay,Kharif,Furrow,80,38,44,6.6,30.38,86.23,1270.2,82.89,5.49,71677362.68,1400.14,4.93,0.00352
44,Rice,Alluvial,Kharif,Furrow,112,62,59,6.16,33.1,84.68,1450.27,70.22,1.23,17179066.72,1494.25,4.46,0.00298
45,Millet,Red,Kharif,Sprinkler,53,21,20,5.88,25.27,62.46,284.46,27.69,2.92,30432596.72,336.87,3.07,0.00911
46,Sugarcane,Clay,Zaid,Flood,134,80,79,7.37,34.65,86.62,1566.89,83.46,49.61,529650256.68,2124.35,82.74,0.03895
47,Rice,Clay,Kharif,Furrow,86,70,40,6.45,31.5,78.66,723.87,61.23,9.86,145178267.67,1551.75,4.05,0.00261
48,Sugarcane,Loamy,Kharif,Furrow,95,76,89,7.0,33.23,92.74,1440.32,61.11,1.27,14497973.87,2147.16,79.96,0.03724
49,Rice,Loamy,Kharif,Flood,132,61,61,6.54,24.49,75.86,1221.9,85.74,6.84,51415900.17,1192.29,6.1,0.00512
50,Groundnut,Red,Kharif,Sprinkler,55,34,40,6.95,25.48,71.33,454.63,47.71,26.88,182087451.35,394.92,2.74,0.00694
51,Wheat,Alluvial,Rabi,Drip,85,59,51,6.44,16.12,44.1,164.97,59.93,4.05,35281402.68,657.08,3.35,0.0051
52,Cotton,Black,Kharif,Furrow,57,39,34,6.24,21.25,58.6,817.27,45.3,776.77,4704710194.51,848.53,2.99,0.00352
53,Millet,Sandy,Kharif,Rainfed,53,23,45,7.32,30.82,55.98,327.22,36.34,3.36,45121203.34,270.25,2.15,0.00796
54,Rice,Clay,Kharif,Drip,114,44,63,6.52,28.38,81.91,1594.7,80.24,808.83,7705831932.11,1305.22,3.38,0.00259
55,Millet,Sandy,Kharif,Rainfed,69,26,63,6.53,29.76,31.25,437.93,22.58,4.66,29857199.53,378.78,1.64,0.00433
56,Maize,Black,Kharif,Sprinkler,121,34,56,5.88,28.38,56.21,451.04,51.82,1.3,3270037.27,813.85,5.29,0.0065
57,Wheat,Clay,Rabi,Sprinkler,89,31,43,6.65,21.71,65.24,102.07,39.67,6.9,45775957.75,495.31,5.51,0.01112
58,Millet,Sandy,Kharif,Drip,32,32,41,6.92,26.65,31.66,191.46,42.97,1.28,7066222.54,386.37,2.31,0.00598
59,Maize,Red,Rabi,Rainfed,84,51,58,5.81,30.24,68.57,381.37,63.19,9.2,92393812.25,657.36,6.13,0.00933
60,Rice,Loamy,Kharif,Flood,102,61,64,5.91,31.99,85.02,816.36,72.42,0.49,1341584.16,1440.66,3.49,0.00242
61,Cotton,Alluvial,Kharif,Drip,101,59,66,7.42,25.44,71.7,796.92,38.78,1.89,28155671.99,822.36,1.65,0.00201
62,Tomato,Loamy,Zaid,Drip,51,57,90,6.38,19.52,76.92,552.15,51.09,6.03,65095436.39,419.99,60.88,0.14496
63,Wheat,Clay,Rabi,Furrow,71,30,32,6.35,23.11,47.61,172.15,46.61,7.31,87575831.92,622.13,5.26,0.00845
64,Millet,Red,Zaid,Drip,39,30,62,5.52,33.76,48.21,272.39,22.35,6.89,100038461.84,289.83,1.87,0.00645
65,Cotton,Loamy,Kharif,Furrow,64,62,73,7.81,23.97,59.09,866.75,61.35,7.47,91783902.14,948.97,2.64,0.00278
66,Millet,Red,Kharif,Rainfed,36,43,61,7.23,33.78,33.5,211.32,38.59,7.25,53888333.61,474.27,2.11,0.00445
67,Tomato,Alluvial,Zaid,Sprinkler,71,59,69,6.11,25.22,78.06,387.06,40.9,1.48,16364398.36,418.39,50.49,0.12068
68,Rice,Alluvial,Kharif,Flood,138,61,43,5.63,31.54,92.03,878.11,66.06,4.79,14679740.38,1332.39,4.63,0.00347
69,Rice,Clay,Kharif,Drip,138,43,58,6.14,25.11,76.31,894.77,82.94,986.11,14212299685.17,1761.27,3.44,0.00195
70,Millet,Red,Kharif,Rainfed,38,48,34,6.61,26.07,59.6,335.03,33.56,8.55,99941957.57,325.15,2.02,0.00621
71,Wheat,Clay,Rabi,Sprinkler,111,43,64,7.14,21.59,46.2,238.31,33.62,2.79,13234786.02,676.94,3.83,0.00566
72,Tomato,Loamy,Kharif,Drip,53,53,49,6.57,28.22,76.24,335.73,50.93,1.78,24207751.44,631.47,62.7,0.09929
73,Wheat,Loamy,Rabi,Drip,91,40,50,6.79,18.05,53.04,76.35,33.77,9.54,89964173.83,490.63,3.49,0.00711
74,Maize,Red,Kharif,Furrow,85,61,31,5.97,31.0,59.65,604.06,53.95,9.89,116407108.97,810.16,5.07,0.00626
75,Groundnut,Laterite,Kharif,Rainfed,63,30,68,6.08,22.5,58.56,628.06,48.68,29.08,231909220.66,609.3,2.54,0.00417
76,Sugarcane,Black,Zaid,Furrow,90,65,110,6.51,22.87,78.75,816.13,64.57,387.24,3200051791.66,2076.34,70.83,0.03411
77,Millet,Red,Zaid,Rainfed,70,36,23,7.4,28.77,36.2,353.43,41.15,8.95,133333488.28,414.22,2.61,0.0063
78,Sugarcane,Loamy,Zaid,Furrow,136,47,68,7.71,27.13,87.16,1062.83,76.85,477.37,3236344434.81,2022.03,84.21,0.04165
79,Groundnut,Sandy,Rabi,Sprinkler,46,40,41,5.66,28.67,66.39,582.02,30.59,7.83,43718841.92,615.52,2.68,0.00435
80,Maize,Red,Rabi,Furrow,77,61,41,5.99,23.4,70.24,755.16,46.08,649.05,6697207471.81,543.44,4.24,0.0078
81,Cotton,Loamy,Kharif,Furrow,100,65,56,7.31,21.33,57.0,937.55,53.31,868.59,8083841206.61,774.98,2.19,0.00283
82,Millet,Red,Kharif,Drip,57,37,57,5.99,35.04,62.34,403.0,44.46,78.63,645210450.68,339.3,1.91,0.00563
83,Groundnut,Red,Rabi,Drip,54,47,43,5.94,27.86,60.25,426.6,54.48,3.49,45333959.91,612.31,1.81,0.00296
84,Maize,Loamy,Kharif,Furrow,112,57,54,6.35,31.98,55.78,376.98,52.68,982.74,4152046002.48,582.28,5.35,0.00919
85,Maize,Alluvial,Rabi,Drip,86,47,66,6.73,21.34,74.98,388.18,52.7,6.6,98952307.51,713.21,4.78,0.0067
86,Groundnut,Loamy,Kharif,Rainfed,29,28,61,7.16,25.18,61.53,498.67,31.54,7.92,101101847.87,597.7,2.23,0.00373
87,Millet,Loamy,Kharif,Rainfed,49,23,54,7.1,30.4,61.26,193.17,41.98,0.86,2155576.5,242.32,2.35,0.0097
88,Maize,Loamy,Kharif,Rainfed,121,57,34,6.71,29.88,55.04,373.43,65.82,8.23,61157286.16,578.69,5.43,0.00938
89,Groundnut,Loamy,Kharif,Drip,36,36,64,6.36,29.5,61.62,478.77,36.58,1.04,4879504.65,459.35,2.97,0.00647
90,Sugarcane,Black,Zaid,Drip,94,58,92,6.25,31.15,78.46,1053.63,86.25,27.31,292242220.48,1778.44,77.38,0.04351
91,Wheat,Alluvial,Rabi,Furrow,104,30,53,6.83,22.43,61.32,55.32,31.48,2.75,32928167.21,548.44,4.98,0.00908
92,Wheat,Alluvial,Rabi,Sprinkler,94,35,45,6.41,17.83,49.44,162.82,50.3,2.28,24119286.75,648.88,3.56,0.00549
93,Sugarcane,Clay,Kharif,Flood,153,44,78,6.86,35.1,66.78,893.66,77.57,1.17,9107485.25,1944.77,56.89,0.02925
94,Cotton,Alluvial,Kharif,Sprinkler,55,30,63,6.5,26.05,46.66,678.68,42.94,8.91,33393683.99,1118.28,1.78,0.00159
95,Groundnut,Loamy,Kharif,Rainfed,27,29,51,5.71,30.52,68.86,636.93,45.78,4.13,59298823.87,486.01,2.19,0.00451
96,Tomato,Laterite,Zaid,Furrow,99,72,48,6.97,23.98,64.81,588.35,46.42,3.35,12699995.69,448.62,65.86,0.14681
97,Groundnut,Red,Rabi,Drip,26,46,56,6.19,26.32,65.83,674.37,57.98,4.62,38219984.39,528.54,2.52,0.00477
98,Wheat,Alluvial,Rabi,Flood,93,43,43,6.52,15.68,42.84,83.21,51.69,5.71,32648521.11,624.53,5.45,0.00873
99,Tomato,Laterite,Zaid,Furrow,106,42,70,6.5,18.63,78.37,356.99,62.72,6.87,19453473.05,469.68,61.79,0.13156
100,Rice,Loamy,Kharif,Drip,89,65,43,6.11,24.05,89.67,930.72,86.36,2.85,34731094.06,1172.88,4.66,0.00397
101,Wheat,Alluvial,Rabi,Furrow,73,49,39,7.45,22.83,45.63,168.85,56.34,8.15,77872504.31,606.89,5.72,0.00943
102,Wheat,Clay,Rabi,Sprinkler,104,51,67,6.55,16.26,43.55,208.95,55.13,8.77,78980147.27,474.06,4.34,0.00915
103,Wheat,Loamy,Rabi,Drip,86,54,53,7.0,15.65,58.56,58.02,43.85,1.57,10678768.66,468.19,2.99,0.00639
104,Groundnut,Red,Rabi,Drip,48,59,39,6.88,31.74,52.02,578.08,56.14,4.42,40586691.51,453.67,3.22,0.0071
105,Millet,Loamy,Zaid,Drip,88,38,21,6.91,28.32,61.6,163.53,43.4,8.38,76980581.52,253.98,3.26,0.01284
106,Rice,Loamy,Kharif,Furrow,133,55,60,6.08,24.63,94.22,910.65,65.68,184.86,2097800278.99,1529.35,5.57,0.00364
107,Wheat,Alluvial,Rabi,Drip,67,65,55,7.42,11.9,63.87,159.14,46.3,734.35,6025377163.13,485.62,3.87,0.00797
108,Tomato,Red,Kharif,Sprinkler,67,49,49,5.63,18.93,73.4,378.43,62.92,1.74,25572258.53,405.03,41.06,0.10138
109,Millet,Sandy,Kharif,Rainfed,61,38,63,7.45,27.6,31.72,196.08,21.58,583.5,2931119266.43,391.74,3.18,0.00812
110,Groundnut,Laterite,Rabi,Rainfed,64,47,59,7.11,25.48,52.26,429.08,43.14,7.75,37084599.64,552.76,2.2,0.00398
111,Maize,Red,Kharif,Rainfed,109,36,57,6.41,22.74,71.66,384.44,68.1,5.29,42099637.73,605.21,6.31,0.01043
112,Rice,Loamy,Kharif,Furrow,86,52,53,6.05,24.67,84.82,827.97,79.13,522.1,4408881106.81,1627.58,3.16,0.00194
113,Rice,Loamy,Kharif,Flood,128,64,60,6.52,28.28,85.95,1456.23,78.93,6.78,48384819.25,1730.36,4.24,0.00245
114,Wheat,Clay,Rabi,Flood,98,59,45,7.1,16.9,46.46,199.04,33.93,7.52,44423130.76,651.26,3.23,0.00496
115,Maize,Loamy,Kharif,Furrow,76,64,62,6.08,23.5,65.88,741.41,62.82,3.71,16111878.59,621.38,4.17,0.00671
116,Maize,Alluvial,Rabi,Drip,88,43,35,6.57,28.46,52.1,540.56,63.47,8.24,57763487.83,626.03,4.56,0.00728
117,Sugarcane,Clay,Kharif,Furrow,106,61,70,6.43,32.52,74.42,945.52,63.93,3.82,45990674.64,1857.76,95.03,0.05115
118,Wheat,Clay,Rabi,Drip,90,52,56,7.3,24.98,58.41,227.96,57.26,1.0,8465007.92,486.11,3.81,0.00784
119,Millet,Sandy,Zaid,Drip,54,31,46,6.6,34.2,33.8,217.55,39.83,90.09,677546207.6,348.19,1.94,0.00557
120,Tomato,Laterite,Kharif,Drip,100,59,72,6.02,24.68,58.89,267.92,40.86,462.59,5096177509.64,632.09,39.88,0.06309
121,Cotton,Loamy,Kharif,Drip,62,34,71,6.38,33.79,49.2,838.85,59.43,9.65,75988569.14,905.34,2.32,0.00256
122,Cotton,Loamy,Kharif,Furrow,67,56,69,7.5,26.3,70.05,606.54,35.13,134.78,1211191443.93,727.87,3.2,0.0044
123,Sugarcane,Clay,Kharif,Drip,96,46,74,7.34,27.2,70.67,875.95,72.3,6.97,53306859.74,2545.19,70.58,0.02773
124,Sugarcane,Loamy,Kharif,Flood,107,82,54,7.31,32.56,67.93,1121.41,66.02,3.04,42088985.87,2532.72,104.68,0.04133
125,Cotton,Loamy,Kharif,Sprinkler,68,49,43,6.36,22.89,73.31,701.02,41.74,0.54,5664939.8,666.98,3.15,0.00472
126,Maize,Alluvial,Kharif,Drip,82,44,67,6.99,30.18,56.83,325.27,66.02,21.55,306686524.26,801.08,5.13,0.0064
127,Groundnut,Laterite,Kharif,Sprinkler,69,40,32,6.4,29.45,70.51,612.27,38.64,5.13,50187068.9,520.71,2.18,0.00419
128,Sugarcane,Clay,Zaid,Furrow,145,84,105,6.44,32.31,85.34,1170.78,65.66,92.61,639067661.77,2516.53,97.76,0.03885
129,Tomato,Laterite,Zaid,Sprinkler,90,54,43,5.64,22.95,76.27,313.62,58.63,895.18,10856218392.21,442.56,47.54,0.10742
130,Maize,Alluvial,Kharif,Sprinkler,106,40,56,6.96,20.29,56.6,655.96,56.91,8.68,64713331.54,495.76,6.16,0.01243
131,Rice,Alluvial,Kharif,Furrow,132,36,47,5.83,32.67,88.65,1485.71,66.48,32.11,91185228.83,1356.24,5.32,0.00392
132,Groundnut,Loamy,Kharif,Sprinkler,45,50,34,6.76,27.32,61.9,507.34,49.21,83.06,808391102.42,490.72,1.9,0.00387
133,Wheat,Loamy,Rabi,Sprinkler,119,36,67,7.38,14.98,45.07,92.35,32.7,9.9,41152082.52,473.83,5.42,0.01144
134,Cotton,Loamy,Kharif,Furrow,91,28,69,7.19,33.35,64.15,761.06,56.38,4.78,59545160.86,801.25,2.15,0.00268
135,Millet,Loamy,Zaid,Rainfed,39,42,31,7.18,28.63,54.01,406.92,21.94,6.95,43004793.76,408.21,2.47,0.00605
136,Wheat,Clay,Rabi,Furrow,75,40,43,6.93,19.16,58.71,77.02,50.81,0.93,7080033.41,540.11,2.96,0.00548
137,Cotton,Loamy,Kharif,Sprinkler,120,34,46,7.43,24.32,69.89,772.9,57.81,6.27,54220811.07,970.91,2.79,0.00287
138,Millet,Loamy,Zaid,Sprinkler,69,36,65,5.64,30.67,46.86,426.51,32.34,505.52,2634492980.01,287.68,1.82,0.00633
139,Groundnut,Sandy,Rabi,Rainfed,25,48,49,6.81,29.33,50.8,549.49,34.63,3.4,26020990.35,608.84,2.86,0.0047
140,Maize,Red,Rabi,Sprinkler,79,38,40,6.5,29.07,75.49,799.41,46.72,2.78,41474907.68,664.2,5.71,0.0086
141,Rice,Clay,Kharif,Flood,112,47,58,6.62,33.33,75.1,1128.54,84.99,9.86,136327664.43,1950.36,6.31,0.00324
142,Tomato,Alluvial,Kharif,Furrow,66,36,56,6.32,24.73,65.17,454.67,47.25,1.45,19040690.93,450.72,52.98,0.11755
143,Wheat,Alluvial,Rabi,Drip,63,38,34,6.83,10.32,49.49,85.4,49.68,0.74,2050941.97,533.15,4.59,0.00861
144,Wheat,Clay,Rabi,Sprinkler,66,35,51,6.67,16.64,42.15,210.55,56.79,9.06,39641982.24,590.09,3.37,0.00571
145,Rice,Alluvial,Kharif,Drip,129,58,40,6.28,33.53,82.35,900.27,74.32,0.65,7405200.95,1489.11,3.26,0.00219
146,Wheat,Clay,Rabi,Drip,79,45,52,6.92,21.65,64.32,192.34,33.08,2.61,13819634.22,459.98,4.11,0.00894
147,Millet,Sandy,Kharif,Drip,39,29,23,7.15,35.18,37.05,428.87,20.45,110.85,1621460553.99,446.25,2.7,0.00605
148,Maize,Alluvial,Rabi,Furrow,129,36,52,5.91,30.2,68.41,607.37,52.52,16.75,219629857.24,742.91,5.16,0.00695
149,Maize,Black,Rabi,Sprinkler,114,48,52,7.16,28.8,61.07,387.4,46.59,760.73,10075499262.82,594.64,4.57,0.00769
150,Maize,Alluvial,Kharif,Sprinkler,121,58,39,6.67,31.12,57.74,646.46,69.62,3.53,29797860.39,572.33,5.73,0.01001
151,Rice,Loamy,Kharif,Flood,88,45,53,6.6,29.2,91.07,1046.39,88.59,8.87,37879220.57,1433.14,4.53,0.00316
152,Cotton,Black,Kharif,Drip,63,53,36,6.43,22.96,58.23,707.18,50.66,6.22,66191296.15,805.63,1.75,0.00217
153,Wheat,Loamy,Rabi,Sprinkler,85,30,48,6.68,15.91,64.31,125.57,45.91,5.25,40771508.38,484.91,3.14,0.00648
154,Groundnut,Laterite,Rabi,Drip,29,53,68,5.54,28.01,69.1,449.68,53.63,982.9,7923866566.42,402.01,2.62,0.00652
155,Groundnut,Sandy,Kharif,Sprinkler,31,53,45,7.18,22.16,61.31,644.93,39.72,1.48,21190206.59,391.4,1.78,0.00455
156,Tomato,Loamy,Kharif,Sprinkler,98,55,42,6.14,29.16,65.07,588.45,42.77,50.34,664157872.43,498.8,41.67,0.08354
157,Wheat,Alluvial,Rabi,Furrow,92,62,70,6.28,14.52,40.93,128.37,36.01,6.81,47262918.13,520.08,3.93,0.00756
158,Wheat,Clay,Rabi,Flood,103,46,49,6.54,22.79,57.16,92.77,57.0,5.05,27678194.26,499.8,4.85,0.0097
159,Wheat,Clay,Rabi,Flood,67,40,63,7.41,19.1,61.31,192.72,59.78,5.29,24989463.29,549.78,4.87,0.00886
160,Wheat,Alluvial,Rabi,Sprinkler,60,32,68,6.4,10.59,43.25,98.05,38.22,2.09,15287507.14,513.02,3.42,0.00667
161,Wheat,Loamy,Rabi,Furrow,80,41,33,6.04,13.03,62.7,248.16,57.86,3.28,39555024.21,549.06,4.94,0.009
162,Millet,Loamy,Zaid,Sprinkler,84,21,39,7.03,33.87,40.8,428.77,22.36,6.63,80404243.44,275.83,2.92,0.01059
163,Sugarcane,Black,Kharif,Flood,147,67,81,6.18,25.86,77.43,738.21,73.45,4.37,25692375.52,2320.33,84.53,0.03643
164,Tomato,Laterite,Zaid,Sprinkler,75,66,56,6.25,23.01,57.72,401.07,39.55,8.27,120925136.96,475.56,72.15,0.15172
165,Groundnut,Laterite,Kharif,Sprinkler,47,59,56,5.74,27.26,54.25,636.38,47.52,203.67,2344854122.11,564.97,1.74,0.00308
166,Wheat,Clay,Rabi,Drip,96,36,63,6.1,17.68,47.76,182.58,33.56,26.74,263266990.28,534.4,5.42,0.01014
167,Millet,Loamy,Zaid,Drip,57,31,27,5.71,36.0,45.94,411.76,32.06,9.31,59900242.95,471.93,1.9,0.00403
168,Rice,Loamy,Kharif,Furrow,121,51,61,5.75,32.98,76.33,1305.27,62.01,3.52,12936932.9,1718.52,5.86,0.00341
169,Rice,Alluvial,Kharif,Drip,134,61,49,5.68,27.2,79.21,1137.17,68.91,2.69,13347764.62,1424.18,4.81,0.00338
170,Rice,Loamy,Kharif,Flood,98,57,46,5.95,29.34,89.3,978.87,77.63,9.12,29493929.71,1626.05,5.15,0.00317
171,Tomato,Laterite,Rabi,Sprinkler,110,63,67,6.19,19.11,66.86,250.63,57.55,88.24,896120580.17,519.36,57.37,0.11046
172,Groundnut,Red,Kharif,Sprinkler,63,43,69,5.56,27.56,55.41,651.12,49.45,7.1,26055486.4,470.11,3.21,0.00683
173,Maize,Loamy,Rabi,Sprinkler,113,57,33,6.21,31.66,71.25,605.26,49.23,7.34,18795660.74,531.76,5.79,0.01089
174,Tomato,Alluvial,Zaid,Drip,107,47,78,6.21,23.83,63.08,329.86,50.65,99.55,727565496.29,422.86,42.02,0.09937
175,Groundnut,Red,Rabi,Sprinkler,60,37,36,5.8,29.64,62.41,671.74,30.98,0.99,14677118.07,480.64,1.73,0.0036
176,Rice,Alluvial,Kharif,Furrow,92,39,55,6.15,29.8,79.42,1426.76,64.16,8.71,83588302.1,1457.29,3.28,0.00225
177,Wheat,Alluvial,Rabi,Drip,70,55,32,7.09,14.32,61.71,63.28,55.88,0.43,5663262.18,428.18,3.32,0.00775
178,Millet,Red,Zaid,Drip,63,42,39,7.09,30.38,47.52,446.73,23.75,8.89,98369474.58,382.45,2.04,0.00533
179,Rice,Loamy,Kharif,Drip,130,50,37,6.18,28.62,78.17,905.48,67.53,8.75,36507890.3,1587.95,5.61,0.00353
180,Wheat,Loamy,Rabi,Flood,118,60,34,6.23,10.13,41.42,202.45,59.62,16.47,196831998.77,556.75,3.51,0.0063
181,Rice,Loamy,Kharif,Furrow,114,35,46,6.79,26.58,74.74,723.93,76.66,77.78,977862505.96,1752.46,3.63,0.00207
182,Groundnut,Red,Kharif,Drip,49,45,64,6.06,31.32,67.05,691.11,42.51,1.25,11369318.13,472.53,1.51,0.0032
183,Sugarcane,Loamy,Kharif,Flood,156,75,57,6.36,32.71,67.91,1510.25,81.77,7.62,87472891.14,2572.59,71.97,0.02798
184,Cotton,Alluvial,Kharif,Furrow,83,38,77,7.91,29.23,64.93,718.56,57.68,2.18,18567479.58,906.72,3.02,0.00333
185,Tomato,Red,Rabi,Furrow,53,37,64,6.37,25.02,69.72,488.09,54.25,5.47,20594096.45,545.28,43.45,0.07968
186,Sugarcane,Black,Zaid,Furrow,127,84,103,7.22,23.27,82.77,899.56,82.02,3.52,46820767.57,1785.47,78.63,0.04404
187,Groundnut,Red,Kharif,Drip,42,43,42,5.59,23.43,54.83,480.68,58.32,1.24,15743824.85,482.4,2.13,0.00442
188,Sugarcane,Black,Zaid,Drip,144,76,98,6.2,30.52,93.77,1061.92,61.53,5.61,71488984.23,1625.11,89.16,0.05486
189,Tomato,Alluvial,Zaid,Furrow,62,36,71,6.93,27.95,58.32,221.33,63.21,6.49,50278465.41,557.31,32.94,0.05911
190,Wheat,Clay,Rabi,Sprinkler,65,55,39,7.25,12.19,46.8,159.72,36.45,3.81,52968779.34,562.16,3.13,0.00557
191,Tomato,Alluvial,Rabi,Drip,105,37,86,6.74,25.58,68.6,455.69,55.71,7.86,20868026.27,494.8,55.95,0.11308
192,Tomato,Red,Zaid,Drip,69,55,40,6.01,21.0,65.83,350.11,64.1,3.08,26922289.89,514.31,60.38,0.1174
193,Sugarcane,Black,Zaid,Furrow,157,54,67,7.25,22.35,72.87,1117.35,60.93,56.49,420896575.56,2011.06,62.67,0.03116
194,Cotton,Loamy,Kharif,Furrow,101,29,53,7.99,21.22,61.73,875.5,59.8,7.03,28321193.08,949.65,3.13,0.0033
195,Groundnut,Laterite,Kharif,Sprinkler,42,25,43,5.63,23.95,50.1,505.84,40.03,4.14,56569493.34,606.95,2.52,0.00415
196,Sugarcane,Clay,Kharif,Drip,98,77,68,7.64,23.24,77.21,1548.25,88.52,7.58,32608889.86,1447.08,69.79,0.04823
197,Cotton,Loamy,Kharif,Drip,107,34,70,6.57,33.41,69.58,746.42,58.19,2.14,27367058.74,1062.13,3.53,0.00332
198,Wheat,Alluvial,Rabi,Flood,81,61,67,6.34,23.98,57.14,134.5,46.81,2.56,22290076.71,497.77,5.33,0.01071
199,Wheat,Clay,Rabi,Furrow,93,52,58,6.64,16.97,46.28,214.59,35.95,61.74,378968109.5,645.77,5.79,0.00897
200,Cotton,Alluvial,Kharif,Furrow,74,54,77,7.26,32.85,74.79,710.08,59.42,9.28,88794046.29,844.26,1.8,0.00213
201,Cotton,Alluvial,Kharif,Furrow,104,34,46,6.67,26.52,52.38,745.81,59.17,5.83,59340789.85,904.95,2.78,0.00307
202,Tomato,Red,Rabi,Sprinkler,67,51,65,6.37,24.01,64.16,527.13,57.37,86.83,849503976.9,440.27,44.63,0.10137
203,Sugarcane,Loamy,Zaid,Flood,142,56,64,7.21,25.57,80.33,1553.78,71.44,24.93,72343555.25,2220.35,65.13,0.02933
204,Tomato,Alluvial,Zaid,Furrow,107,70,83,6.3,22.65,74.37,483.82,49.05,1.87,27395367.76,525.35,43.45,0.08271
205,Wheat,Clay,Rabi,Furrow,75,59,35,7.29,13.4,55.1,248.17,30.36,8.11,61873355.26,495.16,3.05,0.00616
206,Wheat,Loamy,Rabi,Furrow,105,60,62,6.2,15.9,66.79,50.54,38.96,2.87,13687141.5,499.65,4.37,0.00875
207,Wheat,Clay,Rabi,Drip,103,33,53,6.14,22.67,45.25,202.96,40.82,2.03,5910751.37,610.27,3.27,0.00536
208,Rice,Loamy,Kharif,Drip,124,54,65,5.61,32.82,89.94,1469.68,80.95,6.6,24793065.12,1766.6,3.7,0.00209
209,Rice,Clay,Kharif,Drip,84,56,69,6.08,30.75,91.03,1591.0,64.85,14.4,99850557.82,1616.68,4.73,0.00293
210,Groundnut,Red,Kharif,Rainfed,48,28,41,5.73,23.17,52.58,573.23,40.54,5.48,40100874.85,636.05,2.76,0.00434
211,Cotton,Alluvial,Kharif,Furrow,100,28,53,7.97,32.85,62.39,813.38,45.6,99.84,326107474.09,938.47,2.77,0.00295
212,Cotton,Black,Kharif,Drip,93,29,44,6.52,31.23,50.51,582.88,36.35,0.59,5595222.94,772.64,1.99,0.00258
213,Sugarcane,Clay,Zaid,Drip,144,67,65,7.66,26.03,85.37,748.65,88.68,51.87,656490282.11,1612.51,78.84,0.04889
214,Maize,Black,Kharif,Furrow,83,60,48,6.45,29.92,70.52,621.58,59.49,7.91,63105817.56,642.14,4.42,0.00688
215,Wheat,Clay,Rabi,Flood,106,37,45,6.35,10.96,63.03,125.29,41.41,38.88,553818792.62,530.24,4.58,0.00864
216,Millet,Loamy,Kharif,Sprinkler,88,30,29,6.42,29.56,48.38,245.32,22.61,4.22,59645014.81,355.72,1.69,0.00475
217,Sugarcane,Loamy,Kharif,Flood,134,80,77,6.04,25.49,68.55,895.11,68.24,1.79,16773942.31,1617.68,66.45,0.04108
218,Groundnut,Sandy,Rabi,Rainfed,46,44,45,5.54,31.41,52.71,394.4,34.4,6.18,22281894.93,712.55,2.9,0.00407
219,Millet,Red,Kharif,Drip,42,46,48,6.34,29.22,62.59,194.77,44.93,151.84,1457306009.4,395.11,2.93,0.00742
220,Cotton,Loamy,Kharif,Sprinkler,111,31,56,7.28,27.39,49.65,622.06,60.63,99.95,451081449.97,734.23,3.03,0.00413
221,Rice,Loamy,Kharif,Furrow,116,37,41,6.39,29.88,79.13,1297.28,77.83,8.84,74232961.57,1643.96,4.43,0.00269
222,Maize,Loamy,Rabi,Sprinkler,113,33,67,5.82,31.84,56.67,707.44,45.06,3.38,48912546.49,822.13,5.67,0.0069
223,Tomato,Alluvial,Rabi,Drip,59,38,79,5.72,28.96,65.54,334.55,39.71,817.54,3073557174.72,678.95,55.0,0.08101
224,Maize,Alluvial,Kharif,Furrow,76,39,68,6.25,23.4,67.22,391.66,54.07,9.32,118775008.72,624.15,5.43,0.0087
225,Cotton,Black,Kharif,Drip,100,33,66,7.73,29.59,53.35,549.75,53.19,0.79,3558338.98,967.68,2.65,0.00274
226,Groundnut,Sandy,Kharif,Rainfed,61,58,67,6.03,27.49,64.08,515.51,49.65,8.33,46320500.55,547.42,3.26,0.00596
227,Tomato,Laterite,Rabi,Furrow,54,38,60,6.38,19.33,52.39,500.33,43.79,72.84,827593984.57,472.94,65.8,0.13913
228,Maize,Loamy,Kharif,Sprinkler,75,50,43,6.13,24.72,72.27,537.12,57.12,8.62,62278279.54,645.52,6.79,0.01052
229,Maize,Black,Kharif,Drip,93,32,45,6.12,31.82,71.18,608.89,40.15,3.92,47271486.74,807.55,4.89,0.00606
230,Millet,Red,Kharif,Drip,75,22,64,6.42,32.07,62.15,224.6,42.16,65.31,667261738.7,330.11,1.92,0.00582
231,Cotton,Black,Kharif,Drip,109,33,55,7.12,27.19,52.33,941.4,46.22,1.98,16049341.99,1021.07,1.53,0.0015
232,Millet,Loamy,Kharif,Sprinkler,62,49,23,6.95,34.56,61.74,251.25,35.27,2.38,25564597.33,266.65,3.04,0.0114
233,Sugarcane,Loamy,Zaid,Flood,144,64,69,6.37,28.35,81.4,1527.18,86.24,518.95,1839431457.29,1524.57,68.9,0.04519
234,Sugarcane,Loamy,Kharif,Drip,133,51,59,7.72,24.74,93.78,1384.75,79.23,6.53,92865205.93,1484.26,65.6,0.0442
235,Cotton,Alluvial,Kharif,Drip,68,40,66,7.24,27.32,63.97,579.75,55.2,1.79,11886742.47,809.62,2.46,0.00304
236,Rice,Clay,Kharif,Drip,91,59,41,6.2,25.29,87.22,1543.95,72.8,0.62,7447917.19,1521.59,5.02,0.0033
237,Groundnut,Red,Rabi,Drip,27,27,65,6.14,25.03,54.33,698.61,31.91,74.05,355247534.66,625.19,1.33,0.00213
238,Cotton,Loamy,Kharif,Sprinkler,61,49,45,6.07,23.61,54.95,535.12,36.71,9.83,42093446.32,1055.96,2.61,0.00247
239,Tomato,Alluvial,Zaid,Furrow,54,59,43,5.64,20.26,52.3,441.65,64.6,98.61,296053810.96,580.11,68.79,0.11858
240,Cotton,Black,Kharif,Drip,75,53,30,6.92,34.12,52.72,745.76,40.21,7.32,31411843.79,1160.48,2.16,0.00186
241,Wheat,Clay,Rabi,Sprinkler,71,51,31,6.83,20.5,59.44,127.61,46.65,9.33,130939447.05,610.61,5.69,0.00932
242,Cotton,Loamy,Kharif,Furrow,96,46,77,6.72,21.05,46.88,554.74,37.86,81.16,351459499.09,919.42,2.61,0.00284
243,Wheat,Loamy,Rabi,Furrow,81,51,30,6.42,14.96,48.23,212.37,52.8,8.12,40076025.18,587.41,4.8,0.00817
244,Wheat,Clay,Rabi,Drip,89,36,48,6.17,17.77,43.0,82.85,33.98,3.68,50519520.48,546.95,4.73,0.00865
245,Cotton,Black,Kharif,Furrow,115,57,45,6.05,28.79,55.37,900.95,61.38,597.71,5147594440.96,834.75,1.64,0.00196
246,Wheat,Loamy,Rabi,Sprinkler,109,33,34,6.46,18.48,41.29,65.86,50.88,3.52,17106271.51,535.42,5.26,0.00982
247,Wheat,Clay,Rabi,Drip,118,41,35,7.44,18.92,59.25,191.99,51.12,5.43,20719359.18,512.6,5.06,0.00987
248,Millet,Sandy,Kharif,Rainfed,32,16,32,5.69,27.1,52.36,338.54,30.53,7.26,62759593.39,341.99,2.15,0.00629
249,Millet,Loamy,Kharif,Rainfed,30,49,37,6.49,30.27,30.93,432.75,27.98,746.82,2444766399.4,280.25,1.49,0.00532
250,Millet,Red,Kharif,Rainfed,66,26,23,7.37,35.31,49.11,334.99,27.3,1.04,2762053.58,327.75,2.2,0.00671
251,Cotton,Alluvial,Kharif,Furrow,106,54,37,7.13,32.86,57.2,924.39,50.19,347.47,1922699371.32,761.86,2.08,0.00273
252,Maize,Alluvial,Kharif,Drip,81,42,43,7.04,23.51,65.62,470.07,64.65,5.13,63838053.52,678.43,5.62,0.00828
253,Tomato,Red,Zaid,Sprinkler,97,48,60,5.55,19.39,51.16,331.58,49.86,6.84,44294484.58,574.61,45.15,0.07858
254,Groundnut,Loamy,Kharif,Drip,37,46,69,6.03,25.3,67.35,576.59,34.05,13.27,60242176.8,586.39,2.56,0.00437
255,Cotton,Loamy,Kharif,Sprinkler,80,50,30,7.81,27.37,73.63,643.37,60.99,2.19,20503274.57,900.35,3.65,0.00405
256,Groundnut,Laterite,Rabi,Rainfed,45,30,42,5.74,28.99,74.35,359.92,52.21,6.98,23455191.99,542.11,2.6,0.0048
257,Rice,Alluvial,Kharif,Drip,106,53,52,6.64,32.13,82.9,851.71,75.18,1.51,4801459.76,1560.28,3.97,0.00254
258,Rice,Loamy,Kharif,Flood,117,43,50,6.52,24.57,91.26,1460.77,70.27,1.71,6120938.04,1370.09,5.03,0.00367
259,Cotton,Alluvial,Kharif,Drip,99,62,51,7.04,28.81,74.54,623.95,37.28,3.36,33442055.2,658.57,2.15,0.00326
260,Groundnut,Sandy,Kharif,Sprinkler,60,31,32,6.12,30.79,58.42,587.68,52.7,72.27,181571567.21,575.37,1.48,0.00257
261,Maize,Black,Rabi,Sprinkler,130,52,62,7.11,30.83,50.61,695.92,53.53,7.56,77463029.81,833.77,4.22,0.00506
262,Rice,Alluvial,Kharif,Drip,109,46,63,6.07,28.47,83.81,1009.5,76.58,91.81,877125433.21,1736.55,5.32,0.00306
263,Millet,Loamy,Zaid,Rainfed,50,40,23,6.63,32.7,56.24,352.92,38.65,5.97,78801202.22,246.16,2.65,0.01077
264,Wheat,Alluvial,Rabi,Furrow,67,50,63,7.08,21.37,51.76,220.84,42.42,6.52,62519413.29,630.82,4.17,0.00661
265,Millet,Red,Zaid,Drip,79,37,51,6.06,35.55,54.75,446.38,44.28,1.89,22807020.34,367.4,2.42,0.00659
266,Sugarcane,Loamy,Kharif,Drip,133,79,101,6.69,29.08,77.97,797.73,64.61,0.68,5724540.92,1533.34,60.56,0.0395
267,Cotton,Alluvial,Kharif,Furrow,100,37,70,6.3,29.29,49.63,651.79,61.66,30.27,253871515.39,888.03,2.65,0.00298
268,Tomato,Red,Rabi,Drip,110,41,45,6.78,28.36,66.6,337.61,50.58,9.27,82771752.72,580.3,60.82,0.10481
269,Sugarcane,Black,Zaid,Drip,132,63,54,6.33,35.63,89.37,1474.66,74.49,7.67,48613602.44,1694.11,62.5,0.03689
270,Wheat,Clay,Rabi,Drip,79,51,45,7.23,13.85,62.36,64.74,52.97,7.28,91064880.59,582.01,3.81,0.00655
271,Rice,Clay,Kharif,Flood,109,61,63,5.88,32.04,78.2,1405.99,62.6,882.51,12700200832.03,1830.0,4.1,0.00224
272,Cotton,Black,Kharif,Drip,70,35,36,6.9,24.08,73.07,502.0,39.3,2.41,15891301.36,854.25,2.28,0.00267
273,Rice,Loamy,Kharif,Furrow,134,67,56,6.4,27.66,73.99,920.58,88.93,4.62,50152616.21,1746.34,5.18,0.00297
274,Sugarcane,Black,Kharif,Furrow,152,49,91,7.16,24.66,68.19,1568.63,77.97,8.26,103719375.15,1728.61,69.08,0.03996
275,Groundnut,Sandy,Kharif,Drip,54,34,62,6.89,23.76,51.3,614.56,40.5,8.62,44198249.39,482.45,2.03,0.00421
276,Groundnut,Sandy,Kharif,Rainfed,34,52,44,5.64,23.59,60.43,657.81,31.72,71.15,551244017.74,446.05,1.73,0.00388
277,Tomato,Red,Kharif,Furrow,70,40,89,6.36,22.32,68.32,318.5,45.38,38.98,232984572.83,522.92,34.83,0.06661
278,Rice,Loamy,Kharif,Drip,125,35,41,6.05,28.87,74.61,694.56,70.44,3.94,39413459.11,1269.7,3.39,0.00267
279,Sugarcane,Alluvial,Zaid,Flood,128,50,95,6.76,26.19,66.42,722.3,72.9,6.91,30499044.96,1614.18,63.63,0.03942
280,Maize,Black,Rabi,Rainfed,84,54,63,6.83,30.41,72.75,796.12,62.63,75.72,1073977675.18,751.03,4.33,0.00577
281,Maize,Alluvial,Kharif,Furrow,108,50,51,6.99,25.18,74.59,699.68,68.86,94.27,911503537.29,727.45,5.44,0.00748
282,Cotton,Alluvial,Kharif,Furrow,114,31,67,6.36,31.15,68.87,720.61,41.34,55.97,641569748.63,731.23,2.2,0.00301
283,Maize,Black,Rabi,Sprinkler,122,61,61,6.08,21.02,65.35,525.37,62.54,2.76,38910752.61,547.56,4.23,0.00773
284,Maize,Loamy,Kharif,Drip,130,47,43,5.92,22.98,51.75,695.01,55.38,9.41,103590429.11,812.04,5.93,0.0073
285,Cotton,Loamy,Kharif,Furrow,83,57,48,7.35,22.1,67.74,980.92,37.55,303.57,4279799018.8,810.29,2.95,0.00364
286,Sugarcane,Clay,Kharif,Furrow,127,45,106,7.26,25.1,74.74,720.96,64.61,6.56,50453075.93,2231.65,60.0,0.02689
287,Maize,Red,Rabi,Furrow,70,39,38,6.24,22.14,50.6,378.72,59.98,61.1,583559851.7,555.17,3.37,0.00607
288,Tomato,Red,Zaid,Sprinkler,93,52,55,6.14,21.36,70.57,536.38,58.06,0.5,4656143.37,546.16,41.35,0.07571
289,Maize,Black,Kharif,Drip,89,58,68,6.67,25.71,68.63,506.87,54.11,0.59,3561974.11,722.53,6.39,0.00884
290,Millet,Red,Zaid,Rainfed,82,38,43,6.72,35.55,47.79,369.7,37.64,4.36,30887498.89,323.61,2.3,0.00711
291,Millet,Loamy,Kharif,Drip,66,24,30,7.11,29.81,54.72,174.43,31.75,9.5,90701950.39,300.85,1.91,0.00635
292,Cotton,Loamy,Kharif,Furrow,61,50,64,6.62,23.85,48.35,559.94,64.97,9.54,73766395.47,713.97,2.74,0.00384
293,Millet,Loamy,Zaid,Drip,61,47,41,6.43,35.72,31.38,446.07,41.23,1.6,14317188.76,437.48,2.34,0.00535
294,Sugarcane,Alluvial,Zaid,Drip,155,83,87,6.56,27.6,69.0,873.08,64.3,3.87,48999296.19,2251.33,90.49,0.04019
295,Cotton,Alluvial,Kharif,Drip,87,47,65,6.92,27.64,70.96,693.19,46.88,5.54,43662284.98,907.18,2.2,0.00243
296,Wheat,Clay,Rabi,Sprinkler,112,61,37,7.38,13.11,56.8,157.32,54.86,578.29,5133525821.89,532.24,2.84,0.00534
297,Maize,Black,Rabi,Drip,106,47,32,6.28,27.79,64.93,346.61,42.19,6.16,83292395.59,565.42,4.0,0.00707
298,Cotton,Black,Kharif,Drip,56,60,74,6.45,26.96,73.77,972.18,56.45,9.89,37829558.14,991.03,2.21,0.00223
299,Wheat,Clay,Rabi,Sprinkler,79,49,35,7.04,14.11,50.35,68.07,44.94,1.6,6899650.66,629.6,4.24,0.00673
300,Cotton,Loamy,Kharif,Drip,63,48,33,6.25,21.77,49.18,746.74,54.55,5.9,42190782.85,777.29,1.65,0.00212
301,Millet,Loamy,Kharif,Rainfed,43,19,41,7.48,35.96,64.29,276.93,22.02,1.13,7622732.3,334.36,1.66,0.00496
302,Maize,Black,Rabi,Drip,109,55,40,6.99,22.89,66.15,392.07,54.86,6.2,28858460.06,554.19,6.18,0.01115
303,Groundnut,Laterite,Kharif,Rainfed,26,40,55,6.43,24.51,61.32,380.71,51.64,9.04,129598828.9,584.75,2.38,0.00407
304,Maize,Black,Rabi,Drip,112,53,54,7.07,26.13,60.65,620.19,56.38,3.27,23660189.52,771.63,6.74,0.00873
305,Tomato,Red,Rabi,Sprinkler,76,56,78,5.7,29.1,64.42,303.92,42.24,95.46,891556152.8,603.62,47.69,0.07901
306,Wheat,Alluvial,Rabi,Furrow,99,59,42,6.44,24.3,51.85,210.02,59.0,5.94,73443796.46,519.88,3.3,0.00635
307,Cotton,Alluvial,Kharif,Drip,102,53,71,6.2,26.5,64.41,709.83,40.24,6.56,29211781.66,892.36,2.71,0.00304
308,Rice,Clay,Kharif,Flood,90,48,47,6.45,27.1,83.5,1523.22,76.18,1.95,23517315.62,1225.53,5.2,0.00424
309,Groundnut,Sandy,Kharif,Sprinkler,45,31,36,6.05,27.91,65.54,590.36,57.16,5.69,78764905.15,474.42,1.63,0.00344
310,Tomato,Alluvial,Zaid,Sprinkler,93,37,77,6.87,24.22,59.65,531.1,58.12,5.98,38719341.72,634.41,52.77,0.08318
311,Sugarcane,Black,Zaid,Furrow,139,83,83,7.6,27.39,94.9,837.31,75.56,91.78,948564926.9,2021.81,69.01,0.03413
312,Maize,Alluvial,Kharif,Drip,101,35,50,5.83,26.04,75.68,654.64,63.87,3.95,22475939.42,608.33,3.95,0.00649
313,Groundnut,Red,Rabi,Drip,29,49,66,6.21,24.5,63.45,503.31,44.22,9.1,74042690.01,403.25,1.99,0.00493
314,Cotton,Alluvial,Kharif,Furrow,87,51,44,7.69,26.55,64.16,624.44,35.58,4.7,53276801.46,1043.37,3.66,0.00351
315,Wheat,Loamy,Rabi,Furrow,77,55,62,6.83,19.18,69.58,180.8,56.96,7.05,98594073.13,518.02,5.57,0.01075
316,Cotton,Loamy,Kharif,Sprinkler,57,62,36,5.95,27.91,47.42,861.84,51.57,5.29,71719836.43,793.17,2.0,0.00252
317,Tomato,Loamy,Rabi,Furrow,56,62,50,6.71,19.27,68.43,498.47,57.53,2.18,15169878.79,532.33,48.02,0.09021
318,Rice,Loamy,Kharif,Furrow,95,39,55,5.74,30.79,71.78,1575.89,80.54,3.48,18200892.99,1388.67,5.31,0.00382
319,Maize,Loamy,Kharif,Rainfed,113,51,66,6.58,23.07,79.29,316.38,61.97,1.88,25101638.42,549.7,4.69,0.00853
320,Cotton,Loamy,Kharif,Sprinkler,96,51,69,7.62,27.67,60.26,859.0,42.9,2.12,14316842.62,1014.71,1.96,0.00193
321,Maize,Red,Kharif,Furrow,81,46,51,6.98,20.85,50.91,532.58,68.69,35.48,392882148.69,751.53,5.34,0.00711
322,Tomato,Laterite,Kharif,Furrow,69,52,65,6.69,27.08,79.95,391.4,59.21,0.61,8057617.22,482.25,46.48,0.09638
323,Groundnut,Laterite,Rabi,Rainfed,57,59,30,6.1,28.16,53.24,663.81,34.69,644.27,2136377048.22,446.44,1.65,0.0037
324,Maize,Red,Rabi,Sprinkler,116,51,51,6.36,25.34,67.68,566.52,60.64,99.76,264632682.26,592.19,4.53,0.00765
325,Millet,Loamy,Zaid,Rainfed,63,21,35,7.38,31.9,48.21,389.41,26.46,9.36,123275200.48,412.97,2.2,0.00533
326,Rice,Loamy,Kharif,Flood,115,64,67,6.3,24.59,75.04,1150.96,61.76,92.83,1322502882.8,1241.36,3.89,0.00313
327,Cotton,Alluvial,Kharif,Sprinkler,112,44,31,5.95,21.26,45.75,755.64,59.35,5.77,67091665.65,786.07,3.51,0.00447
328,Maize,Red,Rabi,Drip,130,57,48,6.53,29.99,55.49,334.17,59.68,72.24,464039650.65,860.64,4.53,0.00526
329,Cotton,Loamy,Kharif,Furrow,102,54,42,6.99,30.23,74.36,872.35,38.54,1.64,9922119.23,833.48,1.8,0.00216
330,Millet,Sandy,Kharif,Drip,61,18,27,6.68,26.87,55.33,208.57,42.41,2.41,31390838.53,315.84,2.95,0.00934
331,Groundnut,Sandy,Kharif,Drip,48,35,53,6.72,27.82,55.03,616.1,45.57,4.5,53804017.56,466.09,1.8,0.00386
332,Sugarcane,Alluvial,Zaid,Furrow,145,71,98,7.34,22.27,73.19,1121.5,77.87,24.71,77923606.09,1783.87,94.79,0.05314
333,Millet,Sandy,Kharif,Rainfed,43,20,48,7.05,30.88,30.49,150.67,32.77,6.21,61495079.99,322.18,2.06,0.00639
334,Groundnut,Sandy,Kharif,Rainfed,33,45,36,5.9,22.3,57.7,665.68,54.94,8.32,51624298.83,444.2,1.74,0.00392
335,Groundnut,Red,Kharif,Drip,46,26,42,6.99,31.12,52.74,510.32,41.44,0.4,5868320.37,670.54,2.5,0.00373
336,Tomato,Alluvial,Zaid,Sprinkler,90,48,66,6.0,19.79,67.52,217.98,59.74,9.7,42596073.35,415.72,34.38,0.0827
337,Millet,Loamy,Zaid,Sprinkler,52,38,65,5.97,34.96,39.75,344.37,21.01,5.46,70194916.72,325.02,3.53,0.01086
338,Millet,Sandy,Kharif,Drip,58,46,49,7.08,27.66,60.26,234.06,39.4,5.34,79841494.45,378.97,1.79,0.00472
339,Wheat,Clay,Rabi,Furrow,60,39,30,6.72,17.41,65.69,204.11,30.57,4.71,35176286.68,450.17,3.94,0.00875
340,Millet,Loamy,Zaid,Rainfed,82,21,37,6.14,31.48,48.05,413.23,23.05,4.43,53336484.69,312.5,1.98,0.00634
341,Cotton,Alluvial,Kharif,Sprinkler,56,47,51,7.5,32.91,67.0,778.94,56.73,5.6,36198446.33,1032.36,2.9,0.00281
342,Sugarcane,Black,Kharif,Flood,124,63,80,6.16,31.33,90.97,827.29,70.98,544.12,3229876436.67,1805.62,89.32,0.04947
343,Rice,Alluvial,Kharif,Furrow,92,44,39,5.87,24.7,87.08,601.63,80.27,79.28,222463090.49,1512.7,4.62,0.00305
344,Wheat,Loamy,Rabi,Sprinkler,99,65,70,6.41,22.2,44.81,182.12,52.65,5.84,78573160.87,565.51,3.17,0.00561
345,Rice,Alluvial,Kharif,Drip,122,48,50,5.75,32.21,71.98,1089.23,62.26,86.49,942757997.77,1951.75,6.47,0.00331
346,Cotton,Alluvial,Kharif,Drip,55,45,51,7.22,33.37,52.06,748.37,56.89,9.78,46676939.12,964.85,2.25,0.00233
347,Maize,Alluvial,Rabi,Rainfed,70,44,48,7.09,31.84,69.55,649.96,49.65,1.24,16494149.49,829.46,4.27,0.00515
348,Rice,Loamy,Kharif,Furrow,121,60,51,5.92,26.87,73.4,1149.32,73.4,9.4,129203077.24,1614.72,4.22,0.00261
349,Cotton,Loamy,Kharif,Drip,94,36,73,6.53,23.73,52.95,636.47,48.42,6.56,44309829.81,709.68,2.87,0.00404
350,Maize,Alluvial,Rabi,Furrow,80,65,39,6.08,20.01,64.21,319.48,48.19,3.24,42298748.64,595.7,5.09,0.00854
351,Tomato,Loamy,Zaid,Drip,77,40,74,6.13,28.44,76.46,242.95,52.23,9.18,32483748.4,511.63,50.83,0.09935
352,Rice,Alluvial,Kharif,Flood,104,58,64,5.94,32.75,76.84,757.52,69.19,6.67,25960054.61,1379.59,3.24,0.00235
353,Cotton,Black,Kharif,Furrow,55,57,74,7.88,21.65,67.8,868.58,64.91,4.64,53858431.27,922.52,2.32,0.00251
354,Cotton,Black,Kharif,Furrow,67,42,67,7.68,26.6,65.06,700.11,49.35,97.98,664200303.9,840.79,2.52,0.003
355,Wheat,Clay,Rabi,Sprinkler,68,60,42,6.13,16.42,45.02,119.28,53.81,9.03,44449341.17,584.2,4.05,0.00693
356,Millet,Loamy,Kharif,Drip,66,17,43,5.8,29.91,49.01,230.2,35.31,33.34,254229883.19,365.61,2.15,0.00588
357,Wheat,Clay,Rabi,Flood,84,62,35,6.36,23.64,62.38,186.36,31.49,2.25,27538270.74,513.34,3.43,0.00668
358,Maize,Loamy,Kharif,Furrow,103,32,39,6.42,27.41,76.07,355.4,45.9,4.93,45903948.17,747.37,4.67,0.00625
359,Cotton,Black,Kharif,Furrow,120,41,33,7.85,28.02,60.11,960.98,50.22,6.66,34494257.63,927.57,2.91,0.00314
360,Rice,Loamy,Kharif,Flood,119,44,49,5.51,28.47,70.15,675.0,72.92,6.62,99105421.16,1461.89,5.56,0.0038
361,Maize,Black,Kharif,Rainfed,105,44,69,7.02,23.83,72.49,368.42,60.54,9.56,45583807.41,556.99,3.99,0.00716
362,Rice,Alluvial,Kharif,Furrow,107,52,59,6.49,28.37,75.22,646.06,73.88,46.77,371965622.31,1601.72,4.65,0.0029
363,Sugarcane,Alluvial,Zaid,Furrow,102,63,62,6.91,35.17,77.84,714.32,67.09,5.61,33284701.0,2402.43,70.94,0.02953
364,Millet,Sandy,Zaid,Rainfed,72,50,38,6.3,26.97,44.49,386.04,42.72,7.45,95597269.6,307.8,1.7,0.00552
365,Wheat,Loamy,Rabi,Flood,84,30,63,6.23,23.18,52.75,104.99,42.87,1.55,6521710.3,627.33,4.95,0.00789
366,Millet,Loamy,Zaid,Sprinkler,32,22,37,7.11,26.38,33.04,434.87,31.58,2.93,39782745.73,359.11,1.67,0.00465
367,Tomato,Red,Zaid,Sprinkler,97,70,73,5.67,21.52,57.14,377.01,54.06,5.93,55921352.66,534.88,43.52,0.08136
368,Maize,Black,Rabi,Rainfed,105,54,43,6.31,21.8,67.91,601.33,50.21,19.81,147048331.5,662.49,6.85,0.01034
369,Wheat,Alluvial,Rabi,Furrow,73,65,41,6.66,14.03,60.76,146.18,36.63,81.32,496552731.09,511.04,3.38,0.00661
370,Tomato,Laterite,Rabi,Drip,103,40,76,6.36,28.55,53.65,473.0,41.5,9.42,119504741.0,534.55,61.58,0.1152
371,Millet,Loamy,Zaid,Sprinkler,37,39,46,6.32,29.29,35.63,232.73,41.99,2.32,26583295.74,362.55,2.08,0.00574
372,Groundnut,Laterite,Rabi,Rainfed,59,56,58,6.84,24.51,65.78,403.81,40.91,8.61,85585088.48,394.21,3.27,0.0083
373,Cotton,Alluvial,Kharif,Drip,116,46,58,7.11,31.96,64.67,845.57,41.83,9.81,53548375.94,810.24,3.28,0.00405
374,Cotton,Loamy,Kharif,Drip,86,34,34,7.37,23.22,49.77,743.18,42.31,3.83,11066584.44,822.16,2.87,0.00349
375,Maize,Loamy,Rabi,Drip,104,52,63,6.24,30.47,67.47,505.99,53.95,92.26,488902337.22,805.12,4.67,0.0058
376,Sugarcane,Clay,Kharif,Furrow,101,51,68,6.6,30.86,70.69,1527.46,63.09,41.98,222254766.92,2239.82,58.56,0.02614
377,Sugarcane,Clay,Zaid,Flood,158,61,110,7.11,25.05,84.89,1390.18,65.0,7.79,87820732.53,1996.25,69.76,0.03495
378,Maize,Red,Kharif,Sprinkler,84,52,51,6.09,28.71,55.91,445.63,55.2,9.21,124232936.07,810.61,5.61,0.00692
379,Groundnut,Loamy,Rabi,Rainfed,39,47,45,6.24,25.22,64.8,358.94,30.22,5.34,26577929.58,535.55,2.82,0.00527
380,Sugarcane,Clay,Kharif,Flood,103,65,103,7.37,25.37,69.52,984.61,71.94,8.34,123040502.19,1673.78,67.74,0.04047
381,Tomato,Alluvial,Kharif,Sprinkler,104,52,64,5.68,27.8,58.24,419.71,51.49,1.85,11609935.37,475.26,39.07,0.08221
382,Maize,Black,Kharif,Drip,126,40,51,6.67,24.29,58.29,551.59,48.83,9.85,84707065.3,574.38,4.57,0.00796
383,Millet,Loamy,Kharif,Sprinkler,36,27,62,5.85,31.39,44.58,165.47,43.33,47.47,291032834.69,448.53,2.21,0.00493
384,Rice,Loamy,Kharif,Drip,126,65,47,5.97,33.95,83.89,1289.38,79.3,60.69,169021837.82,1448.94,4.9,0.00338
385,Cotton,Loamy,Kharif,Furrow,108,33,52,6.16,25.03,60.3,918.34,40.15,94.24,1326889345.05,718.95,2.64,0.00367
386,Sugarcane,Black,Zaid,Furrow,144,83,53,6.91,30.72,74.21,1088.49,76.63,2.3,33826674.72,2536.54,80.96,0.03192
387,Rice,Clay,Kharif,Drip,136,41,58,6.12,32.75,82.5,655.39,61.2,65.93,427695815.49,1606.97,5.23,0.00325
388,Maize,Red,Kharif,Drip,85,41,43,7.05,25.8,76.83,438.4,59.75,2.33,5933505.42,486.9,4.87,0.01
389,Groundnut,Loamy,Rabi,Sprinkler,52,36,50,6.01,31.91,73.49,393.98,42.45,7.51,49923910.2,432.75,2.47,0.00571
390,Cotton,Alluvial,Kharif,Drip,109,50,66,5.9,23.44,46.45,596.06,35.13,6.65,16891639.29,865.09,2.72,0.00314
391,Groundnut,Laterite,Kharif,Rainfed,40,26,35,5.54,27.3,72.37,550.37,48.25,6.81,99955548.4,591.72,2.25,0.0038
392,Wheat,Clay,Rabi,Sprinkler,81,56,60,6.81,13.86,45.16,84.05,43.78,0.71,2422531.9,639.49,2.87,0.00449
393,Tomato,Alluvial,Rabi,Sprinkler,77,70,52,6.94,28.93,62.14,379.49,46.25,1.2,4481472.87,579.9,36.3,0.0626
394,Wheat,Clay,Rabi,Sprinkler,86,47,62,6.21,10.07,45.79,97.18,54.01,4.17,43103310.07,566.95,2.99,0.00527
395,Tomato,Red,Kharif,Sprinkler,74,39,75,6.35,19.66,58.8,322.38,42.84,5.19,19653170.68,440.87,64.62,0.14657
396,Rice,Loamy,Kharif,Furrow,109,58,37,5.84,32.04,88.79,1475.82,78.06,2.1,20608054.85,1598.48,3.35,0.0021
397,Sugarcane,Clay,Zaid,Furrow,152,78,72,6.09,26.59,91.1,1525.26,74.71,87.37,1044583641.92,1723.01,73.65,0.04274
398,Tomato,Loamy,Kharif,Drip,106,64,77,6.6,29.49,59.08,594.46,46.35,7.89,50015823.84,590.14,49.02,0.08307
399,Cotton,Loamy,Kharif,Drip,73,50,52,7.7,30.35,67.87,791.75,64.74,1.11,11285359.41,911.33,3.26,0.00358
400,Groundnut,Red,Kharif,Rainfed,40,30,30,6.57,31.99,57.36,414.38,38.45,6.45,48057252.42,527.87,1.32,0.0025
401,Wheat,Clay,Rabi,Flood,64,63,31,6.49,11.3,59.03,222.76,31.23,6.1,48629837.99,574.28,3.49,0.00608
402,Maize,Alluvial,Rabi,Furrow,105,57,40,6.15,21.93,60.73,687.8,60.85,34.94,105841755.05,585.36,5.99,0.01023
403,Cotton,Loamy,Kharif,Sprinkler,91,59,45,5.95,31.13,67.46,833.09,41.11,69.2,955269410.58,960.63,3.52,0.00366
404,Cotton,Alluvial,Kharif,Sprinkler,92,38,51,6.6,32.47,64.34,538.63,39.27,95.66,1176690830.31,898.96,2.87,0.00319
405,Rice,Clay,Kharif,Flood,99,56,40,6.8,24.3,84.93,1250.21,80.45,29.48,154444494.4,1581.06,5.35,0.00338
406,Tomato,Red,Kharif,Drip,97,74,49,5.86,27.35,52.58,276.3,48.67,9.79,77553317.41,568.71,46.87,0.08241
407,Groundnut,Red,Rabi,Sprinkler,39,36,43,6.67,22.41,67.05,420.42,41.53,7.35,33388898.06,450.63,1.69,0.00375
408,Groundnut,Red,Kharif,Sprinkler,62,57,42,6.82,25.31,54.72,604.56,44.06,3.66,31541417.89,505.44,3.08,0.00609
409,Tomato,Laterite,Rabi,Sprinkler,51,35,87,6.47,29.41,74.52,571.14,53.03,6.65,77445300.13,515.51,31.1,0.06033
410,Groundnut,Sandy,Rabi,Sprinkler,63,42,39,7.1,23.56,53.23,634.16,54.56,8.3,76505107.4,490.48,2.2,0.00449
411,Tomato,Alluvial,Rabi,Sprinkler,53,35,41,6.62,20.09,77.95,412.16,40.35,0.82,3184622.55,507.53,34.44,0.06786
412,Sugarcane,Clay,Zaid,Furrow,142,53,53,7.46,33.15,69.24,1166.54,62.9,286.96,1177581339.24,2409.04,75.39,0.03129
413,Rice,Loamy,Kharif,Flood,85,51,53,6.8,24.26,70.01,950.37,70.98,892.47,6828565028.18,1293.07,5.49,0.00425
414,Tomato,Alluvial,Rabi,Drip,80,47,86,5.86,21.88,75.81,300.2,63.93,2.7,23855410.11,407.6,36.49,0.08952
415,Millet,Red,Kharif,Sprinkler,68,27,60,6.23,26.85,44.0,385.79,34.79,3.41,50344896.26,264.88,1.85,0.00698
416,Groundnut,Sandy,Kharif,Sprinkler,47,31,50,6.47,26.44,56.24,500.3,50.21,375.71,5422283571.86,460.59,3.06,0.00664
417,Cotton,Black,Kharif,Furrow,74,44,72,6.94,25.85,70.19,876.08,43.94,0.21,1967776.32,1001.47,2.78,0.00278
418,Millet,Loamy,Kharif,Drip,66,16,45,6.08,35.69,51.76,351.28,31.37,1.93,26030968.72,398.09,1.96,0.00492
419,Rice,Alluvial,Kharif,Drip,114,46,47,5.69,33.29,79.1,701.2,65.24,6.69,32956754.02,1382.29,5.05,0.00365
420,Tomato,Loamy,Zaid,Furrow,53,41,81,6.25,28.35,59.78,251.26,64.47,77.69,567684779.69,619.55,41.48,0.06695
421,Tomato,Red,Zaid,Sprinkler,93,65,76,6.93,24.82,58.84,395.81,53.41,0.29,3021813.72,564.51,78.36,0.13881
422,Sugarcane,Alluvial,Zaid,Furrow,92,59,60,6.85,29.44,67.02,1507.56,87.31,0.76,5976942.0,2245.18,81.99,0.03652
423,Groundnut,Sandy,Rabi,Rainfed,27,41,62,5.99,28.52,65.68,429.39,43.21,4.54,47763392.28,479.06,2.53,0.00528
424,Groundnut,Loamy,Rabi,Sprinkler,67,25,70,6.75,29.69,51.47,456.28,42.64,0.9,9772816.08,465.75,2.05,0.0044
425,Rice,Clay,Kharif,Furrow,123,52,36,6.23,27.91,89.92,1383.95,71.27,5.89,46722740.42,1186.1,3.67,0.00309
426,Tomato,Laterite,Kharif,Drip,103,40,62,6.39,22.32,58.66,281.17,62.36,47.67,434015877.03,408.51,36.94,0.09043
427,Maize,Alluvial,Rabi,Rainfed,72,37,70,6.16,30.7,69.72,716.14,58.46,5.58,76989401.89,676.24,3.77,0.00557
428,Tomato,Laterite,Zaid,Furrow,85,46,78,6.06,28.41,61.19,269.32,52.52,2.11,28802542.24,634.96,50.78,0.07997
429,Rice,Loamy,Kharif,Drip,85,38,43,6.61,31.49,77.28,723.89,87.02,8.27,27216945.6,1328.77,4.93,0.00371
430,Sugarcane,Clay,Zaid,Furrow,137,64,55,7.63,33.75,66.73,1254.48,83.17,717.44,3571936571.62,1802.01,96.72,0.05367
431,Maize,Red,Rabi,Rainfed,130,34,34,5.94,29.16,51.93,334.28,66.66,3.36,20946388.05,851.61,4.02,0.00472
432,Tomato,Alluvial,Rabi,Furrow,86,71,46,6.84,19.87,78.57,445.1,55.04,7.25,89515090.15,494.33,69.91,0.14142
433,Wheat,Alluvial,Rabi,Flood,101,48,32,6.27,24.31,69.06,243.48,31.1,77.76,786823198.25,472.52,2.81,0.00595
434,Cotton,Alluvial,Kharif,Furrow,85,42,42,5.92,22.12,72.33,872.32,62.95,3.71,25578566.57,821.38,2.86,0.00348
435,Sugarcane,Alluvial,Zaid,Furrow,146,47,103,6.44,29.38,71.7,733.8,81.23,9.96,82792478.28,2609.24,88.4,0.03388
436,Cotton,Alluvial,Kharif,Drip,86,34,34,7.73,32.41,69.35,731.51,59.6,1.32,13620157.46,1014.99,2.65,0.00261
437,Cotton,Loamy,Kharif,Furrow,93,62,56,6.67,26.8,63.16,880.14,51.93,73.47,241120996.72,1000.97,3.16,0.00316
438,Groundnut,Sandy,Kharif,Sprinkler,62,43,65,6.65,29.17,63.09,627.83,39.01,4.22,55151176.72,587.24,2.87,0.00489
439,Rice,Loamy,Kharif,Drip,90,51,48,5.71,30.87,76.2,1125.39,83.75,3.46,32414480.16,1677.89,4.29,0.00256
440,Tomato,Alluvial,Zaid,Drip,103,71,66,6.21,20.38,61.31,333.13,43.12,94.72,355324827.66,443.5,64.7,0.14589
441,Millet,Loamy,Zaid,Sprinkler,71,50,58,5.55,27.76,31.52,396.23,34.54,2.67,7698510.41,387.74,2.92,0.00753
442,Cotton,Loamy,Kharif,Furrow,102,65,64,6.53,32.57,66.47,564.15,40.85,1.37,6261194.22,779.12,2.28,0.00293
443,Groundnut,Loamy,Rabi,Drip,52,40,38,6.71,24.81,57.79,428.22,53.56,2.75,35844953.54,438.31,1.61,0.00367
444,Millet,Red,Kharif,Drip,37,49,59,6.54,34.32,30.96,383.15,22.92,0.8,2273141.17,470.21,1.77,0.00376
445,Sugarcane,Alluvial,Zaid,Furrow,146,77,78,7.59,30.9,83.71,963.01,64.01,2.87,28505780.62,1771.64,94.15,0.05314
446,Rice,Alluvial,Kharif,Flood,133,62,63,5.88,28.66,70.23,1346.86,69.07,8.23,110842968.61,1787.17,3.48,0.00195
447,Groundnut,Sandy,Rabi,Drip,30,60,59,6.03,24.49,56.69,543.43,37.19,8.39,83304608.35,572.57,1.92,0.00335
448,Millet,Loamy,Kharif,Rainfed,79,47,21,6.03,25.63,53.36,260.51,36.3,0.65,6833647.95,306.56,2.62,0.00855
449,Millet,Loamy,Zaid,Drip,35,17,39,6.12,25.16,35.45,299.27,27.76,7.77,79726387.6,306.12,2.74,0.00895
450,Wheat,Clay,Rabi,Flood,83,43,31,6.8,24.93,69.07,94.2,52.67,6.73,62187770.66,560.52,4.78,0.00853
451,Groundnut,Loamy,Kharif,Drip,40,47,60,6.12,22.43,59.45,682.51,44.5,917.15,6606698558.49,521.49,2.28,0.00437
452,Cotton,Alluvial,Kharif,Furrow,116,58,33,7.6,27.38,48.57,784.59,39.69,6.62,81329642.09,1093.44,3.7,0.00338
453,Rice,Alluvial,Kharif,Furrow,103,62,69,5.51,30.26,73.01,658.67,64.69,95.39,1303604493.25,1899.22,3.42,0.0018
454,Sugarcane,Black,Kharif,Furrow,135,80,57,7.57,24.12,68.5,1531.43,65.21,1.42,21195105.84,1519.02,80.77,0.05317
455,Millet,Loamy,Zaid,Drip,85,21,33,5.94,29.68,45.87,151.68,39.48,4.05,23599442.05,268.76,2.42,0.009
456,Groundnut,Loamy,Rabi,Drip,57,40,36,6.94,24.25,50.69,363.38,34.03,89.81,677103693.78,573.33,1.62,0.00283
457,Tomato,Red,Kharif,Drip,74,69,56,6.81,23.84,56.79,315.52,39.09,1.99,17996236.32,626.3,61.38,0.098
458,Rice,Clay,Kharif,Drip,119,47,66,6.61,25.92,70.83,1172.7,62.5,54.24,371968715.04,1373.67,6.03,0.00439
459,Rice,Clay,Kharif,Flood,121,37,36,6.3,30.07,94.31,974.55,61.95,1.57,7806179.76,1460.94,6.37,0.00436
460,Groundnut,Red,Rabi,Sprinkler,37,55,63,7.14,31.8,53.23,478.7,48.01,2.76,21099710.89,704.33,2.88,0.00409
461,Millet,Sandy,Kharif,Drip,53,39,26,7.23,25.0,31.96,259.32,37.17,2.6,23881062.18,254.02,1.61,0.00634
462,Rice,Loamy,Kharif,Furrow,86,45,46,6.44,26.63,78.23,846.91,88.71,4.56,20332382.01,1304.27,3.45,0.00265
463,Maize,Alluvial,Rabi,Rainfed,98,53,40,6.71,29.28,59.79,759.21,62.0,42.26,328844642.01,623.17,3.54,0.00568
464,Groundnut,Sandy,Rabi,Sprinkler,45,43,31,5.51,31.31,67.23,546.65,40.23,6.1,41609398.59,529.51,2.61,0.00493
465,Tomato,Red,Zaid,Sprinkler,90,75,60,6.09,23.14,62.77,596.25,56.2,4.42,40211856.21,409.52,62.09,0.15162
466,Groundnut,Sandy,Rabi,Sprinkler,55,49,39,6.74,29.19,56.56,568.01,48.33,4.96,38166840.25,434.05,3.01,0.00693
467,Maize,Black,Kharif,Drip,106,35,70,7.19,26.07,64.95,579.4,45.58,4.08,11800972.62,587.61,7.07,0.01203
468,Groundnut,Red,Rabi,Drip,26,42,64,6.15,27.99,56.19,404.39,46.0,4.56,43607818.44,473.71,1.73,0.00365
469,Maize,Loamy,Rabi,Sprinkler,104,48,56,6.48,23.74,63.57,516.87,67.24,30.31,104224489.09,593.53,5.31,0.00895
470,Sugarcane,Loamy,Kharif,Furrow,137,43,101,7.02,30.96,70.32,733.49,83.75,967.17,6995507637.81,2268.46,84.31,0.03717
471,Rice,Loamy,Kharif,Drip,91,42,51,5.96,33.13,92.99,1250.89,63.32,8.87,28196651.84,1279.33,5.43,0.00424
472,Millet,Loamy,Kharif,Rainfed,73,31,37,5.65,33.81,31.31,158.42,31.53,0.45,5215210.29,288.1,1.79,0.00621
473,Cotton,Alluvial,Kharif,Sprinkler,96,32,68,5.93,31.78,53.05,694.77,37.6,5.15,34408808.3,1174.54,3.48,0.00296
474,Groundnut,Laterite,Rabi,Rainfed,58,57,72,7.04,31.91,53.29,628.61,54.13,283.98,2561098878.73,579.99,1.76,0.00303
475,Wheat,Loamy,Rabi,Flood,80,56,64,7.04,22.73,50.48,191.88,34.7,237.42,2094730236.81,638.6,4.25,0.00666
476,Sugarcane,Clay,Zaid,Furrow,114,72,103,7.08,25.23,76.36,1478.72,63.3,8.5,64073933.16,2022.83,59.28,0.02931
477,Millet,Red,Kharif,Sprinkler,56,17,64,6.52,30.16,56.12,263.71,30.69,88.57,1196583952.78,410.78,2.57,0.00626
478,Maize,Alluvial,Rabi,Rainfed,95,40,65,7.14,28.72,64.85,644.4,63.18,48.99,428590034.44,601.52,4.7,0.00781
479,Millet,Loamy,Zaid,Drip,87,18,43,6.44,28.83,52.38,306.02,23.23,2.22,25032027.98,344.65,3.56,0.01033
480,Wheat,Alluvial,Rabi,Flood,77,31,42,7.06,14.26,46.13,109.22,56.27,7.12,76412833.45,627.81,4.96,0.0079
481,Wheat,Alluvial,Rabi,Furrow,97,36,37,6.41,11.93,69.29,90.33,34.1,1.51,18100846.16,491.37,4.95,0.01007
482,Cotton,Loamy,Kharif,Drip,82,31,31,7.59,23.26,51.23,501.21,50.74,96.6,1025284641.7,773.29,1.58,0.00204
483,Maize,Red,Kharif,Drip,95,30,46,6.41,31.36,66.03,378.74,53.49,72.18,656675886.25,638.01,5.09,0.00798
484,Millet,Loamy,Kharif,Sprinkler,77,24,23,5.55,26.26,43.82,290.01,23.41,9.18,67534452.12,357.82,2.46,0.00687
485,Millet,Loamy,Zaid,Rainfed,83,26,60,6.65,30.44,61.88,401.39,40.32,6.96,76883006.03,318.77,3.31,0.01038
486,Rice,Clay,Kharif,Drip,98,36,45,6.14,26.74,86.68,1346.73,74.16,7.19,84378518.75,1270.88,5.19,0.00408
487,Cotton,Alluvial,Kharif,Furrow,68,26,58,7.68,24.49,67.08,976.98,60.99,9.92,39063422.7,855.48,1.39,0.00162
488,Tomato,Laterite,Kharif,Drip,98,45,61,5.87,22.17,72.72,386.1,61.05,32.91,90725890.83,530.56,79.62,0.15007
489,Tomato,Alluvial,Rabi,Sprinkler,72,45,73,6.77,19.93,75.44,204.9,48.26,5.95,39194815.38,565.19,49.46,0.08751
490,Groundnut,Laterite,Rabi,Sprinkler,65,58,65,5.57,31.43,51.17,556.07,47.26,7.57,63346245.15,485.4,2.93,0.00604
491,Maize,Loamy,Kharif,Sprinkler,125,53,61,6.23,31.63,63.46,322.23,46.59,372.42,3318828173.91,546.14,3.27,0.00599
492,Wheat,Alluvial,Rabi,Furrow,76,45,70,7.06,10.76,53.46,84.33,33.69,7.48,41764753.67,582.47,5.18,0.00889
493,Cotton,Black,Kharif,Sprinkler,86,52,43,7.66,21.5,61.79,860.81,43.4,8.43,37927369.99,667.82,2.15,0.00322
494,Millet,Red,Zaid,Sprinkler,82,40,26,7.25,27.53,45.84,255.82,22.95,5.84,59610166.52,340.76,3.45,0.01012
495,Millet,Red,Zaid,Drip,47,40,21,6.79,31.67,45.16,337.43,31.09,963.88,9659992071.22,424.81,2.99,0.00704
496,Maize,Alluvial,Kharif,Furrow,80,42,49,6.16,20.04,79.0,731.92,55.41,8.07,55388708.03,686.66,3.82,0.00556
497,Cotton,Black,Kharif,Sprinkler,113,35,50,6.67,21.24,48.43,635.85,39.8,8.69,33520655.77,770.1,1.43,0.00186
498,Cotton,Black,Kharif,Drip,85,54,51,6.92,22.56,74.56,562.69,47.36,2.82,16685222.92,882.09,1.37,0.00155
499,Sugarcane,Loamy,Zaid,Drip,90,59,87,7.64,30.99,82.49,881.43,81.0,8.83,109543531.99,2103.18,64.98,0.0309
500,Millet,Loamy,Kharif,Drip,37,48,52,7.09,29.25,30.83,395.48,25.15,0.91,12701778.41,272.58,2.16,0.00792
501,Cotton,Alluvial,Kharif,Sprinkler,102,52,59,7.27,28.35,60.63,688.46,52.99,48.18,652556863.72,833.85,2.01,0.00241
502,Tomato,Red,Rabi,Sprinkler,100,69,87,6.57,27.67,64.31,276.91,60.34,5.2,57398394.11,532.93,35.57,0.06674
503,Wheat,Loamy,Rabi,Drip,86,65,66,6.05,16.86,59.82,227.54,47.81,3.66,49683361.42,618.14,4.64,0.00751
504,Millet,Loamy,Kharif,Sprinkler,59,36,40,5.62,34.82,58.64,286.88,26.99,60.1,618282936.02,295.67,3.49,0.0118
505,Rice,Loamy,Kharif,Flood,83,39,47,6.14,25.67,83.29,1205.98,64.72,38.02,392923904.21,1508.9,6.17,0.00409
506,Maize,Red,Kharif,Drip,108,56,46,6.68,25.39,61.81,489.51,52.55,4.02,23875320.46,514.78,6.49,0.01261
507,Rice,Clay,Kharif,Flood,115,58,64,6.21,32.54,89.9,698.28,89.31,7.97,79557515.56,1406.8,3.84,0.00273
508,Wheat,Loamy,Rabi,Furrow,63,57,30,6.14,11.48,58.33,155.17,43.66,2.86,39681681.56,551.66,3.92,0.00711
509,Sugarcane,Alluvial,Zaid,Drip,95,56,98,7.59,27.79,72.3,739.57,77.73,6.5,54911192.32,2387.99,85.09,0.03563
510,Cotton,Loamy,Kharif,Sprinkler,69,41,31,7.08,27.51,74.31,758.19,46.56,3.68,26710494.67,912.57,2.54,0.00278
511,Millet,Sandy,Kharif,Drip,65,37,33,6.81,30.55,45.86,365.78,38.96,3.4,33226706.51,396.33,2.93,0.00739
512,Maize,Black,Kharif,Rainfed,103,48,61,6.07,26.67,54.74,503.63,59.92,79.55,1143584106.67,696.93,5.44,0.00781
513,Millet,Sandy,Zaid,Sprinkler,82,43,54,6.07,28.72,33.7,300.54,24.81,1.41,15126485.39,464.96,3.9,0.00839
514,Wheat,Loamy,Rabi,Furrow,89,46,31,6.86,18.37,40.45,222.25,48.6,6.26,91846545.33,543.21,4.11,0.00757
515,Tomato,Loamy,Kharif,Drip,59,45,42,6.45,29.8,76.87,480.84,64.72,0.98,7564867.89,460.09,36.28,0.07885
516,Wheat,Alluvial,Rabi,Drip,83,64,44,6.56,20.64,52.23,77.9,40.11,2.31,12053245.9,496.82,5.53,0.01113
517,Maize,Black,Rabi,Furrow,92,33,33,6.54,24.25,65.53,321.71,59.46,5.76,39610191.05,616.44,3.87,0.00628
518,Millet,Red,Kharif,Rainfed,60,48,21,6.16,32.46,33.81,168.87,36.3,961.34,5579704172.31,365.94,2.6,0.0071
519,Sugarcane,Alluvial,Zaid,Drip,121,68,66,6.58,22.89,71.3,838.98,63.72,6.1,42704050.97,2374.49,66.24,0.0279
520,Cotton,Loamy,Kharif,Furrow,99,59,46,6.85,32.44,67.36,904.22,64.62,64.25,754836229.82,982.57,2.88,0.00293
521,Sugarcane,Alluvial,Kharif,Furrow,152,82,71,7.18,25.92,82.84,1376.06,83.73,1.86,25857185.36,1670.45,68.17,0.04081
522,Groundnut,Sandy,Kharif,Rainfed,27,60,62,6.73,27.74,67.42,575.39,51.2,0.86,9763354.04,460.35,2.59,0.00563
523,Groundnut,Laterite,Rabi,Rainfed,50,35,57,6.15,29.74,68.09,600.0,51.46,207.27,2375642064.7,560.74,2.33,0.00416
524,Groundnut,Loamy,Kharif,Drip,37,35,74,6.12,31.09,58.92,411.5,47.29,5.74,26776890.97,570.26,2.4,0.00421
525,Sugarcane,Alluvial,Zaid,Drip,130,73,97,6.65,25.48,93.54,1205.1,60.81,73.46,1070293193.69,2197.39,77.15,0.03511
526,Maize,Black,Rabi,Drip,93,57,70,6.68,27.17,51.64,302.59,41.73,9.09,113271823.83,708.59,5.65,0.00797
527,Sugarcane,Loamy,Zaid,Flood,142,64,73,7.55,32.39,87.29,1511.42,77.96,8.15,20506413.09,1560.42,70.28,0.04504
528,Tomato,Laterite,Zaid,Drip,82,38,86,5.51,26.62,57.3,587.02,46.45,5.62,82879090.84,691.91,42.06,0.06079
529,Tomato,Laterite,Rabi,Sprinkler,79,59,45,6.28,25.2,57.53,444.85,61.99,1.41,14556708.61,464.37,38.51,0.08293
530,Maize,Red,Kharif,Rainfed,119,56,40,7.1,27.92,55.92,342.65,46.96,443.73,3938162445.82,638.65,4.21,0.00659
531,Tomato,Laterite,Rabi,Furrow,109,48,51,6.05,23.15,53.75,353.13,60.7,1.87,11064399.72,421.65,36.87,0.08744
532,Groundnut,Laterite,Rabi,Sprinkler,42,38,35,6.72,31.47,60.68,597.73,49.96,5.39,44589632.98,636.76,1.73,0.00272
533,Millet,Loamy,Zaid,Drip,90,29,25,7.41,33.9,59.36,388.48,25.2,34.44,227356944.58,280.93,2.42,0.00861
534,Sugarcane,Black,Kharif,Flood,140,66,82,7.38,31.47,72.9,1130.99,70.06,3.53,34060190.18,1870.51,70.55,0.03772
535,Sugarcane,Alluvial,Zaid,Drip,109,56,52,7.15,29.95,75.12,832.6,88.74,8.1,58999442.54,2482.17,80.39,0.03239
536,Cotton,Loamy,Kharif,Sprinkler,112,34,44,6.68,21.09,73.67,934.22,43.73,4.7,29645035.64,883.11,2.12,0.0024
537,Tomato,Loamy,Rabi,Furrow,76,62,87,6.13,21.71,70.3,254.39,41.98,4.34,52376659.86,547.01,34.19,0.0625
538,Sugarcane,Loamy,Zaid,Flood,150,65,94,6.61,32.69,86.85,1240.8,76.75,8.13,107296528.86,2266.78,106.11,0.04681
539,Tomato,Loamy,Rabi,Sprinkler,77,42,46,6.38,23.39,67.12,519.22,62.95,27.71,76827629.9,524.08,53.66,0.10239
540,Wheat,Alluvial,Rabi,Drip,93,35,60,6.97,15.38,40.17,73.1,59.19,2.74,30480446.01,563.45,3.85,0.00683
541,Maize,Black,Kharif,Furrow,74,31,46,6.16,23.9,54.89,629.42,55.8,8.0,33067050.9,806.74,6.37,0.0079
542,Groundnut,Loamy,Rabi,Drip,36,50,66,6.14,25.44,50.14,693.77,48.2,0.6,6175199.44,462.51,2.33,0.00504
543,Tomato,Laterite,Rabi,Drip,98,73,73,6.4,27.78,52.05,476.35,56.47,2.14,8978003.83,589.41,58.71,0.09961
544,Maize,Loamy,Rabi,Drip,113,33,60,6.25,22.3,79.66,451.5,46.66,6.14,43331227.01,648.12,5.51,0.0085
545,Sugarcane,Alluvial,Zaid,Flood,124,57,101,7.02,26.06,86.11,1438.06,73.96,7.91,72654467.07,1962.65,72.25,0.03681
546,Tomato,Alluvial,Zaid,Drip,67,69,58,6.31,18.59,63.45,563.22,56.35,84.4,234637765.77,505.99,48.84,0.09652
547,Maize,Black,Kharif,Rainfed,73,64,43,6.68,30.95,60.73,730.01,67.55,78.12,836620879.37,667.61,4.94,0.0074
548,Maize,Alluvial,Kharif,Rainfed,99,56,36,5.92,21.9,53.98,766.24,67.41,5.83,41420979.45,559.45,3.92,0.00701
549,Maize,Black,Rabi,Drip,120,58,35,6.7,31.81,70.61,339.62,67.24,8.81,80536778.29,669.94,4.28,0.00639
550,Millet,Loamy,Zaid,Sprinkler,31,17,57,5.75,29.34,43.54,234.01,30.06,1.89,27660921.35,426.37,2.3,0.00539
551,Cotton,Black,Kharif,Sprinkler,73,33,32,5.88,26.5,72.91,865.35,45.48,2.91,14969884.88,798.68,3.23,0.00404
552,Millet,Loamy,Zaid,Rainfed,52,25,50,6.28,34.92,52.48,296.48,23.3,8.8,56548460.91,268.23,2.55,0.00951
553,Groundnut,Red,Rabi,Drip,25,37,63,5.95,23.3,50.92,405.18,58.59,3.97,16935001.49,584.9,1.8,0.00308
554,Wheat,Alluvial,Rabi,Sprinkler,100,50,49,7.16,23.46,64.7,86.84,32.74,92.24,574442805.14,649.71,5.04,0.00776
555,Sugarcane,Clay,Kharif,Furrow,128,43,100,6.99,24.04,67.38,1561.5,72.77,9.46,37728997.23,1568.3,77.45,0.04938
556,Wheat,Loamy,Rabi,Sprinkler,85,49,61,6.05,13.36,47.82,52.84,36.48,90.84,589794285.76,520.71,5.58,0.01072
557,Cotton,Loamy,Kharif,Drip,64,56,77,6.36,25.5,60.46,771.04,35.41,5.97,72012168.22,759.25,3.33,0.00439
558,Tomato,Alluvial,Rabi,Drip,94,38,48,6.49,28.03,56.18,551.05,48.84,2.14,18628855.27,514.21,58.15,0.11309
559,Millet,Loamy,Zaid,Sprinkler,41,39,65,5.82,31.59,62.51,399.75,36.2,4.45,31024986.26,251.3,2.01,0.008
560,Maize,Red,Rabi,Furrow,95,62,45,6.95,28.57,54.62,324.18,59.62,4.83,26560661.01,700.26,4.14,0.00591
561,Wheat,Clay,Rabi,Furrow,85,33,54,7.43,18.08,61.93,211.4,33.41,5.81,80338917.87,445.01,6.04,0.01357
562,Wheat,Clay,Rabi,Flood,60,54,38,6.27,21.72,57.94,85.47,54.42,4.0,34007123.44,574.2,3.39,0.0059
563,Wheat,Loamy,Rabi,Drip,85,43,67,6.75,23.75,56.5,203.76,38.81,0.39,1080557.77,514.69,5.37,0.01043
564,Millet,Red,Zaid,Sprinkler,90,24,55,5.72,34.89,56.03,249.67,32.56,7.38,59389680.4,290.53,2.68,0.00922
565,Rice,Alluvial,Kharif,Flood,118,61,48,6.6,30.22,84.59,1203.19,76.36,7.22,96602481.39,1513.8,5.93,0.00392
566,Rice,Clay,Kharif,Flood,135,48,57,5.58,27.52,81.55,766.87,65.68,79.42,369664739.82,1411.16,3.35,0.00237
567,Maize,Black,Kharif,Drip,116,33,38,5.86,24.0,78.85,553.75,64.68,9.48,100536126.22,557.71,7.38,0.01323
568,Millet,Red,Zaid,Drip,63,47,34,6.56,25.6,33.93,152.15,42.11,6.89,42988354.22,437.83,1.96,0.00448
569,Wheat,Alluvial,Rabi,Drip,97,60,40,7.37,14.4,43.61,138.0,38.87,6.41,94280713.14,643.7,4.96,0.00771
570,Tomato,Loamy,Kharif,Drip,57,73,70,6.04,18.1,79.44,561.09,35.84,2.73,12301530.26,524.26,56.82,0.10838
571,Millet,Red,Zaid,Drip,63,49,37,5.79,35.97,51.63,281.81,29.28,65.46,408534527.99,446.83,2.97,0.00665
572,Sugarcane,Alluvial,Kharif,Drip,126,58,74,7.8,35.78,80.38,1216.48,86.92,15.87,217530554.18,1967.47,92.88,0.04721
573,Rice,Clay,Kharif,Drip,125,38,59,6.04,28.03,90.22,893.78,80.54,38.79,148609289.09,1562.48,3.85,0.00246
574,Tomato,Alluvial,Kharif,Furrow,75,49,42,6.92,28.82,51.47,535.32,50.27,1.34,11673435.67,450.92,65.72,0.14575
575,Tomato,Red,Rabi,Drip,83,58,64,5.55,28.98,59.81,481.91,55.83,3.97,44675223.79,520.36,63.4,0.12184
576,Sugarcane,Loamy,Kharif,Furrow,105,59,82,6.07,25.0,87.85,1414.06,83.29,9.92,140765059.33,1966.13,57.94,0.02947
577,Groundnut,Laterite,Rabi,Rainfed,52,41,66,6.13,28.33,62.79,697.18,35.22,4.79,27863822.15,539.87,3.11,0.00576
578,Maize,Alluvial,Rabi,Furrow,125,48,69,7.2,28.04,63.55,725.37,40.71,3.87,11209317.27,629.96,4.72,0.00749
579,Millet,Sandy,Kharif,Sprinkler,61,29,63,5.99,31.43,41.12,399.08,22.78,5.38,56644519.42,376.03,2.46,0.00654
580,Sugarcane,Alluvial,Kharif,Flood,126,48,61,6.83,27.22,84.98,1091.34,83.38,0.64,8247047.07,1945.55,104.35,0.05364
581,Maize,Loamy,Rabi,Drip,97,45,47,7.01,20.68,61.98,728.31,51.8,6.08,64975084.84,519.02,4.43,0.00854
582,Maize,Loamy,Kharif,Furrow,90,52,39,6.95,24.76,72.15,520.18,42.76,8.2,101144814.21,734.11,6.0,0.00817
583,Groundnut,Loamy,Rabi,Rainfed,25,44,69,5.99,30.12,71.42,443.53,57.08,9.11,25961969.43,427.03,2.07,0.00485
584,Millet,Loamy,Zaid,Rainfed,64,45,36,7.38,27.8,39.84,340.45,20.1,722.28,2641990171.23,261.98,1.76,0.00672
585,Millet,Loamy,Kharif,Drip,71,49,34,6.36,27.21,60.58,210.47,37.67,5.15,37268596.7,263.7,3.5,0.01327
586,Millet,Loamy,Kharif,Drip,72,48,58,6.58,27.63,54.95,300.17,24.42,31.89,231023560.06,394.72,2.31,0.00585
587,Cotton,Alluvial,Kharif,Sprinkler,118,32,62,6.58,27.77,51.68,843.05,58.43,127.55,1257622323.44,782.43,3.21,0.0041
588,Wheat,Clay,Rabi,Furrow,96,39,63,6.48,18.31,59.78,244.56,43.67,3.31,49148151.11,493.51,3.41,0.00691
589,Cotton,Black,Kharif,Furrow,115,57,52,7.57,23.6,74.01,842.99,37.7,3.51,40310629.3,705.49,3.02,0.00428
590,Cotton,Alluvial,Kharif,Drip,72,38,77,6.39,21.98,63.0,553.54,43.3,2.31,21569605.98,895.67,2.83,0.00316
591,Groundnut,Red,Kharif,Rainfed,33,45,71,5.94,29.92,54.92,434.78,55.25,0.58,5074691.59,463.31,2.81,0.00607
592,Cotton,Alluvial,Kharif,Drip,82,37,30,6.21,29.24,65.83,516.71,36.3,5.51,58421106.69,738.79,2.79,0.00378
593,Rice,Loamy,Kharif,Furrow,139,54,69,5.86,24.29,78.24,1308.48,61.79,2.35,25235974.52,1566.49,4.62,0.00295
594,Millet,Loamy,Zaid,Drip,85,30,24,5.8,29.22,52.96,325.22,21.85,6.31,68044534.86,420.3,3.65,0.00868
595,Wheat,Clay,Rabi,Furrow,81,36,45,7.24,17.64,50.87,246.95,34.23,91.04,1234556560.0,660.5,2.89,0.00438
596,Millet,Red,Kharif,Rainfed,79,48,34,6.8,29.34,58.48,322.78,41.14,4.52,50446191.95,233.68,2.39,0.01023
597,Rice,Clay,Kharif,Flood,113,63,37,5.72,30.23,77.64,814.72,66.87,1.84,20421397.91,1473.0,4.55,0.00309
598,Groundnut,Loamy,Rabi,Sprinkler,52,29,41,7.09,26.14,57.17,666.51,49.66,8.41,58869242.55,578.77,1.82,0.00314
599,Tomato,Laterite,Rabi,Furrow,75,39,56,5.71,21.11,70.73,484.06,39.82,8.51,25831041.15,395.11,58.51,0.14809
600,Maize,Black,Rabi,Sprinkler,79,47,51,5.82,29.36,76.99,719.44,68.75,8.98,131650835.2,762.81,5.62,0.00737
601,Millet,Loamy,Kharif,Rainfed,76,22,57,7.39,32.33,60.0,318.35,43.6,15.0,62873557.99,304.94,2.7,0.00885
602,Maize,Loamy,Rabi,Sprinkler,84,53,69,6.58,30.77,58.34,312.99,63.27,85.61,1247688478.26,737.61,4.98,0.00675
603,Groundnut,Red,Rabi,Drip,28,49,34,5.5,24.41,69.1,598.45,39.93,2.78,21308024.91,596.04,1.83,0.00307
604,Sugarcane,Loamy,Zaid,Drip,124,73,73,7.31,35.47,82.75,1232.03,70.95,8.69,75178111.69,2052.72,62.24,0.03032
605,Wheat,Loamy,Rabi,Furrow,73,60,53,6.62,22.6,53.73,236.23,36.28,594.65,4409527914.15,628.19,4.77,0.00759
606,Cotton,Alluvial,Kharif,Furrow,117,62,68,7.86,29.24,62.31,652.31,56.29,2.48,29634059.93,920.7,3.64,0.00395
607,Tomato,Loamy,Kharif,Drip,72,41,41,6.12,19.51,79.41,369.72,51.01,9.85,25711445.86,456.41,41.23,0.09034
608,Groundnut,Loamy,Rabi,Rainfed,70,47,75,5.86,28.15,51.92,552.1,33.78,4.73,31876652.92,453.89,1.85,0.00408
609,Tomato,Laterite,Rabi,Furrow,56,45,84,5.57,28.31,52.32,411.6,48.56,1.96,22680127.09,654.77,62.97,0.09617
610,Millet,Loamy,Zaid,Rainfed,31,42,31,7.18,31.61,51.08,238.77,26.5,9.39,62603407.82,364.8,2.23,0.00611
611,Cotton,Loamy,Kharif,Furrow,73,54,48,7.07,30.95,50.86,972.12,45.69,6.17,65536354.86,947.1,3.07,0.00324
612,Millet,Loamy,Kharif,Rainfed,31,43,28,6.02,29.61,49.38,163.26,39.24,2.74,18427008.0,300.52,2.47,0.00822
613,Cotton,Alluvial,Kharif,Furrow,91,62,43,6.25,32.57,47.78,756.41,50.62,66.15,885875080.79,1210.0,2.09,0.00173
614,Sugarcane,Clay,Zaid,Drip,107,52,71,6.7,29.74,71.98,900.11,71.44,282.17,4107963119.92,1985.57,86.12,0.04337
615,Cotton,Loamy,Kharif,Drip,66,49,39,5.97,33.51,63.77,785.83,51.19,7.6,22224255.57,946.55,2.34,0.00247
616,Millet,Red,Kharif,Rainfed,36,48,64,6.33,31.86,58.06,350.54,41.25,913.53,9417834706.07,340.92,2.09,0.00613
617,Millet,Loamy,Kharif,Drip,57,48,29,5.54,35.79,39.07,327.93,27.51,6.45,50683668.66,488.9,3.39,0.00693
618,Millet,Red,Zaid,Drip,76,39,58,5.97,25.69,59.82,322.19,30.36,7.88,110406796.86,277.94,2.17,0.00781
619,Millet,Red,Zaid,Rainfed,38,44,52,5.83,35.44,52.94,219.26,25.22,19.92,179292278.69,449.04,2.68,0.00597
620,Groundnut,Sandy,Kharif,Sprinkler,59,38,70,7.13,31.95,59.11,680.35,35.03,4.03,29955855.93,444.61,1.64,0.00369
621,Sugarcane,Loamy,Zaid,Furrow,141,67,100,7.24,24.81,88.01,924.55,82.78,8.31,89947209.4,2219.28,93.18,0.04199
622,Wheat,Loamy,Rabi,Furrow,97,63,70,7.1,15.24,54.63,81.39,59.24,3.84,45481618.76,520.99,5.71,0.01096
623,Cotton,Loamy,Kharif,Drip,106,38,56,7.11,26.51,60.13,552.85,40.03,414.42,4884262019.55,785.09,3.33,0.00424
624,Millet,Sandy,Kharif,Sprinkler,36,31,54,6.88,29.57,53.58,233.31,20.06,45.38,376657893.68,281.62,3.01,0.01069
625,Sugarcane,Clay,Kharif,Flood,98,60,92,7.2,27.19,94.11,1505.23,69.48,5.56,74388456.95,2195.57,63.98,0.02914
626,Wheat,Loamy,Rabi,Drip,106,45,69,6.82,10.95,68.16,223.39,36.43,8.05,39422054.55,466.41,4.34,0.00931
627,Cotton,Loamy,Kharif,Furrow,118,28,65,6.27,30.59,69.84,554.76,47.01,5.75,39875790.52,951.18,3.04,0.0032
628,Cotton,Loamy,Kharif,Sprinkler,64,45,45,6.11,21.32,46.52,951.96,61.48,5.35,58493501.5,1005.45,1.47,0.00146
629,Sugarcane,Loamy,Zaid,Drip,119,81,51,6.31,34.61,79.54,1035.6,76.61,7.62,30198943.05,1962.03,76.45,0.03896
630,Millet,Red,Kharif,Sprinkler,63,24,29,6.31,31.99,50.18,366.95,40.91,5.75,36845666.08,272.88,1.79,0.00656
631,Millet,Loamy,Kharif,Sprinkler,50,28,26,6.67,29.72,49.81,350.72,30.87,15.48,144607931.66,350.53,2.94,0.00839
632,Sugarcane,Black,Zaid,Flood,159,80,98,6.91,24.37,82.65,1450.87,87.97,89.21,987724244.64,2030.94,68.22,0.03359
633,Maize,Black,Kharif,Drip,91,52,56,5.92,29.93,78.29,728.41,50.02,8.46,123377916.31,683.3,4.29,0.00628
634,Wheat,Clay,Rabi,Drip,93,48,62,6.35,24.46,57.77,51.58,30.75,7.68,59564138.52,649.08,4.66,0.00718
635,Millet,Loamy,Kharif,Rainfed,87,21,27,7.03,28.39,41.25,273.83,41.59,1.28,18270441.57,410.87,1.74,0.00423
636,Millet,Loamy,Zaid,Sprinkler,89,20,32,5.9,25.87,63.33,417.79,36.39,689.97,9001396609.16,330.26,2.58,0.00781
637,Groundnut,Laterite,Kharif,Rainfed,48,25,47,6.36,27.22,59.02,506.84,54.06,2.47,20046923.18,610.39,2.08,0.00341
638,Rice,Clay,Kharif,Furrow,129,64,38,5.73,32.27,83.77,1373.65,85.15,8.03,40855194.67,1678.71,5.51,0.00328
639,Tomato,Laterite,Zaid,Drip,104,51,40,6.41,24.32,54.79,565.73,51.7,7.82,78076682.08,464.66,59.2,0.1274
640,Wheat,Alluvial,Rabi,Furrow,77,40,53,6.36,24.19,65.81,107.61,45.86,454.63,6414298490.42,577.2,3.0,0.0052
641,Tomato,Loamy,Kharif,Drip,83,36,45,6.43,22.39,79.03,366.16,39.09,7.54,79363542.41,424.47,35.32,0.08321
642,Sugarcane,Black,Kharif,Flood,154,49,109,7.33,25.23,68.34,1554.03,63.37,0.27,3962853.69,1837.83,62.73,0.03413
643,Groundnut,Red,Rabi,Drip,48,55,64,6.44,29.44,66.54,563.0,49.49,23.1,270565077.18,574.59,2.22,0.00386
644,Cotton,Black,Kharif,Sprinkler,114,60,75,6.34,33.14,52.41,707.75,46.04,7.0,72441563.32,1119.0,3.52,0.00315
645,Tomato,Red,Rabi,Drip,107,67,65,6.93,24.29,50.68,304.01,53.65,3.74,9437649.14,573.66,70.42,0.12276
646,Groundnut,Red,Rabi,Drip,41,42,36,6.24,26.86,65.94,533.6,31.31,7.77,82501643.68,554.37,2.39,0.00431
647,Millet,Red,Zaid,Rainfed,33,29,59,5.6,28.29,64.58,348.66,30.47,33.43,148142913.94,250.86,2.93,0.01168
648,Cotton,Alluvial,Kharif,Sprinkler,95,60,33,6.05,29.87,62.13,843.0,40.34,640.95,7046795425.55,787.63,2.34,0.00297
649,Sugarcane,Clay,Kharif,Drip,93,79,68,7.63,27.76,90.94,1157.79,75.51,4.89,36209408.79,1637.83,97.88,0.05976
650,Cotton,Black,Kharif,Furrow,62,25,36,7.98,21.8,54.58,660.71,46.38,4.71,30751711.18,912.63,2.98,0.00327
651,Cotton,Black,Kharif,Sprinkler,111,65,51,6.56,23.91,50.6,745.49,51.91,2.93,41154683.82,1094.57,1.81,0.00165
652,Millet,Red,Zaid,Drip,59,38,39,6.88,31.57,61.12,170.1,28.74,1.45,17716012.28,373.92,2.8,0.00749
653,Sugarcane,Alluvial,Kharif,Furrow,145,70,92,6.24,30.52,88.31,1478.96,67.39,0.51,4500693.48,2271.01,65.18,0.0287
654,Sugarcane,Loamy,Kharif,Flood,103,40,90,7.43,28.86,69.49,1022.66,64.96,5.59,37989016.8,1796.99,87.6,0.04875
655,Maize,Black,Rabi,Drip,95,50,35,5.85,20.43,60.51,659.4,43.94,0.46,1472695.24,533.72,4.96,0.00929
656,Cotton,Alluvial,Kharif,Sprinkler,120,26,53,6.88,31.19,67.52,753.38,62.76,1.43,7567450.91,845.87,2.87,0.00339
657,Tomato,Red,Kharif,Sprinkler,86,50,77,6.64,21.29,66.12,334.06,58.55,6.67,77078002.26,425.67,56.65,0.13308
658,Cotton,Alluvial,Kharif,Sprinkler,78,53,65,7.68,31.9,61.36,861.35,47.42,22.36,131361852.09,827.02,1.85,0.00224
659,Maize,Alluvial,Kharif,Drip,93,37,37,6.63,21.22,58.1,632.76,51.96,608.56,2304182924.92,511.75,6.48,0.01266
660,Sugarcane,Black,Kharif,Flood,129,71,80,7.22,24.51,78.45,1418.27,85.99,1.74,9835443.29,2344.88,79.52,0.03391
661,Maize,Loamy,Kharif,Furrow,84,38,55,6.72,23.94,74.57,742.69,65.65,6.01,60119618.74,596.55,3.8,0.00637
662,Cotton,Black,Kharif,Sprinkler,71,41,38,6.42,22.79,51.37,890.96,51.5,91.85,1174551258.65,1031.79,3.21,0.00311
663,Rice,Alluvial,Kharif,Drip,101,56,35,6.73,27.13,91.59,1392.47,83.27,4.12,48296933.7,1476.49,5.43,0.00368
664,Tomato,Alluvial,Zaid,Drip,85,70,42,6.94,20.14,78.51,225.68,51.67,4.02,42617869.45,372.53,56.46,0.15156
665,Tomato,Loamy,Zaid,Furrow,60,58,75,5.77,19.65,54.42,439.63,58.36,8.01,59169850.77,644.58,38.19,0.05925
666,Sugarcane,Alluvial,Kharif,Flood,108,46,94,6.98,24.58,91.46,1561.07,67.6,4.0,39798030.5,2093.57,51.72,0.0247
667,Groundnut,Red,Kharif,Sprinkler,46,39,34,6.19,26.04,66.21,542.31,56.24,3.18,35393963.32,601.27,1.87,0.00311
668,Sugarcane,Alluvial,Zaid,Flood,114,62,58,7.69,30.88,65.74,1149.73,64.59,7.81,96022902.58,1680.24,105.98,0.06307
669,Cotton,Alluvial,Kharif,Drip,103,33,42,6.67,22.68,52.17,651.39,44.58,9.03,61457920.78,988.53,3.35,0.00339
670,Cotton,Black,Kharif,Furrow,66,62,50,7.59,27.2,52.04,684.27,50.02,4.43,40719856.65,829.91,2.17,0.00261
671,Maize,Alluvial,Kharif,Sprinkler,122,62,60,6.37,28.97,50.21,472.24,53.21,442.0,4478096626.86,671.5,4.6,0.00685
672,Cotton,Alluvial,Kharif,Drip,51,30,57,7.58,34.42,51.53,508.9,48.12,1.35,16284678.73,814.45,2.42,0.00297
673,Tomato,Loamy,Zaid,Drip,80,63,88,6.58,23.38,54.74,318.05,50.03,527.27,5754924196.65,514.66,62.04,0.12055
674,Groundnut,Sandy,Kharif,Rainfed,25,47,58,5.91,25.75,67.66,545.09,41.06,9.15,121919631.83,511.82,2.31,0.00451
675,Groundnut,Sandy,Kharif,Drip,69,54,68,6.01,22.78,50.79,671.6,51.51,5.78,74170390.17,564.1,2.44,0.00433
676,Tomato,Laterite,Rabi,Furrow,95,55,54,6.97,18.38,61.6,552.82,40.42,9.35,77615476.41,578.31,64.43,0.11141
677,Wheat,Alluvial,Rabi,Drip,108,53,59,6.37,17.33,40.89,51.78,51.16,7.02,56927057.78,487.72,5.02,0.01029
678,Rice,Clay,Kharif,Drip,84,67,37,6.77,32.45,86.27,991.93,81.33,9.93,85087866.28,1784.53,5.79,0.00324
679,Sugarcane,Black,Kharif,Furrow,104,64,63,7.49,22.33,67.37,1002.82,87.53,51.62,710191304.37,1758.64,78.2,0.04447
680,Tomato,Loamy,Rabi,Sprinkler,71,47,42,5.67,19.67,60.95,442.93,44.23,9.92,35860231.92,482.45,55.85,0.11576
681,Wheat,Alluvial,Rabi,Flood,61,63,51,7.25,23.92,59.1,248.98,31.0,92.5,1142092786.69,576.48,2.97,0.00515
682,Sugarcane,Clay,Zaid,Furrow,116,67,66,7.07,31.46,75.41,894.61,69.65,7.46,94976746.64,1711.88,82.58,0.04824
683,Cotton,Black,Kharif,Drip,52,63,47,6.83,26.05,48.52,603.67,35.74,8.24,64323282.74,941.62,2.88,0.00306
684,Rice,Clay,Kharif,Furrow,113,48,39,5.79,26.23,85.0,1061.62,71.63,382.77,3255315386.1,1442.95,6.21,0.0043
685,Groundnut,Sandy,Kharif,Rainfed,58,58,63,5.84,26.49,70.28,483.54,59.53,4.45,19762185.09,583.88,2.83,0.00485
686,Millet,Loamy,Kharif,Drip,90,37,57,6.72,35.56,60.53,254.62,41.5,6.18,65629072.31,305.0,1.75,0.00574
687,Rice,Alluvial,Kharif,Flood,124,36,50,6.26,24.26,87.39,1095.99,78.76,4.47,23902991.24,1622.73,5.98,0.00369
688,Groundnut,Red,Kharif,Rainfed,27,60,63,5.91,26.52,59.19,389.49,40.37,523.02,4325098582.27,635.39,1.75,0.00275
689,Groundnut,Red,Kharif,Drip,38,33,39,6.05,30.66,66.97,552.41,44.74,1.42,8930315.27,450.14,1.71,0.0038
690,Millet,Red,Zaid,Sprinkler,71,29,21,5.82,34.93,64.91,296.28,32.38,1.18,17461372.16,319.0,2.94,0.00922
691,Rice,Alluvial,Kharif,Drip,87,70,52,6.29,31.54,86.48,1064.07,68.78,4.97,47550170.52,1301.3,4.69,0.0036
692,Groundnut,Red,Rabi,Rainfed,37,35,63,5.78,31.62,61.17,473.3,30.88,4.28,50564851.9,490.03,3.02,0.00616
693,Sugarcane,Loamy,Zaid,Drip,117,72,58,6.2,22.09,87.32,1583.26,89.78,395.03,4381558956.26,1614.47,48.25,0.02989
694,Maize,Red,Rabi,Furrow,129,59,67,6.89,29.38,61.71,332.96,63.78,204.37,1432266226.71,625.26,5.13,0.0082
695,Rice,Clay,Kharif,Furrow,128,58,69,5.88,28.94,70.72,852.99,71.22,3.77,48473513.78,1666.05,4.06,0.00244
696,Rice,Clay,Kharif,Furrow,100,55,60,6.51,32.25,75.23,1139.27,87.0,9.85,111502244.95,1363.36,6.58,0.00483
697,Millet,Loamy,Zaid,Drip,39,21,52,6.44,34.38,61.76,411.75,21.61,6.09,80390513.82,252.59,1.4,0.00554
698,Tomato,Laterite,Rabi,Drip,74,47,90,6.92,29.9,64.29,270.97,49.64,60.45,211220387.06,538.39,43.86,0.08147
699,Rice,Clay,Kharif,Furrow,132,63,60,5.61,25.6,79.81,701.38,88.02,7.92,44042193.81,1382.18,4.37,0.00316
700,Millet,Loamy,Zaid,Rainfed,30,43,41,7.19,35.21,41.99,342.73,25.67,1.88,25542560.7,475.09,2.04,0.00429
701,Wheat,Loamy,Rabi,Furrow,117,57,35,7.11,14.24,44.07,185.64,44.09,0.78,7811383.16,467.42,4.76,0.01018
702,Groundnut,Red,Kharif,Drip,45,26,75,6.54,28.57,70.71,497.26,46.45,0.73,9454644.42,392.15,1.98,0.00505
703,Cotton,Loamy,Kharif,Furrow,94,25,59,6.68,32.67,65.95,511.37,58.3,7.32,46718823.77,1000.04,3.05,0.00305
704,Rice,Clay,Kharif,Drip,119,55,56,5.59,26.79,81.17,1230.63,75.38,7.08,85406922.84,1656.38,5.97,0.0036
705,Maize,Loamy,Kharif,Drip,124,65,33,6.78,31.62,67.21,408.66,69.96,4.75,41042428.23,660.94,5.94,0.00899
706,Wheat,Clay,Rabi,Flood,62,47,60,7.33,22.27,47.19,52.59,48.88,2.27,24673177.14,655.88,4.2,0.0064
707,Sugarcane,Black,Zaid,Drip,152,79,50,7.2,31.31,84.87,1172.65,73.92,5.0,56370549.29,1632.14,100.1,0.06133
708,Cotton,Loamy,Kharif,Sprinkler,74,53,48,6.34,34.47,70.81,780.52,47.05,9.76,28582859.55,739.08,2.69,0.00364
709,Millet,Sandy,Kharif,Drip,42,25,47,7.06,26.52,45.42,356.6,40.85,4.65,43917858.73,389.28,1.91,0.00491
710,Maize,Alluvial,Kharif,Furrow,102,57,41,6.05,26.76,78.45,652.76,48.96,5.52,30869970.64,619.73,4.93,0.00796
711,Maize,Loamy,Kharif,Rainfed,127,41,40,6.92,28.01,65.98,368.76,46.14,889.52,5267366337.4,517.33,3.91,0.00756
712,Groundnut,Sandy,Rabi,Sprinkler,42,60,39,5.84,28.21,63.9,429.05,50.11,1.01,14834581.14,494.91,2.52,0.00509
713,Tomato,Alluvial,Kharif,Furrow,96,61,56,6.58,29.59,60.73,599.62,54.15,5.21,71941962.49,695.62,41.08,0.05906
714,Wheat,Alluvial,Rabi,Drip,86,64,36,6.89,11.23,44.82,65.37,33.24,6.97,72413496.35,563.25,3.05,0.00542
715,Tomato,Alluvial,Rabi,Sprinkler,106,58,83,6.36,20.23,71.69,229.3,52.74,8.11,114856025.91,409.04,62.64,0.15314
716,Millet,Loamy,Kharif,Drip,51,26,34,5.77,35.08,51.96,159.54,32.77,1.01,5836754.36,426.67,2.19,0.00513
717,Groundnut,Laterite,Kharif,Rainfed,25,48,52,6.34,31.17,58.87,650.1,37.07,9.86,79152830.95,682.02,2.17,0.00318
718,Rice,Clay,Kharif,Flood,116,36,44,6.38,30.99,83.13,747.74,87.58,1.21,3335642.0,1314.35,3.97,0.00302
719,Wheat,Alluvial,Rabi,Furrow,99,36,51,7.01,20.13,44.21,61.47,48.76,2.61,8994256.26,664.5,4.64,0.00698
720,Cotton,Black,Kharif,Sprinkler,58,25,63,6.72,31.05,46.57,777.54,39.35,0.92,3030617.25,1087.47,2.03,0.00187
721,Groundnut,Laterite,Rabi,Drip,62,60,67,6.95,25.26,63.2,620.67,34.11,673.58,5765249141.98,510.57,1.93,0.00378
722,Rice,Alluvial,Kharif,Drip,129,47,59,6.2,29.29,74.88,1290.36,71.76,556.12,8212306833.86,1579.89,4.65,0.00294
723,Maize,Alluvial,Rabi,Drip,109,63,39,6.69,22.81,51.55,518.89,40.31,7.3,85090662.66,566.33,6.96,0.01229
724,Tomato,Laterite,Kharif,Furrow,95,65,80,6.55,20.7,60.83,579.71,54.84,3.35,9394969.21,550.68,50.72,0.0921
725,Tomato,Alluvial,Kharif,Furrow,90,68,72,5.94,26.69,54.38,557.91,38.03,4.4,22011346.67,570.0,47.92,0.08407
726,Rice,Loamy,Kharif,Flood,131,67,63,5.71,30.73,91.42,1419.77,72.77,456.3,5472833364.57,1382.81,3.73,0.0027
727,Millet,Red,Kharif,Rainfed,80,34,23,6.98,35.62,64.85,427.14,41.77,580.94,2245821478.53,322.05,2.42,0.00751
728,Tomato,Red,Zaid,Drip,65,63,63,6.11,24.88,50.83,583.15,43.7,8.6,31745459.99,665.93,36.31,0.05453
729,Rice,Clay,Kharif,Furrow,107,36,41,6.46,24.58,83.74,982.79,73.95,2.36,9300924.47,1165.49,6.38,0.00547
730,Rice,Loamy,Kharif,Drip,97,53,46,5.67,31.55,93.1,1389.75,78.38,8.62,21735830.42,1641.5,4.34,0.00264
731,Maize,Loamy,Kharif,Sprinkler,86,52,33,6.98,20.1,71.9,794.1,54.46,31.62,319037110.07,514.64,5.38,0.01045
732,Groundnut,Red,Kharif,Sprinkler,57,35,38,7.19,23.76,51.92,556.41,30.73,6.66,48597024.85,535.0,2.5,0.00467
733,Tomato,Loamy,Kharif,Furrow,89,65,80,6.69,25.98,76.83,535.21,39.0,0.4,3192087.88,531.49,61.65,0.11599
734,Tomato,Loamy,Kharif,Sprinkler,53,56,83,5.87,28.59,51.13,494.67,43.76,2.65,29595273.47,633.04,33.65,0.05316
735,Sugarcane,Loamy,Zaid,Drip,116,66,95,7.3,29.62,88.33,796.88,63.55,26.29,282890685.02,1947.78,62.28,0.03197
736,Cotton,Loamy,Kharif,Sprinkler,58,46,32,6.27,26.26,51.49,951.47,42.1,0.64,6465668.09,793.46,1.4,0.00176
737,Rice,Clay,Kharif,Flood,89,45,68,6.02,24.49,85.19,1288.42,81.94,72.13,577731283.73,1150.61,5.38,0.00468
738,Maize,Black,Rabi,Drip,118,41,47,6.68,20.67,79.01,387.24,40.8,8.87,123298077.88,645.97,4.76,0.00737
739,Cotton,Black,Kharif,Sprinkler,81,32,49,5.9,33.73,59.89,727.53,50.46,7.16,93934974.01,1052.53,1.56,0.00148
740,Groundnut,Laterite,Rabi,Drip,32,39,51,6.95,31.65,64.87,424.25,35.54,8.38,60594961.88,519.32,1.42,0.00273
741,Maize,Alluvial,Kharif,Furrow,115,39,46,6.3,21.9,53.17,347.53,59.77,5.1,44663519.33,551.37,3.4,0.00617
742,Millet,Loamy,Kharif,Drip,86,40,22,6.35,25.01,57.52,199.85,43.12,2.65,18473081.54,256.79,2.98,0.0116
743,Sugarcane,Loamy,Kharif,Flood,137,79,81,6.64,25.32,68.68,1281.8,70.38,77.35,231272527.29,2302.05,100.62,0.04371
744,Maize,Red,Rabi,Sprinkler,105,57,50,5.81,30.77,66.32,712.58,59.67,302.94,3455566759.7,589.02,4.73,0.00803
745,Cotton,Alluvial,Kharif,Furrow,94,49,30,7.0,32.03,54.57,929.5,38.23,32.74,206852047.85,893.46,2.48,0.00278
746,Cotton,Black,Kharif,Drip,70,41,47,7.76,23.87,61.02,797.4,36.22,698.06,8675133849.61,674.43,2.62,0.00388
747,Rice,Alluvial,Kharif,Flood,125,37,63,6.15,26.05,91.94,891.38,68.54,73.55,394723745.01,1598.01,5.51,0.00345
748,Wheat,Loamy,Rabi,Drip,78,50,46,6.05,22.28,47.23,176.35,46.47,832.9,9165454090.94,599.95,4.18,0.00697
749,Rice,Clay,Kharif,Flood,91,61,42,6.08,27.36,81.49,1050.47,64.29,0.3,3076411.31,1403.23,4.5,0.00321
750,Tomato,Alluvial,Zaid,Furrow,61,56,84,5.64,29.81,60.1,456.97,38.32,19.48,117135045.4,472.12,30.85,0.06534
751,Wheat,Clay,Rabi,Flood,120,43,54,6.91,24.38,64.96,212.85,40.19,3.6,15300166.0,541.06,3.51,0.00649
752,Tomato,Alluvial,Rabi,Sprinkler,77,35,55,5.75,22.48,64.43,488.29,56.34,1.74,25650778.09,491.27,40.16,0.08175
753,Rice,Alluvial,Kharif,Drip,113,46,51,6.16,24.44,74.04,1535.25,63.09,33.89,156696845.22,1614.74,3.56,0.0022
754,Cotton,Alluvial,Kharif,Drip,108,37,33,6.27,22.81,72.77,580.97,61.38,7.56,29344724.9,865.48,3.25,0.00376
755,Cotton,Alluvial,Kharif,Furrow,88,63,47,7.17,28.32,61.09,507.47,49.98,3.45,36065894.91,887.08,2.26,0.00255
756,Groundnut,Loamy,Kharif,Sprinkler,69,59,31,5.5,22.23,67.26,494.43,55.18,4.0,58586386.67,536.69,3.17,0.00591
757,Rice,Clay,Kharif,Flood,109,69,64,5.59,29.72,93.11,996.39,88.8,5.34,34127887.85,1666.88,6.4,0.00384
758,Groundnut,Laterite,Kharif,Drip,32,49,64,6.45,23.75,67.95,599.81,45.46,690.23,7738949603.33,562.41,2.95,0.00525
759,Maize,Black,Kharif,Furrow,114,35,36,6.73,21.24,54.5,616.99,66.06,9.71,52502241.1,539.35,6.6,0.01224
760,Sugarcane,Clay,Zaid,Flood,144,59,107,7.45,31.12,73.54,994.19,88.42,3.12,41366031.19,1931.57,60.83,0.03149
761,Wheat,Alluvial,Rabi,Flood,60,45,56,6.81,16.76,49.37,64.78,36.73,1.8,4747875.3,520.24,5.85,0.01124
762,Rice,Loamy,Kharif,Flood,120,39,45,6.64,25.07,82.09,1444.78,76.71,71.32,219572136.55,1353.38,2.92,0.00216
763,Maize,Black,Kharif,Sprinkler,93,59,58,5.99,26.22,77.62,304.24,41.68,4.87,14858647.32,722.75,4.34,0.006
764,Millet,Sandy,Zaid,Sprinkler,51,18,35,6.48,33.7,41.13,373.34,23.66,1.26,17422872.34,471.65,2.85,0.00604
765,Millet,Sandy,Zaid,Drip,83,47,26,6.51,28.5,61.06,206.83,25.5,7.38,79421287.45,275.75,3.4,0.01233
766,Wheat,Clay,Rabi,Sprinkler,97,60,38,6.07,10.67,42.66,165.96,40.45,9.5,59946711.28,464.16,4.0,0.00862
767,Sugarcane,Black,Zaid,Flood,90,56,106,6.18,31.55,83.87,1428.16,79.54,7.08,62971161.7,2091.7,61.31,0.02931
768,Millet,Red,Kharif,Sprinkler,90,24,22,5.52,29.59,30.1,319.5,37.6,0.2,2246156.1,281.81,3.33,0.01182
769,Wheat,Clay,Rabi,Sprinkler,103,52,57,7.06,21.09,61.73,197.6,32.22,5.37,35892262.34,608.21,3.56,0.00585
770,Tomato,Red,Rabi,Drip,97,62,52,6.73,20.13,60.78,360.43,43.99,3.27,10111157.29,581.28,48.84,0.08402
771,Maize,Red,Kharif,Sprinkler,119,31,55,6.91,31.79,77.3,457.91,60.75,46.97,654097611.46,617.66,5.91,0.00957
772,Rice,Loamy,Kharif,Drip,138,39,37,5.82,27.01,80.61,1073.13,68.74,7.03,70624982.77,1686.37,5.14,0.00305
773,Millet,Sandy,Zaid,Drip,41,26,26,6.99,30.16,31.62,445.15,36.78,279.57,3810311022.5,308.65,2.89,0.00936
774,Millet,Sandy,Kharif,Sprinkler,47,32,44,6.11,33.3,59.61,254.3,21.53,48.16,714797641.51,356.74,1.96,0.00549
775,Maize,Loamy,Rabi,Drip,104,44,55,6.57,30.43,68.15,553.95,43.69,4.99,74790997.08,696.86,6.15,0.00883
776,Maize,Black,Rabi,Drip,74,60,44,6.51,31.69,62.52,703.65,55.78,2.34,12749958.45,541.32,3.8,0.00702
777,Millet,Red,Zaid,Sprinkler,52,21,60,6.28,34.3,49.45,152.28,24.72,379.11,4606305729.61,407.41,3.09,0.00758
778,Groundnut,Laterite,Kharif,Rainfed,60,25,75,6.17,30.38,63.62,547.63,40.78,5.02,59143198.61,558.92,2.47,0.00442
779,Groundnut,Laterite,Kharif,Rainfed,56,52,52,6.62,28.74,67.74,638.15,46.22,2.35,18655185.49,594.86,2.46,0.00414
780,Cotton,Black,Kharif,Sprinkler,54,65,62,5.84,22.56,52.34,862.96,58.27,5.31,58529537.57,686.94,2.65,0.00386
781,Groundnut,Laterite,Rabi,Sprinkler,62,25,71,6.8,25.08,65.88,560.52,34.3,9.35,89738161.39,522.34,2.83,0.00542
782,Groundnut,Loamy,Rabi,Rainfed,45,32,32,6.17,31.0,70.12,674.6,34.58,2.17,23648983.25,601.4,2.21,0.00367
783,Groundnut,Loamy,Rabi,Drip,47,34,64,5.54,23.3,62.96,458.39,58.97,0.37,1718218.66,554.17,1.82,0.00328
784,Rice,Alluvial,Kharif,Furrow,105,55,44,6.3,28.86,72.79,1384.74,72.78,6.34,55028881.4,1433.91,4.06,0.00283
785,Groundnut,Sandy,Rabi,Sprinkler,70,32,40,7.05,31.18,60.53,456.4,41.43,0.55,1951162.51,648.68,1.55,0.00239
786,Groundnut,Red,Rabi,Drip,67,34,54,7.02,29.9,54.94,480.23,53.41,4.08,59834509.42,596.88,2.78,0.00466
787,Maize,Alluvial,Kharif,Rainfed,70,49,58,6.15,30.35,61.52,399.81,54.04,7.72,57675142.5,802.72,3.57,0.00445
788,Maize,Black,Rabi,Furrow,99,47,48,6.08,30.75,79.22,325.87,63.87,6.42,21619872.29,531.0,5.78,0.01089
789,Maize,Black,Kharif,Drip,108,65,40,6.43,31.4,63.16,750.22,66.06,7.76,24466940.35,654.9,3.61,0.00551
790,Cotton,Alluvial,Kharif,Drip,105,50,73,7.46,29.17,47.54,508.64,58.46,24.65,344844036.58,928.85,1.74,0.00187
791,Groundnut,Loamy,Rabi,Drip,57,27,45,6.51,31.52,72.66,612.3,30.57,49.03,522468571.14,642.74,1.56,0.00243
792,Cotton,Black,Kharif,Sprinkler,86,30,65,5.94,25.83,66.51,578.54,45.45,56.67,797156247.1,1019.31,2.42,0.00237
793,Sugarcane,Alluvial,Zaid,Drip,101,82,97,6.44,33.8,82.61,1054.68,76.69,9.3,112669881.48,1599.56,101.6,0.06352
794,Tomato,Loamy,Kharif,Drip,62,51,68,6.71,28.11,60.09,407.44,59.28,4.42,56987071.45,476.37,47.06,0.09879
795,Wheat,Clay,Rabi,Drip,116,46,53,6.77,16.35,52.02,213.59,50.33,2.76,33694631.65,467.89,4.17,0.00891
796,Millet,Loamy,Zaid,Sprinkler,61,42,41,6.36,32.52,51.31,441.62,23.47,65.47,820204603.87,337.42,2.35,0.00696
797,Rice,Loamy,Kharif,Furrow,132,43,45,5.59,32.98,88.27,1360.32,86.23,1.36,19279440.14,1450.95,5.55,0.00383
798,Sugarcane,Loamy,Kharif,Flood,159,75,86,6.35,34.32,69.26,1225.72,71.35,9.6,82339511.17,2545.35,80.42,0.03159
799,Groundnut,Loamy,Rabi,Drip,66,44,56,6.34,28.83,55.93,372.31,55.65,9.9,103468877.44,589.22,1.65,0.0028
800,Maize,Red,Rabi,Rainfed,110,64,33,6.57,23.71,70.94,716.69,63.58,3.35,42558281.41,612.25,4.26,0.00696
801,Rice,Alluvial,Kharif,Drip,94,53,61,6.08,32.17,73.59,935.7,68.04,51.04,211836341.22,1609.61,5.47,0.0034
802,Groundnut,Loamy,Kharif,Rainfed,70,32,65,5.88,28.23,57.37,360.56,35.39,36.35,522014423.36,613.07,2.5,0.00408
803,Maize,Red,Rabi,Rainfed,77,47,30,5.94,25.14,64.96,715.53,64.43,5.4,72446563.03,740.79,4.95,0.00668
804,Wheat,Clay,Rabi,Flood,120,56,65,6.77,11.04,46.73,205.28,33.33,8.81,106191106.06,597.02,3.72,0.00623
805,Wheat,Clay,Rabi,Furrow,68,42,57,6.27,18.42,69.42,160.06,49.37,49.15,230987806.05,515.95,5.08,0.00985
806,Cotton,Alluvial,Kharif,Drip,70,29,55,7.49,21.25,61.92,586.72,43.38,9.87,113486237.12,999.8,2.37,0.00237
807,Wheat,Clay,Rabi,Flood,107,34,66,6.78,10.53,61.28,246.92,37.74,4.03,29137121.13,525.91,5.07,0.00964
808,Tomato,Laterite,Zaid,Sprinkler,98,58,41,6.73,27.27,65.49,398.73,60.07,2.8,13260567.25,591.24,62.51,0.10573
809,Maize,Red,Kharif,Drip,101,46,52,6.48,31.16,77.01,392.64,60.58,67.22,377376128.75,589.34,4.5,0.00764
810,Groundnut,Sandy,Kharif,Rainfed,61,30,66,5.56,25.02,60.57,554.95,34.49,7.49,62258993.72,513.84,2.8,0.00545
811,Tomato,Loamy,Kharif,Drip,86,45,90,6.98,28.43,72.13,254.86,35.91,834.66,12194180104.89,540.06,34.67,0.0642
812,Wheat,Loamy,Rabi,Furrow,94,58,37,6.46,24.1,66.05,70.36,37.49,5.59,34306331.8,580.48,3.3,0.00568
813,Groundnut,Loamy,Kharif,Drip,35,47,73,6.16,27.85,57.54,595.93,33.04,33.85,489665849.63,505.87,1.83,0.00362
814,Cotton,Loamy,Kharif,Sprinkler,62,32,59,6.42,30.09,65.72,763.19,53.34,13.79,152453628.39,822.25,2.37,0.00288
815,Millet,Red,Kharif,Rainfed,35,17,63,6.92,26.34,55.36,382.64,35.88,29.3,332058987.31,392.7,1.45,0.00369
816,Sugarcane,Loamy,Kharif,Flood,146,60,80,6.81,27.89,83.2,1352.12,86.88,6.81,50310794.42,1934.57,92.76,0.04795
817,Cotton,Black,Kharif,Sprinkler,109,37,46,7.0,24.75,46.0,525.79,55.85,1.64,9459435.89,1059.08,3.21,0.00303
818,Tomato,Loamy,Kharif,Furrow,64,58,42,6.24,22.02,73.38,242.33,60.71,90.55,816088448.06,427.41,64.45,0.15079
819,Maize,Red,Rabi,Sprinkler,93,57,32,6.21,22.9,76.1,531.92,60.51,12.05,54505929.18,481.99,4.92,0.01021
820,Wheat,Clay,Rabi,Drip,101,44,45,6.37,10.99,60.33,54.73,54.28,63.64,677942638.08,520.49,5.11,0.00982
821,Tomato,Red,Rabi,Furrow,57,74,81,6.43,27.63,50.03,410.81,54.59,3.1,29365352.53,498.29,73.67,0.14785
822,Wheat,Alluvial,Rabi,Sprinkler,114,59,44,6.39,21.83,61.75,151.07,41.67,65.57,916986594.88,534.94,4.91,0.00918
823,Wheat,Clay,Rabi,Flood,116,65,49,6.68,24.06,68.79,242.15,54.57,3.96,27895937.61,643.89,4.61,0.00716
824,Rice,Alluvial,Kharif,Flood,136,66,69,6.73,29.55,82.3,1587.64,66.55,720.28,2989610309.85,1533.35,4.49,0.00293
825,Groundnut,Red,Rabi,Drip,68,54,57,6.19,27.51,72.15,669.5,42.0,2.35,22860803.96,510.42,2.18,0.00427
826,Wheat,Loamy,Rabi,Flood,114,39,43,6.21,20.67,46.65,73.6,59.97,64.83,616629662.91,640.33,3.21,0.00501
827,Wheat,Alluvial,Rabi,Furrow,85,60,31,6.52,21.46,56.29,231.81,54.08,97.17,388574972.41,623.01,5.08,0.00815
828,Rice,Loamy,Kharif,Drip,115,58,63,6.65,29.66,91.32,1270.11,68.66,5.26,22114631.35,1389.93,5.69,0.00409
829,Tomato,Laterite,Kharif,Furrow,85,52,60,6.95,27.21,57.27,486.39,35.61,9.38,54307105.13,532.6,72.97,0.13701
830,Sugarcane,Clay,Zaid,Flood,127,46,102,7.64,29.26,78.67,1197.6,85.43,35.68,448136156.35,2131.58,114.71,0.05381
831,Wheat,Clay,Rabi,Flood,100,46,35,6.38,12.0,50.95,224.4,42.56,29.4,417446428.26,478.32,2.76,0.00577
832,Wheat,Clay,Rabi,Drip,62,44,40,6.35,14.22,46.66,119.04,56.96,3.99,15825309.38,644.33,5.37,0.00833
833,Millet,Loamy,Kharif,Sprinkler,55,26,48,6.13,25.91,48.2,218.36,38.82,2.1,13422439.46,368.78,3.25,0.00881
834,Maize,Red,Kharif,Sprinkler,114,48,54,7.01,27.07,66.58,418.66,60.34,14.67,65413693.48,705.16,5.04,0.00715
835,Rice,Clay,Kharif,Flood,124,65,54,6.37,30.13,91.69,772.73,83.99,3.75,33748107.49,1384.98,3.36,0.00243
836,Millet,Red,Zaid,Drip,75,30,33,6.5,26.82,42.71,282.89,36.72,6.83,98562622.63,260.07,2.18,0.00838
837,Maize,Loamy,Rabi,Sprinkler,91,30,39,5.92,29.48,57.21,441.34,45.45,875.55,7431603301.21,834.19,4.0,0.0048
838,Sugarcane,Clay,Zaid,Flood,144,55,56,7.29,22.36,69.26,1314.6,63.7,6.97,30171767.46,1596.74,63.58,0.03982
839,Cotton,Alluvial,Kharif,Drip,103,58,40,5.88,33.68,71.29,592.41,42.96,32.5,417479166.16,1085.14,2.49,0.00229
840,Sugarcane,Black,Zaid,Drip,90,41,103,7.31,33.03,67.15,1337.7,84.14,4.37,61224863.77,2449.17,81.56,0.0333
841,Groundnut,Sandy,Kharif,Drip,33,33,68,6.55,30.65,51.65,489.15,58.2,3.67,14555656.47,551.26,2.63,0.00477
842,Wheat,Alluvial,Rabi,Furrow,96,40,56,6.92,10.25,45.23,83.11,32.94,6.75,26857421.29,467.15,2.9,0.00621
843,Rice,Loamy,Kharif,Flood,111,70,58,6.56,25.29,85.4,1373.84,69.37,1.1,7929647.94,1630.09,4.4,0.0027
844,Sugarcane,Loamy,Kharif,Drip,144,64,72,7.17,23.07,79.43,786.87,67.45,7.52,112227935.94,1455.07,49.54,0.03405
845,Cotton,Alluvial,Kharif,Drip,119,58,57,7.1,27.14,67.71,869.93,39.12,5.11,65260375.76,911.21,2.59,0.00284
846,Sugarcane,Clay,Zaid,Flood,156,50,102,6.45,29.4,78.88,1402.45,67.2,0.69,4775704.88,1747.33,77.85,0.04455
847,Rice,Alluvial,Kharif,Furrow,96,60,55,6.64,29.44,77.17,661.98,64.1,0.69,4477075.96,1353.2,3.98,0.00294
848,Maize,Red,Kharif,Rainfed,128,31,38,5.89,24.24,54.03,363.29,52.22,5.12,68015646.34,540.78,4.29,0.00793
849,Rice,Alluvial,Kharif,Furrow,101,69,63,6.06,26.29,90.87,961.29,64.91,8.53,114743372.78,1515.78,5.76,0.0038
850,Groundnut,Loamy,Kharif,Sprinkler,38,48,40,7.18,31.59,71.22,621.36,47.33,10.97,82786811.53,462.1,2.31,0.005
851,Tomato,Laterite,Rabi,Sprinkler,84,53,48,5.66,20.67,60.46,205.62,55.77,5.22,22797694.47,604.34,41.27,0.06829
852,Wheat,Loamy,Rabi,Drip,65,54,50,7.24,24.43,58.23,241.3,42.39,0.55,4662134.52,532.33,3.85,0.00723
853,Millet,Red,Kharif,Drip,90,22,41,5.86,28.59,36.85,359.0,32.91,4.37,13853965.99,456.84,2.46,0.00538
854,Sugarcane,Black,Kharif,Drip,92,59,58,6.83,24.21,80.56,1530.46,66.01,8.85,91545728.07,1697.25,82.64,0.04869
855,Sugarcane,Black,Kharif,Drip,124,47,61,7.14,33.38,70.12,1090.68,63.87,0.84,5258002.56,2642.67,90.59,0.03428
856,Rice,Clay,Kharif,Flood,97,46,58,5.75,28.59,83.34,933.64,67.55,25.15,168790692.88,1362.73,5.02,0.00368
857,Sugarcane,Clay,Zaid,Drip,139,77,76,7.57,31.52,90.15,1344.72,64.46,1.82,18526034.23,1638.37,75.74,0.04623
858,Sugarcane,Clay,Kharif,Furrow,118,71,84,6.92,24.63,69.66,768.08,84.59,774.54,6864926495.29,2267.08,79.42,0.03503
859,Millet,Sandy,Zaid,Drip,87,50,53,5.71,32.16,34.22,173.17,37.32,8.89,26123942.17,300.3,3.07,0.01022
860,Maize,Alluvial,Kharif,Sprinkler,79,60,40,6.56,24.04,57.15,677.62,65.48,2.82,16957894.63,523.28,3.7,0.00707
861,Millet,Sandy,Kharif,Sprinkler,78,45,31,6.88,30.98,59.31,438.11,29.18,2.39,32807182.6,246.76,1.56,0.00632
862,Cotton,Loamy,Kharif,Sprinkler,57,45,64,7.24,25.06,71.21,867.17,47.97,78.14,528784966.8,781.09,1.61,0.00206
863,Wheat,Loamy,Rabi,Furrow,60,32,40,6.04,12.29,65.71,209.63,55.37,1.41,8460465.49,521.34,3.83,0.00735
864,Groundnut,Laterite,Rabi,Sprinkler,28,59,75,5.9,29.37,52.6,359.36,30.85,3.76,55837063.67,435.47,2.39,0.00549
865,Millet,Sandy,Kharif,Sprinkler,54,42,43,6.54,30.17,51.45,415.69,27.54,37.53,561794624.51,297.05,2.72,0.00916
866,Rice,Clay,Kharif,Flood,90,39,69,5.96,33.86,80.77,830.13,77.09,8.64,118636232.66,1290.41,4.99,0.00387
867,Millet,Loamy,Zaid,Drip,81,17,30,7.04,31.63,50.22,164.91,21.49,2.57,11698758.01,349.75,2.91,0.00832
868,Cotton,Alluvial,Kharif,Furrow,107,62,72,5.91,26.99,70.41,681.61,55.87,2.91,12135577.98,899.42,3.58,0.00398
869,Millet,Loamy,Zaid,Rainfed,65,47,25,6.91,29.74,37.14,438.32,37.99,4.53,20010732.82,300.18,2.34,0.0078
870,Sugarcane,Alluvial,Kharif,Drip,141,60,93,6.8,30.3,89.98,1594.0,69.68,16.12,84437156.41,1771.25,78.8,0.04449
871,Groundnut,Loamy,Rabi,Drip,50,34,52,6.8,25.33,59.57,652.97,59.17,2.25,12282103.91,502.96,2.94,0.00585
872,Maize,Black,Kharif,Rainfed,116,54,55,6.18,24.57,64.28,656.91,42.68,2.77,13510973.95,787.26,4.05,0.00514
873,Wheat,Alluvial,Rabi,Drip,98,32,46,6.14,10.06,42.37,154.55,36.93,23.03,99770026.37,503.88,3.42,0.00679
874,Groundnut,Red,Kharif,Rainfed,36,57,66,6.09,26.96,66.85,637.79,39.04,6.78,60513995.51,556.8,2.05,0.00368
875,Tomato,Red,Zaid,Furrow,97,40,41,6.27,27.28,71.3,564.82,64.13,4.17,41188918.1,556.54,36.27,0.06517
876,Wheat,Loamy,Rabi,Furrow,95,44,44,6.51,22.51,52.66,155.48,46.89,6.07,64874664.85,554.05,3.16,0.0057
877,Millet,Loamy,Zaid,Sprinkler,90,46,55,6.33,28.31,43.57,366.36,36.39,6.76,70819287.6,336.06,2.66,0.00792
878,Tomato,Loamy,Kharif,Sprinkler,74,66,64,5.82,21.56,78.36,402.82,45.93,8.7,113552904.57,579.04,72.51,0.12522
879,Tomato,Alluvial,Rabi,Drip,62,50,53,6.39,25.87,56.08,498.51,41.0,75.89,967359677.94,568.38,66.52,0.11703
880,Wheat,Alluvial,Rabi,Furrow,120,44,55,6.31,17.55,43.55,135.36,45.61,6.59,20952401.52,605.96,3.3,0.00545
881,Rice,Alluvial,Kharif,Flood,117,47,61,6.63,27.1,87.97,1177.39,89.5,6.01,18552362.72,1315.16,3.96,0.00301
882,Rice,Alluvial,Kharif,Furrow,120,51,70,6.41,25.81,91.45,977.16,88.93,91.75,1157014683.81,1552.99,4.64,0.00299
883,Rice,Loamy,Kharif,Drip,91,60,37,6.05,33.93,77.26,1013.14,87.09,3.24,42924087.39,1796.91,3.87,0.00215
884,Wheat,Clay,Rabi,Sprinkler,104,52,70,7.0,20.07,68.78,119.31,38.99,4.84,21068651.71,446.2,5.89,0.0132
885,Groundnut,Loamy,Kharif,Drip,48,27,50,6.78,22.12,55.57,481.98,45.2,2.42,6097524.29,396.65,1.97,0.00497
886,Cotton,Loamy,Kharif,Drip,75,26,78,5.9,28.42,62.33,849.64,54.16,3.36,16311346.22,1002.48,3.21,0.0032
887,Tomato,Alluvial,Rabi,Sprinkler,88,74,73,5.76,26.03,72.11,395.76,45.21,46.85,550540982.2,569.24,65.36,0.11482
888,Wheat,Clay,Rabi,Drip,79,54,59,6.78,12.97,65.28,242.85,43.99,537.58,5670060125.46,531.96,3.24,0.00609
889,Tomato,Red,Kharif,Drip,105,36,89,6.68,21.9,73.53,461.92,55.87,1.98,7173788.57,430.32,38.32,0.08905
890,Tomato,Loamy,Zaid,Furrow,62,71,69,6.16,21.2,75.83,410.06,62.69,871.72,8006460050.02,509.78,54.07,0.10607
891,Rice,Alluvial,Kharif,Flood,111,52,64,6.17,25.76,71.45,726.19,67.54,31.52,166667728.57,1414.54,4.32,0.00305
892,Wheat,Clay,Rabi,Furrow,83,52,62,7.43,24.93,65.12,211.06,40.98,7.89,41094247.82,503.04,2.54,0.00505
893,Groundnut,Loamy,Kharif,Sprinkler,35,46,54,5.51,27.11,59.42,627.33,31.17,6.0,59420016.69,617.93,3.21,0.00519
894,Sugarcane,Loamy,Kharif,Furrow,112,80,74,7.76,23.51,88.88,710.41,74.6,12.97,87970708.05,1480.29,57.29,0.0387
895,Groundnut,Laterite,Kharif,Rainfed,66,38,67,5.67,26.23,61.43,448.12,38.36,8.17,82385363.63,499.32,3.35,0.00671
896,Maize,Red,Rabi,Furrow,121,42,67,6.18,31.83,74.49,697.4,60.03,72.89,866903378.81,735.83,3.81,0.00518
897,Millet,Red,Zaid,Rainfed,90,27,56,7.0,32.88,59.17,386.56,34.9,8.89,121751486.88,367.36,3.72,0.01013
898,Millet,Red,Zaid,Sprinkler,51,42,53,6.58,30.0,38.4,223.77,24.62,5.33,70284678.84,350.98,2.55,0.00727
899,Maize,Red,Kharif,Drip,90,32,48,6.98,27.92,72.69,364.1,62.98,1.94,10813896.6,714.95,4.18,0.00585
900,Millet,Red,Zaid,Rainfed,36,49,53,6.09,30.7,41.63,382.41,25.66,2.55,21316047.05,273.2,2.11,0.00772
901,Wheat,Clay,Rabi,Flood,99,61,57,6.35,16.77,45.88,85.75,39.02,9.39,131589425.12,604.85,3.67,0.00607
902,Rice,Loamy,Kharif,Furrow,110,65,59,5.69,32.05,71.49,1004.85,84.58,3.67,54635839.86,1359.14,4.19,0.00308
903,Groundnut,Sandy,Rabi,Rainfed,44,34,54,7.04,29.64,61.43,684.4,31.58,4.03,60398062.96,428.81,2.8,0.00653
904,Groundnut,Loamy,Rabi,Rainfed,51,58,40,5.97,26.5,58.07,357.46,49.69,3.58,17662600.84,536.4,2.57,0.00479
905,Tomato,Loamy,Kharif,Sprinkler,76,66,46,5.98,28.41,65.17,412.73,56.67,8.08,25581000.53,663.55,37.74,0.05688
906,Rice,Clay,Kharif,Flood,122,50,56,6.0,29.39,87.58,1104.48,64.21,9.24,64474417.97,1502.87,7.39,0.00492
907,Tomato,Loamy,Zaid,Sprinkler,73,54,65,5.67,26.85,71.01,517.7,44.76,177.47,2008200372.67,564.59,37.22,0.06592
908,Maize,Loamy,Rabi,Sprinkler,101,43,64,6.58,31.94,62.9,795.0,43.79,889.03,9763889591.09,645.91,5.24,0.00811
909,Maize,Alluvial,Kharif,Sprinkler,116,35,55,6.01,20.88,68.44,550.14,47.14,4.02,15865573.77,567.73,6.57,0.01157
910,Millet,Sandy,Kharif,Drip,58,36,54,6.35,29.58,51.02,332.66,36.13,3.19,26103830.29,246.21,2.59,0.01052
911,Cotton,Loamy,Kharif,Furrow,102,36,38,7.19,25.29,56.46,859.64,37.15,7.21,103410596.06,768.13,3.62,0.00471
912,Maize,Black,Kharif,Drip,119,65,42,6.73,21.0,76.14,558.0,45.29,56.77,674665144.52,569.57,6.42,0.01127
913,Sugarcane,Clay,Kharif,Furrow,138,75,75,7.16,34.0,69.55,1049.32,61.7,27.73,82006529.85,2271.09,99.69,0.0439
914,Maize,Loamy,Rabi,Drip,120,46,51,6.79,21.25,75.36,657.63,43.6,1.88,6354546.97,637.9,3.72,0.00583
915,Rice,Alluvial,Kharif,Flood,86,51,64,5.86,30.13,82.96,1442.12,68.66,399.33,5434947761.01,1480.12,3.96,0.00268
916,Groundnut,Red,Kharif,Sprinkler,50,38,40,6.88,31.3,65.78,568.27,41.7,1.64,17507969.98,444.07,1.68,0.00378
917,Groundnut,Loamy,Rabi,Drip,28,51,47,5.92,23.46,53.65,439.67,46.11,66.54,598641085.67,628.02,2.47,0.00393
918,Sugarcane,Clay,Zaid,Drip,92,58,50,6.6,24.08,88.9,749.83,80.24,0.89,6043395.96,1728.75,84.67,0.04898
919,Sugarcane,Clay,Kharif,Drip,139,57,94,6.93,31.93,86.68,759.72,66.68,64.86,912876810.95,2003.73,57.4,0.02865
920,Groundnut,Laterite,Kharif,Rainfed,56,27,44,7.03,28.83,56.15,689.42,52.96,5.23,69314512.19,638.17,2.24,0.00351
921,Wheat,Alluvial,Rabi,Sprinkler,91,49,58,6.79,16.27,42.56,75.21,52.81,9.07,23152617.35,618.83,3.78,0.00611
922,Cotton,Black,Kharif,Furrow,104,53,51,6.83,27.42,51.06,860.7,38.09,0.66,8822013.22,785.88,2.0,0.00254
923,Tomato,Laterite,Zaid,Furrow,66,41,47,6.6,23.35,78.31,465.73,50.94,960.79,9947725210.81,434.16,41.63,0.09589
924,Rice,Alluvial,Kharif,Drip,97,54,40,6.72,27.39,87.34,1316.43,66.63,7.69,23092336.51,1721.63,3.94,0.00229
925,Cotton,Black,Kharif,Sprinkler,81,30,57,6.8,33.3,58.46,834.24,46.29,69.0,960963225.33,900.28,2.49,0.00277
926,Wheat,Clay,Rabi,Furrow,79,36,30,7.01,15.51,65.31,156.63,44.03,4.26,29952692.55,435.24,4.03,0.00926
927,Sugarcane,Alluvial,Kharif,Drip,160,48,61,6.26,25.13,81.83,942.09,79.19,1.06,3880904.07,1878.86,76.78,0.04087
928,Cotton,Loamy,Kharif,Furrow,101,29,61,6.79,34.24,48.05,940.0,59.0,1.73,9378863.37,1210.0,2.89,0.00239
929,Sugarcane,Black,Zaid,Flood,125,48,78,7.12,25.01,77.85,1544.64,67.15,5.41,55568426.56,1609.74,86.57,0.05378
930,Tomato,Laterite,Kharif,Drip,63,71,58,5.82,24.51,57.04,559.77,40.73,1.98,6867882.14,467.99,67.04,0.14325
931,Wheat,Clay,Rabi,Flood,107,49,40,7.17,16.33,63.27,114.6,46.94,5.94,70768204.0,566.92,4.06,0.00716
932,Wheat,Alluvial,Rabi,Sprinkler,91,41,61,6.08,11.08,51.29,94.69,41.24,6.78,72081819.0,572.78,3.69,0.00644
933,Cotton,Black,Kharif,Sprinkler,116,60,67,6.96,23.9,64.47,795.86,55.5,954.15,13906211893.93,883.95,3.53,0.00399
934,Tomato,Laterite,Rabi,Furrow,50,71,72,5.77,21.54,58.93,393.25,35.33,8.92,72314093.43,649.99,45.85,0.07054
935,Rice,Clay,Kharif,Drip,83,65,38,6.77,31.15,82.6,696.65,60.55,8.46,66823038.64,1625.49,3.6,0.00221
936,Groundnut,Sandy,Kharif,Rainfed,30,42,67,6.63,28.06,70.25,507.34,38.36,7.13,95896594.05,518.17,2.06,0.00398
937,Tomato,Alluvial,Kharif,Sprinkler,74,47,80,5.7,27.7,60.58,250.2,37.37,1.34,6917542.9,492.52,58.02,0.1178
938,Sugarcane,Loamy,Zaid,Drip,128,49,93,6.06,30.36,85.67,1288.14,77.06,8.63,30653969.35,2120.19,100.15,0.04724
939,Cotton,Alluvial,Kharif,Drip,91,61,63,6.2,27.12,71.42,607.72,35.0,8.25,115403420.24,892.54,2.52,0.00282
940,Millet,Sandy,Zaid,Sprinkler,53,50,30,5.94,33.1,32.81,222.81,42.15,55.6,613291541.42,464.95,1.51,0.00325
941,Rice,Clay,Kharif,Furrow,136,42,52,6.41,29.09,88.69,1112.87,69.82,4.13,58782155.94,1485.15,5.0,0.00337
942,Rice,Clay,Kharif,Furrow,97,58,35,6.43,24.11,86.4,763.22,65.41,4.82,69496389.73,1277.03,3.55,0.00278
943,Groundnut,Laterite,Kharif,Drip,30,44,39,6.63,25.23,63.81,379.05,46.37,86.31,303742050.0,437.4,1.97,0.0045
944,Wheat,Loamy,Rabi,Flood,92,32,45,6.94,17.58,68.1,131.88,32.47,2.71,18278017.9,471.28,5.59,0.01186
945,Maize,Loamy,Rabi,Furrow,127,53,44,6.07,25.05,60.56,795.01,53.92,2.64,19861919.09,689.59,4.51,0.00654
946,Tomato,Red,Zaid,Sprinkler,59,75,57,6.2,19.92,55.36,441.39,57.53,0.78,6866629.12,517.17,64.82,0.12534
947,Rice,Alluvial,Kharif,Furrow,119,67,66,6.52,27.66,85.81,1347.29,88.71,4.05,56294654.3,1589.1,5.86,0.00369
948,Sugarcane,Alluvial,Zaid,Drip,101,40,62,7.36,30.83,92.15,982.42,85.44,7.09,88122411.15,1594.13,85.16,0.05342
949,Maize,Black,Kharif,Rainfed,119,47,45,7.18,28.67,73.34,684.36,57.52,5.3,31915004.69,576.49,5.79,0.01004
950,Cotton,Alluvial,Kharif,Sprinkler,73,51,67,7.9,27.15,47.92,833.27,35.29,5.0,44775534.0,974.35,2.36,0.00242
951,Groundnut,Sandy,Kharif,Drip,37,42,49,7.02,23.35,58.12,417.31,42.81,6.72,56463959.74,456.7,1.72,0.00377
952,Sugarcane,Black,Kharif,Flood,98,73,79,6.4,35.34,74.76,1202.06,81.05,0.86,6628623.29,2421.77,100.54,0.04152
953,Sugarcane,Loamy,Zaid,Drip,109,63,106,6.25,30.5,74.23,863.6,62.82,9.8,28780674.02,1901.04,59.61,0.03136
954,Maize,Black,Rabi,Furrow,76,34,35,6.84,23.56,54.38,620.38,49.04,362.21,4558466790.45,669.32,5.71,0.00853
955,Wheat,Clay,Rabi,Flood,105,62,61,6.81,18.04,61.57,189.53,50.1,31.26,213022137.12,468.46,3.75,0.008
956,Maize,Red,Rabi,Sprinkler,110,47,39,6.72,26.16,54.57,429.2,55.65,3.09,8696399.48,557.11,6.94,0.01246
957,Millet,Sandy,Zaid,Rainfed,36,18,62,7.24,32.3,45.26,344.71,43.37,8.63,128830443.84,419.45,2.09,0.00498
958,Maize,Red,Rabi,Rainfed,127,44,44,6.8,30.59,55.12,402.82,57.43,40.88,275869019.9,686.84,5.99,0.00872
959,Rice,Loamy,Kharif,Furrow,90,39,55,5.69,33.29,89.95,833.82,68.93,8.21,64443298.44,1560.62,4.89,0.00313
960,Millet,Sandy,Kharif,Rainfed,83,31,45,5.71,28.59,51.1,190.45,33.75,0.48,1513584.89,329.74,2.23,0.00676
961,Wheat,Alluvial,Rabi,Furrow,60,39,49,7.15,11.5,62.06,166.84,45.14,7.16,87551035.97,540.92,3.31,0.00612
962,Maize,Loamy,Kharif,Sprinkler,109,57,36,6.49,20.03,55.81,615.87,66.23,9.34,35379068.01,678.65,3.94,0.00581
963,Groundnut,Sandy,Kharif,Drip,49,47,33,7.08,31.21,73.72,452.53,51.51,2.8,19978301.06,449.17,2.99,0.00666
964,Sugarcane,Alluvial,Zaid,Drip,150,75,67,6.95,24.69,73.32,758.5,79.28,24.41,102127666.47,2201.95,63.18,0.02869
965,Sugarcane,Loamy,Zaid,Furrow,142,63,58,6.28,25.8,68.83,1540.69,68.65,609.98,8614384647.07,1944.85,58.98,0.03033
966,Groundnut,Sandy,Rabi,Rainfed,33,42,54,6.23,29.97,51.05,566.2,51.32,9.34,27792224.57,609.46,1.64,0.00269
967,Maize,Alluvial,Rabi,Rainfed,121,58,37,6.59,30.56,57.23,380.22,58.41,6.88,31984147.84,596.78,5.85,0.0098
968,Maize,Alluvial,Rabi,Furrow,77,56,30,6.88,24.35,61.9,699.93,45.4,6.94,92527906.05,593.04,6.39,0.01077
969,Wheat,Loamy,Rabi,Sprinkler,63,60,31,6.35,23.39,53.59,191.55,54.81,6.32,37145805.74,612.19,4.3,0.00702
970,Wheat,Clay,Rabi,Sprinkler,68,58,46,6.36,20.88,63.58,240.86,34.43,73.17,203223227.98,511.41,4.17,0.00815
971,Tomato,Red,Kharif,Drip,62,46,90,6.89,19.84,78.03,401.52,60.15,5.65,26787951.4,558.43,41.96,0.07514
972,Cotton,Loamy,Kharif,Furrow,117,43,34,7.2,21.85,47.31,798.57,51.54,7.48,44485546.54,1085.52,2.17,0.002
973,Wheat,Loamy,Rabi,Furrow,79,45,61,6.52,20.15,53.38,171.56,54.87,2.82,16300032.62,575.25,5.62,0.00977
974,Tomato,Red,Zaid,Furrow,73,51,46,5.86,24.41,77.49,320.22,42.93,23.47,290988160.66,521.6,67.65,0.1297
975,Tomato,Alluvial,Rabi,Sprinkler,103,55,73,6.38,20.42,51.68,347.8,36.86,85.99,289716935.64,418.18,60.63,0.14499
976,Sugarcane,Black,Kharif,Flood,125,47,59,7.45,25.03,67.34,1374.56,78.24,130.76,683494446.97,2161.0,73.71,0.03411
977,Cotton,Loamy,Kharif,Furrow,97,42,53,6.22,32.24,56.39,943.6,45.64,3.98,49086067.57,1049.28,2.29,0.00218
978,Sugarcane,Alluvial,Zaid,Furrow,157,59,101,7.05,27.96,87.73,1059.75,73.59,334.62,1576425214.01,1643.4,99.24,0.06039
979,Groundnut,Loamy,Kharif,Rainfed,45,47,47,5.85,30.91,61.08,562.69,33.38,4.83,33186779.42,486.06,1.54,0.00317
980,Rice,Clay,Kharif,Drip,98,47,60,5.67,24.05,87.41,1531.28,78.65,978.03,3763816645.97,1356.62,4.59,0.00338
981,Rice,Alluvial,Kharif,Flood,104,69,41,6.31,30.11,94.45,673.12,64.49,3.96,21950513.46,1305.34,3.15,0.00241
982,Sugarcane,Clay,Zaid,Furrow,104,66,101,6.99,26.26,93.24,1232.21,88.84,7.86,25417608.77,2096.78,93.4,0.04454
983,Rice,Alluvial,Kharif,Drip,120,67,40,6.22,26.43,70.41,1466.91,74.75,99.43,779966960.37,1506.08,3.71,0.00246
984,Sugarcane,Alluvial,Kharif,Furrow,134,42,79,7.31,26.99,68.93,1476.19,84.84,7.66,70437456.79,1949.16,54.08,0.02775
985,Cotton,Alluvial,Kharif,Drip,97,32,57,6.64,21.49,50.03,705.8,56.54,87.23,1090784513.07,812.81,1.77,0.00218
986,Wheat,Loamy,Rabi,Sprinkler,105,44,44,6.08,10.97,43.14,217.15,46.31,6.36,58876191.14,477.62,3.61,0.00756
987,Tomato,Laterite,Zaid,Sprinkler,100,73,81,5.8,25.44,69.15,425.01,38.73,41.07,162394859.46,526.8,76.78,0.14575
988,Rice,Alluvial,Kharif,Drip,86,48,42,5.89,32.26,87.52,607.01,65.51,0.46,2019589.25,1803.28,4.23,0.00235
989,Millet,Red,Kharif,Sprinkler,45,21,53,7.05,29.37,53.05,422.72,40.37,13.09,66398262.76,244.05,2.96,0.01213
990,Millet,Sandy,Zaid,Drip,38,20,23,6.76,27.03,40.61,290.07,25.7,8.53,35092812.35,341.55,1.55,0.00454
991,Rice,Alluvial,Kharif,Flood,110,68,47,5.8,33.59,81.58,1528.81,64.92,2.84,10461331.18,1389.2,3.05,0.0022
992,Cotton,Alluvial,Kharif,Sprinkler,103,57,44,7.95,23.56,55.63,687.45,50.0,10.9,140056379.6,836.56,1.56,0.00186
993,Groundnut,Loamy,Rabi,Sprinkler,49,51,41,6.2,26.2,59.79,662.18,46.09,5.04,64800179.53,499.43,1.82,0.00364
994,Cotton,Loamy,Kharif,Drip,112,63,61,7.15,28.24,61.63,833.84,54.65,3.68,34400390.69,949.78,2.07,0.00218
995,Maize,Black,Rabi,Drip,75,56,61,6.57,28.07,69.59,674.46,46.2,2.51,10392576.34,535.39,4.6,0.00859
996,Tomato,Alluvial,Rabi,Drip,110,38,48,5.95,29.05,78.9,291.54,61.41,4.18,47234418.74,457.72,30.19,0.06596
997,Sugarcane,Alluvial,Zaid,Furrow,114,61,77,6.08,34.56,75.84,848.74,66.76,5.2,41172957.08,2319.61,64.13,0.02765
998,Tomato,Alluvial,Zaid,Furrow,97,63,55,6.43,28.72,56.65,447.96,63.44,5.73,14591403.82,524.77,73.04,0.13918
999,Tomato,Laterite,Zaid,Furrow,68,44,53,6.48,28.85,79.02,427.13,64.99,6.62,17462949.42,443.23,42.66,0.09625
1000,Sugarcane,Loamy,Zaid,Flood,120,55,63,6.93,31.21,84.67,1504.39,88.99,9.45,41512359.56,1680.17,63.91,0.03804
1001,Groundnut,Loamy,Rabi,Sprinkler,59,45,52,5.52,29.78,54.38,453.77,39.66,13.68,38016588.53,482.35,2.96,0.00614
1002,Groundnut,Loamy,Kharif,Rainfed,70,32,60,6.5,31.08,56.37,373.26,45.3,3.32,24076303.04,563.1,1.61,0.00286
1003,Millet,Loamy,Zaid,Rainfed,85,46,21,5.58,26.27,33.38,168.52,21.48,84.54,860941100.78,414.7,2.82,0.0068
1004,Wheat,Loamy,Rabi,Sprinkler,105,61,66,7.1,21.05,64.12,161.27,36.39,1.1,3077800.16,482.41,3.76,0.00779
1005,Millet,Red,Kharif,Drip,89,33,37,5.98,29.44,40.55,352.16,35.86,6.84,94690213.63,446.79,2.11,0.00472
1006,Groundnut,Laterite,Kharif,Drip,70,51,38,6.97,24.6,61.27,427.53,30.73,2.63,22870501.04,597.92,3.33,0.00557
1007,Cotton,Loamy,Kharif,Furrow,106,32,74,7.5,22.48,46.95,957.54,39.15,2.28,18987878.26,789.33,1.98,0.00251
1008,Rice,Alluvial,Kharif,Drip,121,51,37,6.14,25.74,85.17,716.21,65.93,7.42,40348801.11,1292.28,3.7,0.00286
1009,Rice,Clay,Kharif,Furrow,133,69,49,5.82,29.37,79.64,1390.2,89.71,3.56,30406105.78,1817.44,3.69,0.00203
1010,Millet,Red,Kharif,Drip,89,32,64,6.37,28.83,53.82,398.68,32.46,1.36,5184317.68,384.77,2.45,0.00637
1011,Wheat,Clay,Rabi,Sprinkler,62,60,34,6.44,24.22,43.8,226.97,31.86,3.83,19341579.79,633.02,4.07,0.00643
1012,Millet,Loamy,Zaid,Rainfed,58,19,23,6.67,30.3,31.91,299.93,34.09,0.95,11133388.64,313.78,1.82,0.0058
1013,Sugarcane,Loamy,Kharif,Furrow,107,71,89,7.31,22.72,68.8,1101.51,77.78,95.46,433274765.02,1814.07,72.5,0.03997
1014,Cotton,Loamy,Kharif,Sprinkler,115,31,74,7.72,25.86,49.46,761.32,64.76,84.1,861553449.9,883.79,2.69,0.00304
1015,Maize,Black,Rabi,Drip,88,39,51,5.93,28.48,74.88,453.7,56.99,6.7,82240747.05,529.62,4.54,0.00857
1016,Wheat,Loamy,Rabi,Flood,109,45,45,6.55,21.26,55.31,90.2,55.51,4.28,43328865.37,589.4,5.29,0.00898
1017,Rice,Alluvial,Kharif,Furrow,113,54,43,5.84,25.01,88.4,705.94,78.17,16.72,231898536.8,1219.47,4.32,0.00354
1018,Rice,Loamy,Kharif,Flood,107,40,61,6.67,26.63,92.54,708.69,89.33,1.15,17023335.89,1549.92,3.76,0.00243
1019,Rice,Alluvial,Kharif,Flood,99,44,45,5.7,31.87,71.52,1567.77,87.82,9.93,113590973.73,1864.48,3.03,0.00163
1020,Cotton,Black,Kharif,Furrow,54,36,70,6.63,30.36,67.18,711.09,39.3,39.8,576667880.05,719.56,3.12,0.00434
1021,Millet,Red,Kharif,Drip,62,46,58,6.32,35.84,60.02,234.16,29.28,5.32,44706306.66,443.82,3.11,0.00701
1022,Cotton,Loamy,Kharif,Sprinkler,116,51,40,5.89,30.2,64.28,562.44,58.88,8.27,84958825.55,841.54,2.67,0.00317
1023,Millet,Red,Zaid,Sprinkler,41,16,64,5.95,27.2,52.92,153.42,44.23,9.22,93850985.23,324.17,2.54,0.00784
1024,Tomato,Alluvial,Zaid,Furrow,103,42,46,5.62,29.92,50.27,483.28,53.33,142.2,1629572305.83,633.74,41.71,0.06582
1025,Sugarcane,Clay,Kharif,Flood,96,81,82,6.3,33.96,93.29,789.56,82.55,2.75,11728195.76,2338.59,53.41,0.02284
1026,Wheat,Alluvial,Rabi,Sprinkler,105,31,46,6.22,13.45,63.84,174.65,52.83,8.01,36965045.46,456.47,3.94,0.00863
1027,Sugarcane,Loamy,Zaid,Drip,113,67,61,7.72,28.76,83.24,809.0,78.3,7.86,76530890.01,1769.76,91.1,0.05148
1028,Tomato,Alluvial,Kharif,Furrow,73,60,42,6.81,29.11,56.25,278.34,51.51,3.44,11369018.29,590.46,36.07,0.06109
1029,Maize,Black,Kharif,Drip,79,34,31,6.81,23.91,55.06,556.12,49.7,6.95,36412995.74,546.33,4.42,0.00809
1030,Wheat,Loamy,Rabi,Furrow,67,41,43,6.52,13.65,41.84,224.11,39.17,1.41,4610311.25,616.47,3.93,0.00638
1031,Rice,Clay,Kharif,Flood,138,68,54,5.76,30.0,94.5,985.84,79.46,2.68,9670150.47,1492.71,5.42,0.00363
1032,Maize,Alluvial,Rabi,Drip,71,38,38,6.85,30.18,79.77,529.68,60.12,654.17,5186854586.65,611.56,5.98,0.00978
1033,Millet,Red,Zaid,Sprinkler,80,18,57,6.52,29.08,63.09,340.26,33.59,59.79,792003910.89,384.69,2.58,0.00671
1034,Cotton,Loamy,Kharif,Drip,104,31,65,7.17,28.33,71.72,546.51,43.62,483.33,3747798194.35,734.6,2.41,0.00328
1035,Sugarcane,Clay,Zaid,Furrow,104,63,107,6.56,31.18,83.65,1295.89,71.32,9.52,95929755.16,1910.24,84.67,0.04432
1036,Cotton,Black,Kharif,Sprinkler,112,55,48,6.76,32.8,49.83,797.15,47.0,10.95,123622715.44,1148.12,2.74,0.00239
1037,Groundnut,Red,Kharif,Drip,35,33,36,6.57,26.4,71.54,441.83,49.13,4.04,40699666.81,419.95,1.95,0.00464
1038,Cotton,Black,Kharif,Drip,101,56,48,7.02,29.31,45.66,517.99,44.25,181.71,2027693081.89,1067.05,2.7,0.00253
1039,Groundnut,Laterite,Kharif,Rainfed,61,43,66,6.35,30.38,56.56,632.21,59.9,8.49,93146714.76,453.59,2.13,0.0047
1040,Cotton,Loamy,Kharif,Sprinkler,96,39,51,5.82,24.24,46.27,713.63,60.2,82.65,729412831.78,868.75,2.71,0.00312
1041,Sugarcane,Black,Kharif,Furrow,98,81,86,7.3,30.55,87.38,807.0,82.84,5.02,29420357.6,1950.9,66.52,0.0341
1042,Tomato,Alluvial,Rabi,Furrow,81,42,40,6.87,21.8,65.24,544.75,48.57,4.51,18320681.23,427.19,54.9,0.12851
1043,Millet,Red,Zaid,Rainfed,80,39,26,7.32,28.95,44.88,418.34,42.41,2.86,18754121.18,403.89,2.9,0.00718
1044,Wheat,Clay,Rabi,Flood,111,37,47,6.53,17.55,57.1,248.19,57.0,9.21,125106732.39,622.29,4.35,0.00699
1045,Cotton,Alluvial,Kharif,Drip,65,31,44,6.65,25.82,56.72,779.54,45.01,5.19,73733206.52,714.55,2.44,0.00341
1046,Cotton,Loamy,Kharif,Sprinkler,88,43,80,6.6,30.44,45.42,936.75,38.07,0.85,5645145.29,1019.49,3.31,0.00325
1047,Tomato,Alluvial,Zaid,Drip,87,65,62,6.14,29.95,70.02,405.57,46.94,62.91,592581313.79,640.38,56.09,0.08759
1048,Tomato,Laterite,Kharif,Sprinkler,79,58,78,6.12,28.22,59.81,477.05,61.79,28.63,354790740.08,446.29,64.25,0.14396
1049,Wheat,Alluvial,Rabi,Drip,103,30,66,6.67,23.58,63.65,230.13,55.0,2.43,28913332.18,543.6,2.93,0.00539
1050,Tomato,Loamy,Zaid,Furrow,69,73,70,6.81,23.8,75.22,583.32,47.66,8.05,49834098.97,572.61,31.58,0.05515
1051,Wheat,Alluvial,Rabi,Furrow,86,61,36,7.23,13.92,68.31,244.36,57.27,8.11,119335441.18,525.67,3.74,0.00711
1052,Millet,Loamy,Kharif,Drip,33,19,65,7.18,27.44,55.4,150.21,33.95,2.89,16189239.41,314.95,2.13,0.00676
1053,Millet,Loamy,Zaid,Drip,46,35,64,6.85,27.66,31.37,399.8,41.81,670.43,5430553557.07,448.83,3.05,0.0068
1054,Cotton,Alluvial,Kharif,Sprinkler,117,54,70,6.71,26.29,53.75,683.53,59.62,7.17,67915360.94,860.9,2.46,0.00286
1055,Wheat,Alluvial,Rabi,Flood,91,62,59,7.1,21.3,51.73,188.1,37.16,6.93,43725583.14,671.58,5.41,0.00806
1056,Wheat,Loamy,Rabi,Drip,78,33,52,7.24,20.85,65.89,212.98,38.29,487.16,3066042991.39,452.89,5.26,0.01161
1057,Millet,Loamy,Kharif,Sprinkler,88,34,58,6.29,25.62,48.12,262.91,23.07,7.59,60429505.1,306.22,2.83,0.00924
1058,Maize,Red,Kharif,Furrow,92,64,48,6.7,28.93,71.58,645.12,54.89,4.07,28246471.61,582.54,4.99,0.00857
1059,Millet,Loamy,Kharif,Rainfed,65,35,42,5.72,28.74,43.17,362.08,28.32,2.05,19839012.66,349.11,3.5,0.01003
1060,Rice,Clay,Kharif,Drip,140,58,54,5.99,31.93,76.51,1524.97,75.87,9.08,120652303.81,1911.74,3.78,0.00198
1061,Rice,Clay,Kharif,Furrow,96,62,53,6.0,30.97,94.22,1039.2,74.88,0.82,2289179.54,1655.19,6.09,0.00368
1062,Maize,Black,Rabi,Sprinkler,88,39,66,6.19,24.8,66.4,620.45,68.21,9.04,120350647.87,574.51,7.04,0.01225
1063,Maize,Red,Rabi,Sprinkler,121,49,53,6.81,25.77,67.92,787.24,47.53,6.51,62557504.8,724.92,5.82,0.00803
1064,Groundnut,Laterite,Rabi,Sprinkler,31,38,42,6.6,30.03,56.82,506.14,57.29,7.85,103190490.27,623.9,2.7,0.00433
1065,Tomato,Laterite,Zaid,Sprinkler,107,41,65,6.44,28.17,71.05,240.82,46.01,7.82,45466288.42,621.46,52.45,0.0844
1066,Sugarcane,Loamy,Kharif,Furrow,128,65,109,6.88,29.68,89.52,1114.89,62.43,61.41,860485323.95,1747.13,77.08,0.04412
1067,Wheat,Clay,Rabi,Drip,79,37,47,7.11,22.54,41.76,208.41,51.62,799.77,5137237685.98,549.87,5.41,0.00984
1068,Maize,Red,Rabi,Drip,106,50,52,7.08,30.49,71.82,741.13,43.42,2.39,21511409.04,752.79,3.48,0.00462
1069,Tomato,Red,Zaid,Sprinkler,106,45,71,5.98,28.53,69.86,493.97,35.41,8.55,66619553.3,657.66,69.56,0.10577
1070,Sugarcane,Alluvial,Kharif,Flood,91,74,69,7.39,27.04,92.63,896.62,83.87,9.46,98742639.82,1904.71,55.56,0.02917
1071,Maize,Loamy,Kharif,Sprinkler,91,32,38,6.95,22.84,59.87,604.98,57.52,4.61,25080665.55,712.81,5.94,0.00833
1072,Groundnut,Laterite,Rabi,Sprinkler,25,26,71,7.12,22.02,61.45,494.84,55.26,0.96,9848111.9,541.84,2.76,0.00509
1073,Groundnut,Loamy,Kharif,Drip,35,55,45,6.42,31.14,70.03,658.85,59.88,71.93,752161759.7,448.87,2.07,0.00461
1074,Tomato,Red,Rabi,Sprinkler,77,42,49,6.62,26.38,65.97,262.69,51.71,8.86,88430537.95,515.84,66.12,0.12818
1075,Wheat,Alluvial,Rabi,Drip,85,45,32,6.2,15.47,42.84,162.19,58.72,2.93,24594961.49,659.41,3.74,0.00567
1076,Cotton,Loamy,Kharif,Sprinkler,65,65,70,6.62,21.49,50.35,904.6,49.48,6.24,64052283.86,958.48,2.34,0.00244
1077,Tomato,Alluvial,Rabi,Drip,61,58,87,6.79,22.04,63.79,454.36,44.43,275.26,2816894200.24,450.18,36.5,0.08108
1078,Cotton,Black,Kharif,Furrow,52,59,33,6.07,27.01,69.88,670.99,47.83,4.44,30074536.56,802.16,2.42,0.00302
1079,Cotton,Alluvial,Kharif,Drip,50,37,75,7.95,33.07,45.17,875.44,52.19,798.6,11620043571.92,860.46,1.68,0.00195
1080,Wheat,Loamy,Rabi,Drip,87,52,36,6.23,24.52,57.16,101.83,53.29,939.69,9854204789.1,677.47,3.5,0.00517
1081,Sugarcane,Loamy,Kharif,Drip,155,69,57,6.3,28.07,73.51,1254.16,87.16,7.13,22155573.58,1634.77,95.93,0.05868
1082,Groundnut,Red,Rabi,Rainfed,60,44,48,6.07,22.52,67.01,497.51,43.36,29.75,123557446.57,521.23,1.9,0.00365
1083,Millet,Loamy,Kharif,Drip,73,24,25,6.06,34.88,55.84,428.84,42.05,7.03,17690764.05,323.16,1.48,0.00458
1084,Cotton,Black,Kharif,Drip,116,56,80,7.12,33.01,67.23,706.72,41.26,4.17,21632799.9,1102.63,2.49,0.00226
1085,Tomato,Loamy,Rabi,Furrow,93,39,64,6.1,26.4,60.17,475.84,59.16,7.78,87356008.02,459.91,48.15,0.10469
1086,Tomato,Alluvial,Kharif,Sprinkler,93,45,50,6.47,19.51,55.09,445.78,45.1,7.36,102250941.99,595.89,34.96,0.05867
1087,Cotton,Alluvial,Kharif,Sprinkler,87,48,50,6.28,24.69,53.01,786.17,45.99,6.64,80291824.19,797.11,3.08,0.00386
1088,Cotton,Black,Kharif,Furrow,84,30,62,6.46,34.1,54.79,509.94,39.25,8.01,104029287.75,967.53,1.36,0.00141
1089,Rice,Alluvial,Kharif,Furrow,121,51,63,6.38,32.53,76.85,1100.85,80.31,38.03,459070251.06,1344.67,6.26,0.00466
1090,Maize,Red,Kharif,Rainfed,100,61,39,6.19,27.7,79.97,421.9,54.19,9.3,127065991.67,611.25,5.58,0.00913
1091,Sugarcane,Loamy,Zaid,Drip,137,70,97,6.12,30.79,92.72,1560.51,89.05,6.15,18635135.64,2023.16,55.54,0.02745
1092,Cotton,Black,Kharif,Furrow,73,50,74,6.46,23.71,69.03,982.16,53.83,29.61,152338558.99,687.84,1.51,0.0022
1093,Tomato,Red,Kharif,Furrow,94,58,50,6.87,25.36,60.79,593.86,63.6,97.95,1322349303.03,570.67,32.15,0.05634
1094,Tomato,Loamy,Zaid,Furrow,83,64,65,5.56,19.04,50.66,317.61,36.61,6.8,88359740.62,412.84,36.2,0.08769
1095,Sugarcane,Alluvial,Kharif,Furrow,137,53,81,7.67,35.97,88.48,1356.38,75.83,2.84,41876333.32,2587.11,64.26,0.02484
1096,Tomato,Laterite,Rabi,Furrow,64,42,51,6.23,20.69,69.45,229.93,38.11,4.81,59435962.81,529.19,40.17,0.07591
1097,Sugarcane,Clay,Kharif,Drip,113,73,58,7.16,28.31,92.8,1583.88,83.22,6.61,39409522.72,1575.61,74.14,0.04705
1098,Groundnut,Laterite,Kharif,Sprinkler,59,58,63,6.98,27.59,73.16,660.76,55.47,97.85,644726964.33,384.29,2.2,0.00572
1099,Groundnut,Laterite,Kharif,Drip,70,35,50,5.58,25.59,67.79,492.36,34.32,9.82,145603102.51,561.67,2.01,0.00358
1100,Cotton,Alluvial,Kharif,Sprinkler,104,59,58,7.37,27.55,51.37,522.87,60.15,6.52,61746437.12,1032.66,2.08,0.00201
1101,Millet,Sandy,Kharif,Sprinkler,83,46,49,6.94,32.17,55.25,193.52,43.06,68.61,265047472.11,362.74,2.52,0.00695
1102,Sugarcane,Loamy,Zaid,Furrow,150,68,102,6.2,35.91,74.97,1014.76,67.55,7.95,21406963.04,2229.99,75.37,0.0338
1103,Wheat,Loamy,Rabi,Flood,63,64,63,6.17,13.25,53.8,89.04,46.18,179.54,2065606823.94,539.91,3.01,0.00558
1104,Sugarcane,Black,Kharif,Drip,135,66,102,7.42,35.09,86.62,1054.59,87.61,88.51,315289934.2,2513.16,90.21,0.0359
1105,Groundnut,Laterite,Rabi,Rainfed,38,32,69,6.69,23.81,70.82,511.63,46.32,5.97,29791407.07,371.9,1.61,0.00433
1106,Sugarcane,Alluvial,Kharif,Flood,113,60,71,6.95,31.66,70.38,1241.49,87.51,5.41,15827075.45,2420.91,78.99,0.03263
1107,Cotton,Black,Kharif,Furrow,89,60,74,7.39,29.57,49.91,870.85,50.96,542.77,2833939663.99,1067.19,1.86,0.00174
1108,Rice,Alluvial,Kharif,Furrow,127,61,40,5.86,31.46,82.62,948.6,83.61,7.78,110722473.6,1571.05,5.97,0.0038
1109,Groundnut,Red,Rabi,Rainfed,59,37,47,7.13,30.95,54.78,446.01,40.93,822.11,11171085602.29,509.25,1.53,0.003
1110,Rice,Alluvial,Kharif,Flood,105,67,48,6.2,29.61,75.64,804.56,84.11,2.08,12409654.9,1449.66,5.09,0.00351
1111,Millet,Loamy,Kharif,Drip,57,15,33,7.16,25.94,56.82,224.49,42.95,5.86,22866013.59,371.16,2.04,0.0055
1112,Groundnut,Laterite,Rabi,Rainfed,46,56,31,6.35,27.58,69.1,622.86,56.64,6.57,26112585.43,507.25,2.98,0.00587
1113,Tomato,Laterite,Zaid,Drip,86,49,42,6.52,21.4,52.08,442.64,56.97,0.26,1518741.76,652.7,71.25,0.10916
1114,Rice,Clay,Kharif,Drip,115,35,42,6.09,31.59,93.56,1121.09,70.66,3.92,33322901.92,1703.2,6.48,0.0038
1115,Rice,Clay,Kharif,Flood,129,65,38,6.07,32.94,80.61,1165.15,86.19,45.73,301840568.94,1644.08,5.32,0.00324
1116,Maize,Loamy,Rabi,Drip,78,31,45,6.38,24.02,68.47,318.96,45.03,2.62,26120537.82,519.05,5.21,0.01004
1117,Tomato,Alluvial,Zaid,Sprinkler,91,68,54,6.78,25.34,68.44,285.14,42.27,3.22,14152457.61,437.49,37.21,0.08505
1118,Maize,Loamy,Rabi,Furrow,105,45,58,6.56,23.58,66.57,767.71,66.07,7.04,60680141.98,748.28,3.58,0.00478
1119,Cotton,Black,Kharif,Furrow,104,35,30,7.48,22.19,48.2,890.85,55.69,86.62,1295292403.41,873.54,2.08,0.00238
1120,Cotton,Black,Kharif,Furrow,62,40,73,6.71,33.24,46.83,555.53,36.21,46.24,331464982.26,831.06,1.99,0.00239
1121,Sugarcane,Loamy,Zaid,Furrow,135,72,89,6.19,27.88,84.28,932.98,72.21,2.38,13342996.34,2196.78,93.84,0.04272
1122,Millet,Red,Kharif,Sprinkler,68,31,59,7.04,29.22,38.35,181.51,36.8,51.19,319202977.3,343.08,1.96,0.00571
1123,Cotton,Black,Kharif,Drip,108,42,34,7.78,21.38,60.67,529.16,58.39,9.18,43412215.98,880.25,2.65,0.00301
1124,Rice,Clay,Kharif,Furrow,106,44,35,6.13,32.12,80.75,1358.43,81.17,7.32,33862970.27,1487.0,3.98,0.00268
1125,Millet,Sandy,Zaid,Drip,83,39,33,5.97,26.47,31.93,443.01,33.42,8.03,94529345.72,455.34,2.78,0.00611
1126,Sugarcane,Black,Kharif,Furrow,132,59,99,6.16,32.5,75.86,1209.38,86.79,7.28,76623087.02,2581.32,104.98,0.04067
1127,Cotton,Loamy,Kharif,Drip,108,54,73,6.56,27.64,70.44,955.2,39.41,7.75,75585763.7,990.65,1.72,0.00174
1128,Tomato,Laterite,Rabi,Furrow,68,65,83,6.02,19.23,59.06,522.68,49.8,488.76,2157078733.69,496.34,41.3,0.08321
1129,Wheat,Alluvial,Rabi,Furrow,89,59,38,6.65,23.4,51.41,222.87,30.95,91.12,990777165.44,654.65,4.93,0.00753
1130,Wheat,Loamy,Rabi,Furrow,86,55,45,6.7,19.91,57.63,227.02,44.22,8.49,113461459.67,458.87,2.86,0.00623
1131,Maize,Red,Kharif,Rainfed,109,44,67,6.37,29.87,53.01,555.77,57.47,3.52,51916923.6,772.04,6.66,0.00863
1132,Maize,Red,Rabi,Rainfed,121,63,51,6.59,30.3,76.09,701.14,64.56,9.77,45975648.91,660.88,4.83,0.00731
1133,Rice,Alluvial,Kharif,Drip,92,58,65,6.56,24.49,81.34,620.57,86.64,5.79,55252278.08,1499.2,4.62,0.00308
1134,Maize,Loamy,Kharif,Rainfed,116,52,58,6.31,26.56,59.76,680.17,49.54,7.74,70435478.38,573.31,4.74,0.00827
1135,Maize,Alluvial,Rabi,Drip,108,59,38,6.91,26.88,78.72,655.89,58.22,4.03,11307646.5,681.17,5.16,0.00758
1136,Maize,Black,Rabi,Rainfed,76,53,41,6.13,25.57,75.49,403.42,51.02,130.57,433187236.44,621.13,6.59,0.01061
1137,Cotton,Loamy,Kharif,Furrow,81,37,51,6.4,28.96,49.35,899.48,49.74,26.66,206882157.48,819.95,3.18,0.00388
1138,Cotton,Black,Kharif,Sprinkler,54,45,70,6.9,28.86,61.93,528.08,42.49,5.69,17516079.52,1078.67,2.33,0.00216
1139,Millet,Sandy,Zaid,Rainfed,52,21,24,7.4,35.58,40.9,434.01,20.88,6.08,39466721.26,448.15,1.79,0.00399
1140,Sugarcane,Loamy,Kharif,Flood,107,68,61,6.21,25.5,87.24,1029.94,75.22,6.57,71271419.72,1482.6,78.72,0.0531
1141,Cotton,Black,Kharif,Furrow,97,53,49,7.66,21.78,71.8,634.33,36.28,4.7,58253372.19,884.49,2.58,0.00292
1142,Wheat,Loamy,Rabi,Flood,119,50,49,6.06,22.29,46.64,85.25,32.1,3.17,37704858.46,625.09,5.47,0.00875
1143,Rice,Clay,Kharif,Flood,85,51,40,6.27,24.98,79.27,1224.55,83.42,6.53,41934639.34,1660.71,5.71,0.00344
1144,Wheat,Loamy,Rabi,Drip,105,38,39,6.93,20.13,48.23,140.36,43.07,5.11,54092030.71,518.71,5.12,0.00987
1145,Tomato,Red,Zaid,Furrow,80,52,67,5.97,21.76,72.35,252.69,58.15,5.16,71756674.09,383.68,57.65,0.15026
1146,Tomato,Alluvial,Zaid,Furrow,65,60,58,5.93,25.25,74.03,236.12,63.76,827.51,8084312062.78,459.3,35.38,0.07703
1147,Maize,Loamy,Kharif,Sprinkler,116,59,36,7.01,22.89,54.81,335.45,61.34,3.2,27464867.12,793.03,3.99,0.00503
1148,Maize,Loamy,Kharif,Rainfed,98,36,49,6.31,21.32,50.81,351.49,49.56,6.85,92645411.34,696.31,3.71,0.00533
1149,Maize,Black,Kharif,Furrow,118,54,65,7.17,29.7,53.71,773.56,64.45,240.13,1816761309.08,807.07,5.17,0.00641
1150,Maize,Alluvial,Rabi,Drip,125,33,51,6.52,30.8,55.65,354.68,45.89,210.57,2657619097.55,618.72,3.88,0.00627
1151,Maize,Red,Rabi,Furrow,83,52,57,6.36,30.03,69.15,444.11,57.94,47.42,553450691.48,681.23,3.72,0.00546
1152,Wheat,Loamy,Rabi,Drip,108,46,43,7.09,19.12,49.81,65.26,57.77,1.19,6926595.15,591.14,5.44,0.0092
1153,Wheat,Loamy,Rabi,Sprinkler,88,54,47,6.85,13.48,40.46,173.87,36.15,2.25,20993669.06,661.62,3.24,0.0049
1154,Tomato,Laterite,Kharif,Sprinkler,110,56,66,6.14,23.1,63.83,312.04,39.85,76.22,572458861.94,421.95,33.1,0.07845
1155,Groundnut,Sandy,Rabi,Sprinkler,39,60,60,5.99,30.41,61.93,584.21,56.52,61.04,380082654.75,495.07,3.18,0.00642
1156,Tomato,Laterite,Rabi,Sprinkler,80,37,82,5.99,26.87,59.9,581.32,36.09,34.67,476171568.29,497.01,61.14,0.12302
1157,Cotton,Black,Kharif,Drip,57,53,59,6.29,24.01,63.46,561.93,49.09,59.9,843441157.48,734.81,2.95,0.00401
1158,Wheat,Loamy,Rabi,Furrow,76,59,69,6.4,14.39,51.58,82.96,50.61,31.68,221214863.5,474.26,3.13,0.0066
1159,Rice,Alluvial,Kharif,Drip,137,59,60,6.54,31.48,76.07,740.66,72.88,0.29,1450228.63,1694.85,4.39,0.00259
1160,Maize,Loamy,Rabi,Rainfed,70,46,50,6.35,30.56,71.65,318.01,63.69,822.93,5982144439.54,577.81,4.04,0.00699
1161,Cotton,Alluvial,Kharif,Furrow,57,45,55,7.15,25.38,73.25,850.14,42.98,5.26,73878729.92,804.58,2.09,0.0026
1162,Tomato,Alluvial,Zaid,Sprinkler,69,48,68,6.83,19.38,56.3,579.21,58.32,4.8,45662466.28,561.66,56.95,0.1014
1163,Maize,Alluvial,Kharif,Furrow,73,36,63,5.88,30.57,51.3,363.92,45.41,8.95,81947289.76,738.43,4.14,0.00561
1164,Millet,Sandy,Kharif,Rainfed,87,43,39,6.1,26.07,37.5,325.98,23.15,20.65,142487886.58,370.44,3.53,0.00953
1165,Wheat,Loamy,Rabi,Flood,103,56,32,7.34,16.21,48.95,184.56,51.54,1.73,25018158.28,577.09,4.26,0.00738
1166,Rice,Alluvial,Kharif,Flood,140,65,41,6.53,33.28,87.2,709.33,69.8,9.98,45277394.06,1464.55,3.54,0.00242
1167,Wheat,Loamy,Rabi,Sprinkler,94,34,53,6.34,21.26,42.64,174.61,42.77,6.8,84829389.65,595.53,4.38,0.00735
1168,Millet,Red,Zaid,Drip,47,21,63,7.39,26.05,63.11,382.64,22.67,9.35,82820567.22,281.1,1.82,0.00647
1169,Rice,Alluvial,Kharif,Drip,103,54,65,5.78,29.53,78.87,1347.87,81.06,6.07,66831760.15,1629.64,4.97,0.00305
1170,Cotton,Black,Kharif,Furrow,94,60,43,5.92,34.48,46.82,951.48,53.37,8.25,74777188.78,1130.53,1.95,0.00172
1171,Tomato,Red,Zaid,Furrow,71,35,74,6.93,21.31,72.56,403.4,44.26,5.9,20393822.72,479.26,43.67,0.09112
1172,Millet,Loamy,Zaid,Rainfed,72,21,24,7.1,31.88,33.53,236.04,23.43,5.52,58172271.81,376.51,1.54,0.00409
1173,Groundnut,Red,Rabi,Sprinkler,61,26,59,6.67,28.67,56.96,425.62,50.49,4.36,39256245.87,481.72,1.89,0.00392
1174,Wheat,Alluvial,Rabi,Drip,94,49,36,6.61,17.66,40.95,172.14,52.51,2.25,30677738.55,547.84,4.37,0.00798
1175,Wheat,Clay,Rabi,Flood,78,51,60,6.06,18.23,53.51,174.97,51.93,5.34,72205224.38,484.52,5.52,0.01139
1176,Cotton,Loamy,Kharif,Furrow,115,34,66,6.34,27.03,56.61,517.91,47.32,8.5,74476167.78,761.57,2.94,0.00386
1177,Wheat,Clay,Rabi,Furrow,96,50,36,6.93,21.36,65.64,113.73,31.02,7.85,95493960.12,581.94,5.81,0.00998
1178,Rice,Clay,Kharif,Flood,115,47,67,6.33,25.82,89.98,1293.7,89.34,8.25,85923725.73,1144.21,4.85,0.00424
1179,Maize,Loamy,Kharif,Furrow,80,34,36,6.93,20.19,72.41,666.33,59.49,21.31,305474302.12,521.86,4.07,0.0078
1180,Rice,Alluvial,Kharif,Furrow,133,44,43,5.61,25.61,80.96,1387.67,86.53,115.16,455380357.61,1519.87,5.37,0.00353
1181,Sugarcane,Clay,Zaid,Flood,112,83,98,7.49,30.82,68.01,1242.49,89.28,9.77,77052664.27,2070.53,98.58,0.04761
1182,Tomato,Red,Rabi,Drip,86,64,55,5.65,27.93,64.5,468.99,60.82,95.21,621747884.06,481.16,58.98,0.12258
1183,Sugarcane,Black,Zaid,Drip,101,82,60,6.75,29.55,70.12,1324.58,85.12,9.64,83623386.82,1711.09,86.74,0.05069
1184,Tomato,Red,Zaid,Sprinkler,82,62,78,6.41,18.93,55.4,412.9,55.84,7.9,72955426.64,517.57,52.03,0.10053
1185,Wheat,Loamy,Rabi,Furrow,107,39,52,6.1,20.61,48.16,109.71,59.81,3.99,10266805.57,544.37,5.52,0.01014
1186,Millet,Loamy,Kharif,Drip,90,32,26,7.42,25.03,53.63,185.59,31.45,9.9,73630440.54,330.91,1.43,0.00432
1187,Maize,Alluvial,Kharif,Sprinkler,105,30,50,6.1,25.89,50.38,799.74,49.96,89.97,437679118.15,838.56,4.48,0.00534
1188,Sugarcane,Loamy,Kharif,Furrow,147,71,80,7.29,22.07,92.42,1346.35,76.96,762.86,9777814920.63,1972.14,53.14,0.02695
1189,Millet,Red,Zaid,Sprinkler,33,27,29,6.81,31.86,41.38,441.9,22.33,0.45,5465112.25,414.12,1.83,0.00442
1190,Millet,Red,Zaid,Rainfed,57,33,29,6.24,31.77,45.19,413.42,37.96,40.38,405501653.47,448.82,1.48,0.0033
1191,Sugarcane,Loamy,Kharif,Flood,142,48,57,7.58,35.28,85.86,1179.59,78.06,396.27,1938378361.49,1896.35,107.22,0.05654
1192,Rice,Loamy,Kharif,Drip,109,68,59,5.84,32.05,80.57,1567.79,87.04,7.08,50736389.17,1875.25,5.19,0.00277
1193,Sugarcane,Black,Kharif,Drip,98,58,102,7.18,23.35,79.37,744.76,71.85,9.52,102912574.1,1496.49,82.59,0.05519
1194,Cotton,Alluvial,Kharif,Drip,96,39,75,7.98,29.99,68.47,515.99,47.82,70.98,1003975445.77,928.3,1.57,0.00169
1195,Cotton,Black,Kharif,Sprinkler,117,61,35,6.56,29.82,55.24,841.27,58.26,1.98,17098583.01,753.83,1.9,0.00252
1196,Groundnut,Sandy,Kharif,Drip,39,52,68,7.11,30.22,50.02,548.81,35.0,670.36,7062199367.09,514.09,3.41,0.00663
1197,Millet,Loamy,Zaid,Rainfed,44,17,34,5.93,26.68,61.46,150.55,38.53,6.28,80274610.03,373.69,2.34,0.00626
1198,Millet,Red,Kharif,Rainfed,53,30,27,6.77,30.47,32.73,436.67,27.86,7.38,55774873.43,301.15,2.61,0.00867
1199,Tomato,Alluvial,Zaid,Furrow,50,45,77,5.85,20.51,50.35,312.76,42.4,1.94,10317007.07,559.04,48.82,0.08733
1200,Maize,Alluvial,Rabi,Furrow,124,39,59,6.71,23.38,53.74,676.47,57.04,8.05,43798032.06,684.29,3.74,0.00547
1201,Tomato,Red,Zaid,Sprinkler,54,60,65,6.54,26.41,63.66,414.56,53.8,16.83,49112235.49,667.93,43.26,0.06477
1202,Maize,Red,Kharif,Rainfed,113,41,33,6.17,21.85,71.71,589.47,41.93,197.13,1680156820.03,622.79,5.58,0.00896
1203,Maize,Black,Rabi,Drip,109,64,68,6.85,25.37,69.82,482.83,46.81,9.6,53395110.0,713.22,5.7,0.00799
1204,Sugarcane,Alluvial,Kharif,Drip,140,72,71,6.79,32.06,71.82,1173.71,66.3,99.62,1170012399.79,1811.5,113.46,0.06263
1205,Cotton,Alluvial,Kharif,Drip,67,51,64,7.99,32.22,74.98,812.91,49.91,19.91,114643054.35,801.17,3.35,0.00418
1206,Tomato,Red,Rabi,Drip,92,44,55,6.28,18.91,78.84,396.43,40.71,67.06,445614846.21,448.91,70.96,0.15807
1207,Groundnut,Red,Rabi,Drip,60,35,63,6.26,31.81,67.75,498.27,58.82,48.13,235564667.85,543.42,2.61,0.0048
1208,Cotton,Loamy,Kharif,Furrow,82,40,65,7.89,23.31,69.9,640.73,35.86,4.65,50497814.57,740.5,2.45,0.00331
1209,Rice,Loamy,Kharif,Flood,86,37,64,5.63,24.63,75.21,1300.58,80.88,58.19,149702136.3,1365.38,5.0,0.00366
1210,Sugarcane,Clay,Kharif,Furrow,91,53,89,7.75,24.44,65.97,1554.45,69.18,4.16,46489025.33,2510.37,66.51,0.02649
1211,Rice,Alluvial,Kharif,Drip,98,35,48,6.29,26.54,73.8,1296.23,86.08,57.75,813088043.87,1696.69,3.43,0.00202
1212,Sugarcane,Clay,Kharif,Drip,119,41,62,7.79,35.01,89.07,966.29,88.56,7.97,49863170.34,2447.44,69.87,0.02855
1213,Maize,Loamy,Kharif,Rainfed,113,46,48,7.01,24.06,55.98,504.6,61.32,1.89,17739847.58,800.22,5.11,0.00639
1214,Tomato,Alluvial,Rabi,Furrow,62,66,90,6.58,20.61,52.74,279.71,42.43,3.9,31945142.41,532.3,63.86,0.11997
1215,Maize,Red,Rabi,Drip,109,39,33,7.07,31.52,55.43,422.88,58.71,0.92,11553798.63,759.64,4.1,0.0054
1216,Tomato,Loamy,Kharif,Drip,106,74,80,5.62,22.89,52.04,566.08,57.28,9.35,109802754.6,663.16,49.61,0.07481
1217,Cotton,Black,Kharif,Drip,112,26,78,6.1,29.34,68.94,974.23,40.26,9.89,84153284.22,983.39,2.54,0.00258
1218,Wheat,Loamy,Rabi,Furrow,79,50,35,6.28,14.45,47.41,161.51,39.25,5.42,35393246.02,641.12,4.92,0.00767
1219,Cotton,Alluvial,Kharif,Sprinkler,80,25,65,6.91,23.92,45.05,853.47,54.88,6.47,35495636.73,952.48,2.56,0.00269
1220,Cotton,Alluvial,Kharif,Furrow,95,46,40,6.75,27.11,74.53,947.23,42.27,8.56,66939558.33,708.89,3.44,0.00485
1221,Tomato,Laterite,Zaid,Furrow,86,38,57,6.24,19.33,78.57,419.69,61.42,2.8,25720241.59,424.24,35.2,0.08297
1222,Groundnut,Loamy,Kharif,Rainfed,42,26,67,5.79,29.01,61.51,374.75,35.32,8.27,28951408.95,619.16,2.82,0.00455
1223,Groundnut,Sandy,Kharif,Rainfed,65,59,34,7.12,24.79,66.62,411.19,54.52,993.28,10652476073.47,399.22,2.04,0.00511
1224,Millet,Red,Kharif,Drip,37,21,26,7.37,32.52,31.77,445.27,40.2,70.84,630821257.07,377.87,1.32,0.00349
1225,Millet,Red,Zaid,Rainfed,52,33,43,6.07,27.97,52.71,278.78,30.65,301.53,1470730531.79,312.54,2.98,0.00953
1226,Tomato,Loamy,Kharif,Furrow,76,38,61,6.81,27.11,65.6,387.44,63.8,90.92,320805271.87,663.08,77.87,0.11744
1227,Cotton,Loamy,Kharif,Sprinkler,96,53,61,6.71,25.71,69.13,827.22,41.02,5.07,52961477.98,865.12,1.92,0.00222
1228,Groundnut,Red,Rabi,Sprinkler,29,28,33,6.53,31.32,69.48,611.0,39.91,55.08,506025970.69,432.33,2.25,0.0052
1229,Maize,Loamy,Kharif,Drip,89,33,30,6.67,20.48,62.98,712.39,69.97,2.91,33155927.09,724.73,4.22,0.00582
1230,Rice,Loamy,Kharif,Flood,105,62,43,6.18,33.23,75.0,913.06,86.57,0.57,4991782.92,1579.47,4.41,0.00279
1231,Millet,Red,Zaid,Rainfed,31,24,37,6.78,34.8,52.74,343.85,40.42,0.7,10489708.09,328.05,1.9,0.00579
1232,Tomato,Alluvial,Zaid,Furrow,102,37,44,6.19,22.22,56.05,349.0,54.54,533.7,1814718518.74,660.53,45.57,0.06899
1233,Sugarcane,Alluvial,Kharif,Furrow,109,59,69,6.98,29.95,91.89,949.81,84.51,3.13,23024274.97,1717.38,93.29,0.05432
1234,Maize,Black,Kharif,Sprinkler,99,37,36,6.86,27.96,78.48,564.71,59.63,1.55,17832046.74,761.08,6.07,0.00798
1235,Cotton,Alluvial,Kharif,Drip,97,44,72,6.08,25.57,48.74,563.01,35.64,8.35,38469082.48,1090.59,2.83,0.00259
1236,Sugarcane,Black,Kharif,Drip,91,61,71,6.87,27.3,73.84,1513.26,66.79,6.51,24787530.93,1971.36,57.09,0.02896
1237,Millet,Sandy,Zaid,Drip,47,25,55,6.96,27.26,46.67,179.1,37.9,40.41,553914707.92,290.46,1.65,0.00568
1238,Tomato,Red,Kharif,Sprinkler,58,37,71,6.64,26.33,79.61,343.81,43.28,29.29,260882124.37,608.22,66.78,0.1098
1239,Millet,Loamy,Kharif,Rainfed,80,43,42,6.98,29.01,58.38,397.17,34.16,657.84,5779093945.23,414.48,2.41,0.00581
1240,Tomato,Loamy,Zaid,Furrow,76,53,78,6.32,25.99,53.29,302.24,56.64,327.9,1525157028.26,660.67,37.42,0.05664
1241,Wheat,Alluvial,Rabi,Flood,104,49,48,7.19,14.24,46.4,159.76,33.46,3.34,13390992.58,605.44,4.83,0.00798
1242,Groundnut,Laterite,Kharif,Rainfed,51,33,54,6.32,28.64,71.3,406.71,54.42,2.14,7353868.59,412.15,1.54,0.00374
1243,Millet,Sandy,Zaid,Drip,79,35,51,7.12,34.89,40.23,199.34,30.24,1.26,11019888.67,486.72,2.18,0.00448
1244,Millet,Red,Kharif,Rainfed,84,28,62,6.49,28.37,46.89,215.78,31.96,97.25,347832670.72,409.09,2.06,0.00504
1245,Groundnut,Red,Kharif,Rainfed,31,44,66,5.52,29.55,58.94,373.14,45.27,1.76,24237894.01,554.16,1.51,0.00272
1246,Cotton,Alluvial,Kharif,Drip,95,49,66,7.35,23.1,72.22,661.14,36.55,0.59,7860448.36,890.5,1.54,0.00173
1247,Rice,Alluvial,Kharif,Drip,129,49,70,5.54,31.25,94.98,1397.12,75.16,36.32,323495154.29,1287.35,4.04,0.00314
1248,Groundnut,Loamy,Kharif,Rainfed,40,60,38,6.94,29.05,58.28,433.18,33.84,9.61,27124808.88,491.25,3.01,0.00613
1249,Cotton,Loamy,Kharif,Sprinkler,92,40,31,6.06,30.25,55.76,911.5,53.92,7.84,64934057.61,1025.78,2.85,0.00278
1250,Tomato,Loamy,Kharif,Drip,79,62,57,6.55,21.15,66.25,244.53,35.69,0.39,3700971.33,415.58,45.59,0.1097
1251,Maize,Loamy,Rabi,Drip,129,51,63,6.01,25.0,62.93,481.06,54.87,7.11,92027204.66,585.88,7.1,0.01212
1252,Cotton,Alluvial,Kharif,Furrow,106,37,65,7.59,27.87,47.63,893.09,47.22,4.48,66285779.23,779.34,2.11,0.00271
1253,Maize,Alluvial,Kharif,Rainfed,111,48,35,5.96,28.87,69.45,546.88,55.85,200.78,1798917100.88,618.07,7.06,0.01142
1254,Rice,Loamy,Kharif,Furrow,129,64,48,6.65,27.78,76.78,1209.89,70.68,8.0,47030917.89,1797.33,5.37,0.00299
1255,Sugarcane,Alluvial,Kharif,Furrow,141,72,59,7.43,30.16,69.49,1481.41,72.8,94.21,328354912.18,2003.1,56.74,0.02833
1256,Maize,Black,Kharif,Drip,126,53,67,6.4,24.04,63.97,621.77,56.23,4.71,18290698.08,651.53,4.3,0.0066
1257,Sugarcane,Clay,Kharif,Drip,127,82,66,7.13,27.22,71.62,1290.76,71.82,9.17,123376645.64,1728.18,99.32,0.05747
1258,Sugarcane,Alluvial,Kharif,Drip,160,44,87,7.18,28.94,76.71,1549.46,81.02,83.54,883518248.61,2260.64,89.81,0.03973
1259,Cotton,Loamy,Kharif,Drip,93,55,33,7.08,22.44,73.48,823.33,51.67,3.56,35796235.99,840.04,2.51,0.00299
1260,Groundnut,Loamy,Kharif,Rainfed,36,31,54,6.28,30.51,72.36,615.74,39.59,214.32,1674767568.58,567.3,1.63,0.00287
1261,Tomato,Laterite,Kharif,Sprinkler,92,75,70,6.97,19.73,64.76,558.31,55.25,0.58,7682937.5,525.21,28.86,0.05495
1262,Rice,Loamy,Kharif,Furrow,89,58,53,6.23,27.43,70.7,1343.6,67.29,4.42,49450890.6,1616.59,4.88,0.00302
1263,Groundnut,Laterite,Rabi,Rainfed,50,34,50,6.23,26.91,61.3,503.66,36.31,662.36,7112079734.57,414.25,2.31,0.00558
1264,Maize,Red,Kharif,Drip,105,63,32,6.98,26.81,77.58,624.9,66.25,695.43,10412443265.09,559.55,6.17,0.01103
1265,Wheat,Clay,Rabi,Flood,115,63,30,6.83,20.69,40.41,202.51,49.54,1.48,19725164.67,683.19,4.26,0.00624
1266,Tomato,Red,Zaid,Furrow,80,40,60,6.02,28.47,59.15,361.14,44.0,2.7,12156208.55,461.34,48.99,0.10619
1267,Sugarcane,Alluvial,Zaid,Drip,93,75,87,6.1,30.75,88.86,1054.12,67.35,8.19,111382559.65,2250.57,68.46,0.03042
1268,Cotton,Alluvial,Kharif,Sprinkler,57,35,74,6.85,26.49,62.2,529.29,54.31,4.75,52755662.08,1052.78,1.54,0.00146
1269,Tomato,Red,Rabi,Sprinkler,90,44,43,5.96,25.39,56.47,215.28,53.54,6.93,24823676.04,660.94,61.1,0.09244
1270,Groundnut,Red,Rabi,Rainfed,62,30,72,6.11,24.06,51.88,618.97,53.81,491.18,1293645374.24,441.07,2.48,0.00562
1271,Groundnut,Sandy,Kharif,Drip,64,60,42,5.84,26.39,72.34,508.09,51.68,7.73,61043634.01,555.33,2.29,0.00412
1272,Wheat,Loamy,Rabi,Furrow,112,35,52,6.17,12.47,60.7,213.58,52.11,966.34,4168558228.98,459.0,3.03,0.0066
1273,Cotton,Black,Kharif,Drip,105,61,71,6.55,28.42,63.4,797.87,58.59,17.62,173998196.16,1031.1,2.23,0.00216
1274,Groundnut,Laterite,Kharif,Rainfed,40,60,57,6.94,31.12,59.55,429.73,35.49,98.28,1022561525.26,651.35,1.76,0.0027
1275,Rice,Loamy,Kharif,Drip,90,60,52,6.5,25.73,92.89,1283.79,69.37,7.38,54755037.25,1300.75,3.38,0.0026
1276,Maize,Red,Kharif,Sprinkler,102,64,61,7.16,30.71,52.61,790.26,44.48,954.8,4832555684.52,836.05,3.48,0.00416
1277,Cotton,Loamy,Kharif,Furrow,97,27,51,6.87,22.53,58.94,783.66,56.69,6.72,39515998.76,914.94,1.6,0.00175
1278,Millet,Loamy,Kharif,Drip,40,49,59,5.9,31.22,50.82,187.8,24.79,2.08,17434905.87,406.26,2.89,0.00711
1279,Millet,Loamy,Zaid,Drip,48,26,22,5.83,35.7,51.83,399.33,20.54,3.71,10926866.73,389.42,1.33,0.00342
1280,Millet,Sandy,Zaid,Drip,54,43,51,5.53,35.04,39.29,324.71,40.97,5.7,39193212.7,392.59,3.1,0.0079
1281,Maize,Alluvial,Kharif,Sprinkler,128,32,36,6.0,28.82,63.63,697.61,44.23,185.32,1355823684.5,790.2,3.55,0.00449
1282,Cotton,Black,Kharif,Furrow,54,45,78,7.33,25.03,59.45,600.28,59.84,4.6,19671639.91,1057.12,3.1,0.00293
1283,Tomato,Laterite,Zaid,Furrow,101,58,52,5.94,21.55,59.77,206.65,40.1,0.4,3041950.84,468.11,50.08,0.10698
1284,Tomato,Alluvial,Kharif,Drip,54,73,80,6.74,20.56,73.95,344.57,47.69,4.98,44535782.58,431.06,61.16,0.14188
1285,Tomato,Laterite,Rabi,Sprinkler,61,38,62,6.58,19.16,76.07,497.47,44.39,97.13,1032683953.12,416.93,63.52,0.15235
1286,Sugarcane,Black,Zaid,Flood,160,84,54,6.91,34.23,65.09,1093.51,77.53,7.9,101142651.92,2028.02,80.92,0.0399
1287,Cotton,Alluvial,Kharif,Drip,63,26,65,7.52,25.87,53.1,794.48,64.62,397.35,2889401838.36,990.41,1.78,0.0018
1288,Wheat,Loamy,Rabi,Sprinkler,70,63,38,7.42,11.55,48.01,234.18,49.76,1.97,6152029.46,602.11,4.03,0.00669
1289,Maize,Alluvial,Rabi,Rainfed,77,32,63,7.11,29.97,61.15,418.45,43.63,6.36,95064376.31,651.0,4.97,0.00763
1290,Wheat,Loamy,Rabi,Sprinkler,93,30,67,7.45,18.75,63.89,176.95,42.82,73.02,392545365.62,459.4,5.38,0.01171
1291,Groundnut,Loamy,Rabi,Drip,31,44,61,6.72,25.53,56.45,480.56,40.78,12.7,81627030.4,588.97,3.09,0.00525
1292,Cotton,Loamy,Kharif,Furrow,109,28,59,7.01,25.57,74.11,553.46,39.09,2.79,12451187.89,739.78,3.11,0.0042
1293,Cotton,Black,Kharif,Furrow,91,48,56,6.67,33.69,71.61,534.55,54.62,8.67,30636736.39,1068.9,2.86,0.00268
1294,Maize,Red,Rabi,Sprinkler,119,56,46,6.91,26.09,78.41,400.18,55.15,17.44,212218129.06,588.54,4.68,0.00795
1295,Millet,Red,Zaid,Sprinkler,44,30,32,6.93,28.15,44.09,313.7,43.52,86.03,770942762.62,394.6,1.61,0.00408
1296,Maize,Alluvial,Kharif,Furrow,112,55,34,6.23,20.12,56.93,602.85,43.37,38.64,164074515.78,508.75,4.64,0.00912
1297,Rice,Clay,Kharif,Furrow,129,60,57,6.63,33.94,75.06,1294.82,74.0,3.56,36525729.82,1760.69,4.07,0.00231
1298,Wheat,Clay,Rabi,Furrow,67,36,53,7.11,18.38,40.11,106.46,53.36,4.81,51243417.75,583.15,3.19,0.00547
1299,Millet,Sandy,Zaid,Drip,67,36,63,6.24,28.71,30.99,167.22,43.29,256.56,2816197941.76,384.4,2.28,0.00593
1300,Rice,Loamy,Kharif,Flood,87,54,70,5.75,33.94,75.1,610.34,88.33,2.9,16840597.01,1332.53,3.8,0.00285
1301,Millet,Red,Zaid,Drip,32,33,48,7.26,35.02,41.1,437.87,41.62,27.84,385810743.95,313.97,2.16,0.00688
1302,Millet,Loamy,Zaid,Drip,84,26,53,5.93,29.23,63.87,155.87,37.86,5.56,49102574.95,378.1,1.65,0.00436
1303,Rice,Loamy,Kharif,Flood,96,39,45,5.92,26.2,91.0,626.88,84.88,6.33,60793141.04,1191.29,3.93,0.0033
1304,Tomato,Alluvial,Kharif,Drip,104,44,49,5.5,21.32,69.68,382.02,39.37,5.58,23092264.98,503.99,61.06,0.12115
1305,Cotton,Loamy,Kharif,Drip,120,62,59,6.96,29.72,71.39,973.0,36.23,7.77,107093419.23,692.15,1.47,0.00212
1306,Tomato,Alluvial,Kharif,Furrow,86,63,54,6.21,23.3,72.47,398.66,47.64,76.3,1049330817.61,498.05,58.45,0.11736
1307,Tomato,Laterite,Kharif,Furrow,102,73,56,5.73,18.56,72.23,474.34,53.06,3.61,10307080.33,486.34,53.48,0.10996
1308,Groundnut,Sandy,Kharif,Rainfed,66,49,30,6.94,30.02,52.65,646.39,52.91,6.2,40715064.86,501.04,3.02,0.00603
1309,Maize,Alluvial,Kharif,Drip,126,56,69,7.14,20.07,57.33,628.99,53.15,14.24,135718651.01,641.4,5.36,0.00836
1310,Tomato,Alluvial,Rabi,Sprinkler,69,65,41,6.83,29.15,64.46,208.26,52.43,1.96,11775195.28,513.85,57.83,0.11254
1311,Maize,Black,Rabi,Furrow,98,47,44,6.0,30.51,51.64,419.77,58.64,46.93,286596592.89,677.06,5.09,0.00752
1312,Wheat,Alluvial,Rabi,Furrow,81,55,43,6.03,24.22,41.82,104.17,57.64,6.68,84222053.2,538.2,3.25,0.00604
1313,Tomato,Red,Rabi,Furrow,108,52,51,6.44,24.54,54.29,345.17,58.44,6.34,53159175.69,588.02,63.8,0.1085
1314,Tomato,Alluvial,Rabi,Sprinkler,98,65,41,6.34,25.28,62.06,228.35,39.79,123.17,696005083.8,552.12,52.93,0.09587
1315,Cotton,Black,Kharif,Sprinkler,103,41,67,7.39,31.9,47.18,754.79,42.85,19.68,161184182.85,885.72,3.78,0.00427
1316,Rice,Alluvial,Kharif,Flood,86,68,55,5.94,30.46,86.22,840.59,83.57,29.08,198947085.73,1552.07,4.92,0.00317
1317,Cotton,Alluvial,Kharif,Furrow,68,51,59,5.82,26.24,69.79,731.5,49.98,8.7,124252577.22,800.98,3.71,0.00463
1318,Wheat,Loamy,Rabi,Drip,85,38,44,7.01,21.33,45.58,98.21,34.39,27.01,325551313.65,609.24,5.67,0.00931
1319,Rice,Loamy,Kharif,Furrow,90,64,45,5.95,30.25,73.41,793.43,83.41,4.01,28204836.31,1358.11,4.15,0.00306
1320,Millet,Loamy,Zaid,Rainfed,36,39,22,7.26,34.76,30.09,342.36,22.34,6.21,34890028.75,369.1,2.26,0.00612
1321,Tomato,Alluvial,Rabi,Sprinkler,95,40,90,6.21,20.13,67.65,518.13,52.66,10.97,83604040.62,521.11,37.84,0.07261
1322,Rice,Loamy,Kharif,Furrow,139,65,49,5.94,25.69,94.94,1456.05,62.1,7.21,27973805.4,1338.54,4.35,0.00325
1323,Sugarcane,Alluvial,Kharif,Flood,154,48,70,6.09,35.23,69.25,1127.55,76.34,0.89,11592481.14,2266.19,67.78,0.02991
1324,Maize,Black,Kharif,Furrow,77,55,55,5.85,26.43,57.56,602.63,50.48,320.09,1617690288.47,815.08,4.23,0.00519
1325,Cotton,Black,Kharif,Sprinkler,63,40,71,7.29,34.59,66.29,706.32,61.77,60.1,284757336.38,1079.38,3.32,0.00308
1326,Maize,Black,Rabi,Sprinkler,130,36,57,6.07,21.73,78.78,735.68,62.46,24.65,219490700.94,488.18,4.2,0.0086
1327,Groundnut,Laterite,Kharif,Rainfed,25,40,72,5.59,29.21,52.21,646.63,36.06,3.98,12808600.98,503.29,2.04,0.00405
1328,Groundnut,Red,Rabi,Drip,34,46,36,6.76,24.13,55.58,469.17,43.88,4.92,28645852.03,498.56,2.63,0.00528
1329,Cotton,Alluvial,Kharif,Sprinkler,87,38,54,7.09,29.88,60.26,964.28,47.65,64.44,372262722.74,898.36,1.9,0.00211
1330,Millet,Sandy,Zaid,Drip,58,43,53,5.51,25.21,64.24,317.95,32.23,7.99,67625011.17,336.32,3.15,0.00937
1331,Tomato,Red,Kharif,Sprinkler,108,49,50,5.53,27.86,62.11,417.76,41.67,527.73,4689246456.68,683.29,59.88,0.08763
1332,Cotton,Loamy,Kharif,Sprinkler,76,52,72,7.04,24.13,55.87,851.0,36.17,2.86,14834289.57,952.19,3.48,0.00365
1333,Cotton,Loamy,Kharif,Furrow,94,65,30,6.68,22.11,68.35,581.36,62.99,6.89,63831186.69,786.74,1.7,0.00216
1334,Tomato,Loamy,Zaid,Sprinkler,55,64,72,6.83,23.45,69.05,568.72,57.14,4.73,67768118.67,472.38,41.18,0.08718
1335,Millet,Sandy,Zaid,Sprinkler,54,27,55,6.23,34.75,38.51,159.4,35.72,1.53,11345175.87,346.26,2.41,0.00696
1336,Tomato,Alluvial,Rabi,Drip,108,46,75,6.86,23.08,69.55,291.56,59.04,3.14,20396762.57,402.77,41.4,0.10279
1337,Wheat,Clay,Rabi,Drip,114,58,40,7.46,17.39,46.63,128.27,35.5,8.76,54707068.5,477.79,3.44,0.0072
1338,Sugarcane,Alluvial,Zaid,Furrow,138,69,81,7.69,27.13,66.22,1385.49,77.39,25.4,118632914.52,2615.65,91.26,0.03489
1339,Millet,Loamy,Zaid,Sprinkler,37,22,51,7.22,34.64,46.65,278.64,40.84,2.51,17866458.86,357.53,2.66,0.00744
1340,Tomato,Loamy,Zaid,Drip,61,58,60,6.77,24.56,76.88,293.01,48.2,1.66,7029526.27,501.94,59.86,0.11926
1341,Millet,Sandy,Zaid,Drip,89,44,46,6.41,30.42,55.21,172.42,30.15,7.55,105708274.98,310.05,1.78,0.00574
1342,Millet,Sandy,Kharif,Rainfed,35,50,44,6.44,32.02,38.02,217.81,38.73,1.02,13763821.03,417.97,3.16,0.00756
1343,Cotton,Loamy,Kharif,Furrow,62,25,33,7.81,29.38,53.71,597.27,55.55,915.14,9195749188.73,875.83,1.56,0.00178
1344,Sugarcane,Loamy,Zaid,Furrow,136,44,56,7.67,24.13,79.47,1089.77,69.74,3.93,49287327.97,1868.92,94.37,0.05049
1345,Cotton,Loamy,Kharif,Sprinkler,110,25,49,6.11,26.61,73.89,607.16,40.24,234.31,1844437076.95,920.98,2.57,0.00279
1346,Tomato,Red,Kharif,Sprinkler,80,50,89,5.78,27.28,50.17,451.44,54.58,75.89,1131557569.11,516.05,52.4,0.10154
1347,Tomato,Alluvial,Kharif,Furrow,50,52,81,6.09,25.12,60.49,295.98,62.84,9.63,70705731.29,522.07,71.71,0.13736
1348,Rice,Alluvial,Kharif,Furrow,118,62,62,6.04,28.07,72.08,1566.74,66.84,6.54,79106358.21,1493.25,4.49,0.00301
1349,Maize,Loamy,Kharif,Furrow,77,35,30,6.1,28.69,74.86,470.67,56.08,777.65,6193190802.73,517.7,6.5,0.01256
1350,Tomato,Alluvial,Zaid,Sprinkler,56,44,55,6.91,27.28,68.27,402.68,62.86,487.95,6805157464.34,602.69,56.96,0.09451
1351,Wheat,Clay,Rabi,Drip,78,46,32,7.21,19.33,47.89,225.48,57.61,9.77,37157801.95,660.9,5.81,0.00879
1352,Millet,Loamy,Zaid,Drip,63,48,62,7.02,32.12,41.43,158.11,26.92,2.24,13541782.92,403.76,1.84,0.00456
1353,Sugarcane,Alluvial,Zaid,Drip,106,43,60,7.07,34.02,74.45,823.05,83.97,8.68,120607004.48,2461.63,64.04,0.02602
1354,Wheat,Alluvial,Rabi,Furrow,66,52,34,7.14,22.95,53.71,61.91,32.0,459.63,4263112885.57,621.81,5.02,0.00807
1355,Groundnut,Loamy,Rabi,Sprinkler,63,40,39,6.65,30.48,73.26,556.47,35.28,9.74,135307169.52,451.83,2.29,0.00507
1356,Cotton,Loamy,Kharif,Furrow,109,25,45,7.18,33.17,61.22,547.06,62.8,9.01,33504004.74,790.23,2.32,0.00294
1357,Groundnut,Loamy,Kharif,Sprinkler,34,47,54,7.08,24.63,74.76,356.77,33.56,4.49,57290117.22,561.03,2.57,0.00458
1358,Tomato,Laterite,Kharif,Sprinkler,50,70,84,6.09,26.78,71.81,271.01,50.46,96.22,706776399.83,489.82,48.89,0.09981
1359,Wheat,Clay,Rabi,Drip,69,59,50,6.73,13.33,69.65,228.47,48.01,9.6,51054888.83,422.84,5.31,0.01256
1360,Tomato,Red,Zaid,Drip,78,52,79,6.63,25.56,60.32,359.14,47.25,5.47,42327426.45,620.54,50.98,0.08215
1361,Tomato,Alluvial,Zaid,Sprinkler,89,56,48,6.07,20.5,69.55,244.95,48.43,94.86,651201609.58,533.06,38.39,0.07202
1362,Sugarcane,Clay,Kharif,Furrow,107,42,83,6.25,27.17,86.08,1322.83,69.54,5.13,32145659.8,1904.83,71.41,0.03749
1363,Sugarcane,Alluvial,Kharif,Furrow,159,43,82,7.01,22.11,70.46,1020.96,88.98,533.0,5558916307.74,1754.8,76.39,0.04353
1364,Wheat,Loamy,Rabi,Flood,71,64,42,7.19,14.19,64.2,219.54,55.48,22.82,154253285.79,420.92,4.22,0.01003
1365,Sugarcane,Alluvial,Kharif,Drip,144,53,54,7.3,35.61,77.02,1407.15,82.24,35.52,518665772.59,1658.04,76.28,0.04601
1366,Millet,Red,Kharif,Rainfed,79,15,56,6.97,33.27,62.53,424.23,29.48,8.38,63309808.63,401.94,2.04,0.00508
1367,Rice,Alluvial,Kharif,Flood,137,53,35,6.33,25.4,79.06,1155.43,76.15,190.42,1409481486.55,1299.94,4.67,0.00359
1368,Sugarcane,Loamy,Zaid,Flood,98,58,59,6.12,33.74,68.08,1441.67,69.2,0.33,4270847.24,2071.39,84.44,0.04076
1369,Millet,Sandy,Zaid,Rainfed,33,23,21,5.82,33.43,37.17,219.24,42.22,3.94,42938394.91,323.04,2.59,0.00802
1370,Cotton,Alluvial,Kharif,Drip,101,30,59,6.82,32.13,46.55,680.29,35.44,3.52,41754525.05,1130.99,2.89,0.00256
1371,Cotton,Loamy,Kharif,Drip,90,53,52,7.21,25.9,45.84,720.91,36.36,1.95,22040102.71,1059.93,2.94,0.00277
1372,Millet,Sandy,Kharif,Rainfed,73,48,23,6.02,27.02,49.06,211.61,41.72,5.39,63226021.97,296.09,2.87,0.00969
1373,Cotton,Loamy,Kharif,Drip,104,54,60,6.81,27.28,66.5,688.52,48.12,0.95,4081883.73,1051.11,2.55,0.00243
1374,Tomato,Red,Rabi,Sprinkler,64,52,54,5.98,26.62,55.3,305.54,38.04,7.82,63498369.14,556.63,66.18,0.11889
1375,Tomato,Laterite,Kharif,Furrow,110,36,83,6.23,22.21,77.21,335.94,64.33,3.54,17505746.14,553.27,65.07,0.11761
1376,Cotton,Alluvial,Kharif,Furrow,59,35,40,6.9,31.44,67.18,804.46,43.16,2.91,29058085.49,833.75,1.9,0.00228
1377,Cotton,Alluvial,Kharif,Furrow,53,43,65,5.85,34.59,55.51,503.29,61.54,49.15,525407014.07,927.13,1.91,0.00206
1378,Wheat,Clay,Rabi,Flood,93,51,41,6.5,11.23,63.44,119.77,59.25,3.19,40208591.04,519.64,4.06,0.00781
1379,Rice,Clay,Kharif,Drip,102,36,61,5.75,29.99,88.34,869.27,79.67,3.37,41112205.35,1418.78,4.99,0.00352
1380,Cotton,Loamy,Kharif,Furrow,81,62,46,5.81,21.28,52.21,558.35,38.59,0.64,2766548.75,898.49,1.98,0.0022
1381,Cotton,Loamy,Kharif,Furrow,120,40,56,5.88,25.87,65.13,612.3,63.93,5.5,45099393.42,920.78,3.43,0.00373
1382,Millet,Red,Zaid,Rainfed,85,38,26,5.66,28.44,51.28,330.48,26.79,84.88,458938639.82,257.92,2.08,0.00806
1383,Wheat,Clay,Rabi,Drip,76,63,62,7.25,17.17,53.72,230.68,43.23,1.2,6123602.65,461.74,5.2,0.01126
1384,Cotton,Loamy,Kharif,Drip,120,40,77,6.02,29.72,69.1,812.34,64.54,5.1,56515038.34,786.51,3.4,0.00432
1385,Rice,Alluvial,Kharif,Drip,89,38,40,5.54,30.88,79.61,1267.44,62.93,567.46,5921503178.21,1561.48,5.24,0.00336
1386,Tomato,Alluvial,Kharif,Drip,73,57,68,6.79,25.33,55.88,565.56,41.48,292.08,2782088326.88,451.19,63.93,0.14169
1387,Rice,Loamy,Kharif,Furrow,83,42,52,5.59,28.29,78.6,737.13,87.93,91.54,1084880149.78,1777.42,3.92,0.00221
1388,Groundnut,Sandy,Kharif,Rainfed,63,52,53,5.96,25.86,57.53,513.17,53.44,8.59,68926433.31,509.98,3.25,0.00637
1389,Wheat,Clay,Rabi,Sprinkler,77,60,40,6.95,13.59,68.05,163.58,51.59,3.82,42123237.04,479.44,5.35,0.01116
1390,Rice,Alluvial,Kharif,Flood,80,47,35,5.78,29.63,73.78,889.25,86.86,395.56,1442401106.83,1700.23,5.32,0.00313
1391,Rice,Loamy,Kharif,Flood,114,67,44,5.97,31.94,87.82,717.69,79.97,38.47,557833300.44,1453.27,4.42,0.00304
1392,Cotton,Alluvial,Kharif,Furrow,84,45,33,6.31,26.57,67.8,856.55,64.0,4.1,57590663.24,694.56,1.86,0.00268
1393,Cotton,Loamy,Kharif,Drip,65,47,30,6.1,25.1,64.01,515.63,63.98,8.71,29124546.83,785.82,1.85,0.00235
1394,Tomato,Alluvial,Rabi,Furrow,99,68,76,5.86,26.63,71.23,497.14,51.22,1.43,9362354.88,602.81,61.03,0.10124
1395,Maize,Black,Kharif,Drip,111,36,43,6.03,28.34,75.47,719.12,58.8,46.98,299174508.15,702.28,3.48,0.00496
1396,Wheat,Clay,Rabi,Flood,69,51,63,6.94,14.02,64.33,147.49,52.87,6.86,60943479.69,515.04,4.95,0.00961
1397,Groundnut,Laterite,Kharif,Drip,68,28,57,6.07,24.25,69.29,430.93,59.87,0.81,2988298.18,382.97,1.52,0.00397
1398,Millet,Sandy,Kharif,Drip,49,26,34,6.36,27.56,32.2,171.35,24.55,9.24,42550121.11,314.78,2.49,0.00791
1399,Maize,Loamy,Kharif,Furrow,86,47,50,6.9,28.58,79.32,769.15,57.53,8.91,58533278.97,638.78,3.31,0.00518
1400,Wheat,Alluvial,Rabi,Flood,95,64,51,7.22,12.81,64.46,53.06,47.62,4.45,21328051.95,443.48,4.93,0.01112
1401,Tomato,Red,Kharif,Drip,63,52,77,6.57,18.4,76.43,515.74,58.88,261.24,2952558881.06,366.1,40.38,0.1103
1402,Groundnut,Red,Rabi,Rainfed,30,46,46,6.07,30.93,53.55,416.14,50.04,30.8,311677002.72,677.56,2.67,0.00394
1403,Maize,Red,Kharif,Drip,74,36,44,6.53,26.92,52.97,569.33,59.96,8.73,81982763.92,728.15,7.13,0.00979
1404,Groundnut,Red,Rabi,Rainfed,34,48,33,6.59,31.62,50.59,569.31,34.71,9.38,25468915.22,632.64,2.23,0.00352
1405,Cotton,Loamy,Kharif,Drip,114,52,41,5.98,31.08,60.08,523.8,43.4,4.82,60647872.9,927.59,1.9,0.00205
1406,Maize,Black,Kharif,Furrow,111,53,45,6.39,26.67,70.87,772.6,48.07,2.43,30339978.11,750.8,4.85,0.00646
1407,Millet,Sandy,Kharif,Rainfed,60,31,26,6.57,31.55,61.21,300.33,23.93,9.4,120410019.84,385.81,3.33,0.00863
1408,Wheat,Loamy,Rabi,Sprinkler,65,41,58,7.06,13.37,54.72,182.49,56.92,93.02,238171770.8,604.15,3.38,0.00559
1409,Maize,Red,Kharif,Sprinkler,112,36,43,5.89,29.16,50.86,523.01,68.43,3.6,25114090.91,590.02,4.96,0.00841
1410,Tomato,Laterite,Zaid,Drip,59,69,57,5.53,19.18,69.3,393.9,43.91,5.35,62787892.68,372.29,45.34,0.12179
1411,Tomato,Laterite,Zaid,Drip,76,35,66,5.82,28.6,70.46,548.12,49.26,6.01,25946864.84,519.07,39.31,0.07573
1412,Maize,Black,Rabi,Drip,88,30,57,6.61,31.47,55.34,327.73,48.89,0.26,3430916.69,880.0,4.37,0.00497
1413,Groundnut,Sandy,Rabi,Rainfed,67,50,58,7.19,24.78,74.92,413.09,40.6,0.78,5413428.54,398.44,2.31,0.0058
1414,Wheat,Alluvial,Rabi,Flood,60,49,67,6.02,22.62,57.32,201.3,52.71,5.8,66642457.77,663.3,2.88,0.00434
1415,Tomato,Laterite,Kharif,Sprinkler,58,60,76,5.91,25.59,75.21,409.55,40.83,4.15,32854143.91,551.68,75.05,0.13604
1416,Cotton,Loamy,Kharif,Drip,106,48,71,6.96,23.75,66.73,534.46,50.53,6.92,53362123.91,794.23,1.59,0.002
1417,Rice,Alluvial,Kharif,Furrow,98,48,50,6.62,32.98,93.84,700.26,68.89,7.09,61671816.42,1656.67,4.28,0.00258
1418,Tomato,Red,Kharif,Drip,108,68,52,6.71,26.54,54.2,570.6,60.66,6.9,27023471.01,462.88,45.26,0.09778
1419,Maize,Alluvial,Kharif,Sprinkler,95,30,58,6.56,20.94,66.31,327.04,42.12,3.52,25843769.72,640.35,4.66,0.00728
1420,Sugarcane,Alluvial,Zaid,Furrow,114,82,93,7.04,24.24,85.59,1405.54,61.98,9.04,105975899.78,1751.91,86.77,0.04953
1421,Sugarcane,Alluvial,Kharif,Drip,153,85,70,7.27,25.52,73.7,1465.69,71.95,2.34,21266723.49,1652.96,53.28,0.03223
1422,Sugarcane,Alluvial,Kharif,Drip,114,69,110,7.43,32.65,69.05,1028.1,80.42,174.11,858627000.57,2643.4,68.78,0.02602
1423,Millet,Loamy,Kharif,Sprinkler,51,22,51,6.71,33.26,42.82,411.98,34.55,79.63,317434975.15,408.21,3.0,0.00735
1424,Maize,Red,Rabi,Rainfed,85,49,70,6.34,21.44,59.48,586.77,51.74,5.48,74749511.98,716.29,4.96,0.00692
1425,Cotton,Black,Kharif,Furrow,75,62,66,7.29,31.95,57.75,505.49,55.61,1.74,8425719.98,1066.77,2.19,0.00205
1426,Wheat,Alluvial,Rabi,Flood,66,64,68,6.82,17.92,45.02,139.28,34.35,6.14,26812268.28,515.56,6.02,0.01168
1427,Rice,Alluvial,Kharif,Drip,127,39,40,6.04,29.79,70.58,600.02,84.52,3.57,14971396.4,1607.7,4.55,0.00283
1428,Millet,Red,Kharif,Sprinkler,56,34,35,7.12,29.54,61.1,292.4,31.43,0.31,4427937.65,410.98,2.19,0.00533
1429,Rice,Clay,Kharif,Drip,114,57,62,6.7,29.86,70.47,1280.68,62.79,6.48,56182398.89,1406.12,5.4,0.00384
1430,Cotton,Loamy,Kharif,Sprinkler,71,25,39,6.29,33.01,58.94,830.54,50.45,1.11,2959057.64,830.17,2.95,0.00355
1431,Millet,Red,Kharif,Sprinkler,70,29,54,6.93,34.07,64.54,346.04,26.31,60.54,696009346.15,297.55,2.48,0.00833
1432,Groundnut,Laterite,Rabi,Sprinkler,45,35,40,6.48,24.83,58.22,550.08,42.69,6.95,64015521.84,398.17,2.51,0.0063
1433,Rice,Clay,Kharif,Furrow,100,60,47,5.91,28.45,90.3,1069.03,89.81,5.58,75913428.69,1581.8,5.83,0.00369
1434,Tomato,Red,Kharif,Furrow,80,64,88,6.9,29.96,54.69,201.43,48.12,5.9,68671722.34,508.9,34.83,0.06844
1435,Rice,Loamy,Kharif,Drip,80,65,49,6.28,29.44,77.41,1039.07,85.38,7.19,61659890.87,1349.71,5.55,0.00411
1436,Groundnut,Sandy,Rabi,Sprinkler,27,42,70,5.96,22.51,60.37,567.47,49.62,6.68,86289902.69,509.76,1.84,0.00361
1437,Millet,Loamy,Kharif,Rainfed,37,15,36,6.77,30.35,33.45,171.39,36.94,3.28,48532395.42,311.95,1.35,0.00433
1438,Cotton,Alluvial,Kharif,Furrow,104,30,35,6.1,24.93,52.88,848.49,47.34,57.8,717022589.89,798.63,3.35,0.00419
1439,Sugarcane,Loamy,Zaid,Drip,120,78,89,7.26,31.86,93.29,937.13,83.59,72.4,506415689.07,2276.87,62.98,0.02766
1440,Cotton,Loamy,Kharif,Sprinkler,75,30,71,6.09,29.93,74.63,947.51,55.14,5.09,62524017.71,867.14,2.01,0.00232
1441,Sugarcane,Clay,Zaid,Flood,97,76,92,6.89,33.79,79.44,1461.64,75.24,3.23,17401912.78,2543.82,74.44,0.02926
1442,Cotton,Alluvial,Kharif,Furrow,115,30,71,6.29,29.32,61.93,601.76,49.74,9.93,104693905.78,1020.1,2.7,0.00265
1443,Tomato,Alluvial,Kharif,Sprinkler,51,73,90,6.1,28.01,78.21,391.57,39.12,43.63,398697125.99,576.45,46.1,0.07997
1444,Wheat,Alluvial,Rabi,Drip,98,57,45,7.18,10.05,64.55,111.32,58.79,9.79,88467799.69,474.5,5.17,0.0109
1445,Millet,Sandy,Zaid,Rainfed,86,42,52,7.46,28.62,38.13,158.78,28.66,0.67,7939541.09,328.61,1.75,0.00533
1446,Wheat,Alluvial,Rabi,Furrow,120,55,32,6.85,23.29,68.64,56.94,50.37,6.31,82045059.58,593.21,4.53,0.00764
1447,Maize,Alluvial,Kharif,Sprinkler,105,57,39,5.96,20.26,65.89,657.77,43.27,5.76,28905660.03,571.9,3.41,0.00596
1448,Groundnut,Loamy,Kharif,Sprinkler,39,41,53,7.08,24.27,62.81,548.27,49.48,957.48,9342311431.71,492.07,1.61,0.00327
1449,Rice,Clay,Kharif,Furrow,107,36,58,6.46,26.27,74.61,608.34,60.69,5.87,48395308.34,1484.61,4.9,0.0033
1450,Millet,Sandy,Kharif,Rainfed,30,25,21,7.21,32.58,46.69,232.62,23.41,63.4,284180512.83,266.68,1.79,0.00671
1451,Cotton,Alluvial,Kharif,Sprinkler,68,30,57,6.68,33.35,66.58,955.37,60.88,380.53,1736892854.92,808.41,2.39,0.00296
1452,Wheat,Alluvial,Rabi,Furrow,101,65,33,7.23,21.75,58.85,137.12,34.61,6.13,34274842.35,528.25,4.15,0.00786
1453,Millet,Sandy,Zaid,Rainfed,65,18,36,7.43,25.06,61.95,150.21,25.42,7.32,90055190.42,286.05,1.51,0.00528
1454,Cotton,Alluvial,Kharif,Furrow,78,57,77,7.69,31.36,64.54,760.55,46.86,4.46,14166284.29,1031.78,3.47,0.00336
1455,Sugarcane,Loamy,Kharif,Flood,142,77,73,6.07,31.99,71.0,1596.42,60.28,7.87,103139747.34,2246.82,87.43,0.03891
1456,Rice,Alluvial,Kharif,Furrow,117,62,43,5.62,32.66,76.13,1493.52,86.35,9.52,105110530.77,1778.9,4.01,0.00225
1457,Sugarcane,Loamy,Kharif,Drip,124,42,73,7.7,30.93,88.41,733.48,85.57,8.96,73640088.58,2119.05,63.74,0.03008
1458,Cotton,Black,Kharif,Furrow,55,37,44,6.09,27.49,58.6,705.97,56.09,8.55,91408654.3,870.81,3.6,0.00413
1459,Millet,Red,Zaid,Drip,46,42,58,6.59,34.34,58.83,203.6,35.66,21.22,190511331.0,333.58,1.97,0.00591
1460,Groundnut,Laterite,Rabi,Drip,56,26,51,6.01,25.37,71.42,653.17,54.37,1.15,11980583.97,561.52,2.06,0.00367
1461,Tomato,Red,Zaid,Sprinkler,91,74,52,6.86,25.11,51.1,544.13,57.87,2.34,6703293.53,491.19,37.54,0.07643
1462,Sugarcane,Loamy,Zaid,Flood,113,82,82,6.24,29.81,72.9,928.57,88.44,7.34,70576055.53,1754.32,97.35,0.05549
1463,Sugarcane,Black,Kharif,Flood,120,57,82,7.28,26.21,67.85,1433.82,73.74,9.68,141157532.52,1790.53,79.39,0.04434
1464,Rice,Loamy,Kharif,Drip,98,50,48,6.51,28.35,71.87,829.81,85.81,2.61,32261200.51,1552.09,3.48,0.00224
1465,Groundnut,Red,Rabi,Rainfed,70,32,69,6.04,30.71,67.04,583.22,34.19,36.96,538086401.15,487.41,2.48,0.00509
1466,Millet,Loamy,Zaid,Drip,49,17,22,5.95,34.67,62.08,171.83,34.56,572.72,5757711909.7,377.27,1.54,0.00408
1467,Tomato,Laterite,Rabi,Sprinkler,89,38,56,6.01,23.04,75.57,295.34,42.52,490.48,7146795181.75,419.9,33.52,0.07983
1468,Maize,Red,Kharif,Sprinkler,96,47,63,6.88,22.27,71.23,611.14,60.26,60.33,859380873.14,663.06,6.41,0.00967
1469,Wheat,Clay,Rabi,Furrow,107,34,41,6.08,18.62,41.04,192.84,52.1,8.78,78459391.52,616.56,4.76,0.00772
1470,Maize,Black,Kharif,Rainfed,75,60,60,5.89,26.94,55.08,403.85,47.0,12.82,157506014.81,548.58,3.66,0.00667
1471,Tomato,Loamy,Kharif,Furrow,64,54,47,6.39,29.98,55.16,582.67,60.96,87.13,1162405774.91,615.01,31.09,0.05055
1472,Maize,Alluvial,Kharif,Sprinkler,115,44,55,5.88,23.5,56.48,502.59,45.95,1.52,9825813.16,579.54,5.32,0.00918
1473,Wheat,Alluvial,Rabi,Furrow,81,31,48,6.45,14.31,56.65,220.81,43.7,4.93,72956786.84,509.74,5.7,0.01118
1474,Maize,Loamy,Rabi,Drip,95,50,61,6.59,31.43,77.77,407.75,45.7,54.1,354900847.93,602.2,4.1,0.00681
1475,Groundnut,Red,Kharif,Drip,65,31,48,5.91,29.1,65.89,600.38,54.66,7.13,47334767.17,638.85,2.89,0.00452
1476,Rice,Alluvial,Kharif,Flood,136,61,53,6.11,25.66,89.13,1418.82,81.22,6.97,56321097.72,1258.84,3.55,0.00282
1477,Sugarcane,Loamy,Kharif,Furrow,100,47,71,7.21,34.25,74.43,1086.31,60.11,5.83,51460868.47,2627.33,92.14,0.03507
1478,Sugarcane,Black,Kharif,Furrow,140,70,59,6.62,23.58,78.22,1498.56,74.43,9.38,109205077.16,1701.78,49.67,0.02919
1479,Maize,Black,Kharif,Furrow,83,34,69,7.06,22.63,71.8,383.76,58.39,3.01,40879026.31,507.79,5.05,0.00995
1480,Wheat,Loamy,Rabi,Furrow,72,64,46,6.1,17.13,52.72,76.55,43.33,732.87,8886517034.34,554.32,3.74,0.00675
1481,Millet,Red,Kharif,Drip,70,45,20,5.65,31.87,36.74,356.62,35.92,7.19,47673555.79,442.24,3.32,0.00751
1482,Millet,Sandy,Kharif,Drip,39,27,40,6.72,27.66,34.35,227.51,40.7,372.55,4668638745.01,351.99,1.97,0.0056
1483,Millet,Red,Zaid,Rainfed,53,29,30,6.64,32.25,41.15,157.27,38.4,9.58,95258461.33,395.88,2.5,0.00632
1484,Maize,Black,Rabi,Drip,117,64,66,6.19,24.52,74.03,360.48,46.2,6.49,38631098.11,573.09,5.69,0.00993
1485,Millet,Sandy,Kharif,Rainfed,31,50,53,5.92,34.93,44.48,342.69,23.02,7.75,74528958.13,387.44,3.19,0.00823
1486,Cotton,Alluvial,Kharif,Furrow,104,42,49,6.62,25.6,68.38,505.77,40.17,6.36,28736352.11,654.37,1.93,0.00295
1487,Rice,Clay,Kharif,Furrow,106,45,50,5.72,32.47,87.51,896.09,67.9,4.1,48334680.34,1771.42,4.61,0.0026
1488,Rice,Loamy,Kharif,Flood,84,39,48,6.72,24.78,91.22,780.11,81.04,2.53,25304992.61,1381.3,4.41,0.00319
1489,Maize,Loamy,Rabi,Sprinkler,126,54,60,6.78,21.86,70.31,362.02,54.38,667.73,7519361461.2,486.33,3.82,0.00785
1490,Groundnut,Red,Rabi,Rainfed,38,28,47,6.82,31.44,73.11,409.74,31.81,9.79,70347989.77,446.71,2.6,0.00582
1491,Wheat,Alluvial,Rabi,Flood,104,53,41,6.95,14.55,64.15,201.85,58.01,3.37,50403734.38,462.87,5.88,0.0127
1492,Millet,Loamy,Zaid,Sprinkler,31,34,26,6.21,34.35,52.22,365.12,37.96,45.28,217012982.78,429.33,1.67,0.00389
1493,Groundnut,Loamy,Rabi,Drip,57,50,64,7.03,24.75,51.4,527.62,56.26,8.66,121366614.75,466.42,2.82,0.00605
1494,Sugarcane,Alluvial,Kharif,Furrow,109,57,74,7.41,25.36,68.06,1359.81,88.57,6.51,40974326.78,1642.53,56.87,0.03462
1495,Maize,Loamy,Rabi,Furrow,99,36,43,5.94,23.71,69.43,444.54,44.29,52.49,677992168.95,677.92,5.79,0.00854
1496,Sugarcane,Loamy,Zaid,Furrow,157,64,87,6.52,26.48,76.85,1555.8,66.27,656.92,9526907836.3,1684.15,64.21,0.03813
1497,Maize,Black,Rabi,Furrow,72,65,47,6.14,29.83,56.6,709.93,41.09,166.32,2144139306.27,828.78,5.11,0.00617
1498,Rice,Loamy,Kharif,Flood,90,36,42,6.3,29.57,85.79,1568.11,89.87,1.51,22309562.71,1616.52,4.28,0.00265
1499,Groundnut,Red,Kharif,Sprinkler,44,28,31,6.15,31.97,67.16,391.25,40.11,6.79,45452255.02,429.43,2.52,0.00587
1500,Tomato,Red,Rabi,Drip,100,46,69,6.23,29.91,71.67,581.05,37.15,72.48,1063816690.34,461.11,61.74,0.13389
1501,Rice,Loamy,Kharif,Drip,135,43,53,6.37,24.04,87.22,821.34,87.04,781.8,5478017023.68,1190.98,4.73,0.00397
1502,Sugarcane,Alluvial,Zaid,Furrow,144,54,108,6.61,24.49,80.54,1317.6,75.52,7.83,75814624.31,2027.81,75.24,0.0371
1503,Maize,Red,Rabi,Drip,102,45,32,6.73,22.45,75.8,706.17,55.84,7.46,22471134.04,721.58,4.13,0.00572
1504,Cotton,Loamy,Kharif,Furrow,106,49,56,7.2,29.21,68.64,535.45,48.22,5.14,27253172.76,688.31,2.35,0.00341
1505,Sugarcane,Alluvial,Kharif,Drip,122,58,65,7.1,34.32,90.64,917.1,60.53,3.6,40185326.98,1676.04,63.35,0.0378
1506,Sugarcane,Black,Kharif,Drip,102,84,80,7.35,25.77,86.66,1115.78,72.11,8.82,127702576.66,1486.71,70.79,0.04762
1507,Maize,Alluvial,Rabi,Furrow,118,43,64,6.97,21.72,54.23,614.19,48.78,16.92,50249302.87,755.22,6.45,0.00854
1508,Groundnut,Loamy,Kharif,Drip,69,29,60,7.17,30.22,51.11,351.33,30.62,6.84,20739205.17,561.38,1.77,0.00315
1509,Groundnut,Red,Rabi,Sprinkler,44,60,66,6.05,23.53,74.68,430.66,49.4,7.22,79434656.2,501.49,1.95,0.00389
1510,Rice,Loamy,Kharif,Drip,140,48,55,6.76,25.64,80.13,935.69,82.65,0.36,1126195.5,1267.97,5.87,0.00463
1511,Sugarcane,Clay,Zaid,Flood,110,83,57,6.64,23.08,94.37,983.51,87.99,6.94,18262702.02,1873.88,92.48,0.04935
1512,Groundnut,Red,Rabi,Drip,66,38,56,6.19,28.85,59.4,480.84,31.9,8.58,124503028.44,501.86,2.92,0.00582
1513,Tomato,Laterite,Kharif,Sprinkler,96,70,88,5.86,24.81,51.22,240.3,46.0,7.54,19420740.88,491.93,33.13,0.06735
1514,Sugarcane,Clay,Zaid,Drip,149,66,96,6.49,22.09,82.04,1435.85,62.06,4.9,68818749.25,1404.16,65.0,0.04629
1515,Maize,Black,Kharif,Sprinkler,94,39,65,6.98,28.73,74.88,362.16,62.83,0.73,8730590.45,613.93,4.82,0.00785
1516,Sugarcane,Loamy,Kharif,Furrow,113,75,76,6.32,29.89,76.56,1312.16,88.88,5.52,60236258.02,2480.1,98.62,0.03976
1517,Maize,Black,Rabi,Rainfed,88,42,60,6.0,29.0,76.45,750.12,43.5,6.89,46499714.49,631.56,5.26,0.00833
1518,Rice,Loamy,Kharif,Drip,122,58,35,6.19,31.06,80.08,668.77,76.12,1.58,21009055.88,1811.43,4.62,0.00255
1519,Cotton,Alluvial,Kharif,Sprinkler,118,57,37,7.05,24.42,64.16,957.3,55.7,778.31,11552960154.99,805.85,2.74,0.0034
1520,Rice,Alluvial,Kharif,Drip,95,64,58,5.55,31.74,79.66,1469.08,86.37,81.49,617824793.97,1442.8,3.27,0.00227
1521,Sugarcane,Alluvial,Zaid,Drip,141,78,90,7.1,25.45,83.45,1109.1,89.86,8.12,30592150.66,1564.88,95.3,0.0609
1522,Maize,Alluvial,Rabi,Drip,114,55,32,6.08,26.45,51.88,512.03,54.46,0.27,3209172.75,574.57,5.57,0.00969
1523,Wheat,Alluvial,Rabi,Sprinkler,87,37,45,7.18,11.72,48.07,219.89,50.77,7.8,52324538.73,449.13,4.76,0.0106
1524,Tomato,Loamy,Zaid,Drip,83,64,46,5.8,27.34,53.78,330.55,40.52,15.52,173178079.27,585.37,34.16,0.05836
1525,Wheat,Loamy,Rabi,Furrow,98,54,43,7.25,21.96,63.82,129.73,54.68,0.99,5586095.23,467.73,3.65,0.0078
1526,Tomato,Red,Kharif,Sprinkler,106,51,90,5.72,29.31,71.2,399.44,63.64,2.6,13488760.39,648.42,33.55,0.05174
1527,Groundnut,Red,Kharif,Drip,58,34,59,6.15,31.36,60.46,661.17,47.84,2.86,35033470.31,655.35,2.13,0.00325
1528,Tomato,Red,Rabi,Sprinkler,105,48,81,5.67,25.27,73.97,523.34,37.74,1.27,11231141.04,540.7,38.16,0.07058
1529,Millet,Sandy,Zaid,Drip,89,36,54,6.27,33.72,61.15,223.57,41.49,9.83,33050208.77,290.37,3.36,0.01157
1530,Sugarcane,Loamy,Kharif,Drip,124,54,71,6.1,22.9,67.72,865.28,89.11,3.35,16123582.78,2377.8,59.22,0.02491
1531,Sugarcane,Loamy,Kharif,Flood,133,78,69,6.1,35.52,77.14,1292.08,63.81,6.82,92465027.28,1959.2,88.01,0.04492
1532,Rice,Alluvial,Kharif,Drip,113,64,51,6.31,31.32,73.37,1452.64,74.68,127.65,1158780233.76,1535.83,4.39,0.00286
1533,Rice,Loamy,Kharif,Flood,130,47,40,6.31,33.43,94.92,610.09,89.18,2.61,7732992.55,1549.85,3.46,0.00223
1534,Groundnut,Sandy,Kharif,Drip,38,25,72,6.49,29.08,66.9,487.3,30.42,323.88,4156173270.8,576.28,3.13,0.00543
1535,Millet,Loamy,Kharif,Sprinkler,54,25,22,6.72,30.59,57.24,221.61,40.31,87.01,257479021.85,355.68,2.01,0.00565
1536,Sugarcane,Loamy,Kharif,Furrow,152,67,88,7.6,27.38,80.14,1476.33,82.86,80.77,753423051.83,1909.9,60.26,0.03155
1537,Rice,Clay,Kharif,Drip,109,49,66,5.77,32.46,79.06,1414.72,74.22,1.75,24311744.77,1711.05,4.85,0.00283
1538,Rice,Alluvial,Kharif,Drip,86,63,55,6.51,29.69,87.86,1015.95,62.12,30.14,95133682.25,1739.54,6.3,0.00362
1539,Cotton,Black,Kharif,Furrow,52,64,70,7.81,32.57,67.32,976.9,54.62,4.24,14959018.13,845.09,2.01,0.00238
1540,Millet,Loamy,Kharif,Sprinkler,60,43,21,7.45,27.27,50.0,322.72,24.4,9.44,122125421.07,285.61,3.31,0.01159
1541,Groundnut,Loamy,Rabi,Drip,58,51,39,5.94,31.71,51.9,390.98,59.36,4.99,32988309.99,677.02,1.72,0.00254
1542,Cotton,Loamy,Kharif,Furrow,110,25,73,6.45,33.09,53.51,575.79,63.81,9.3,76764624.97,836.26,1.77,0.00212
1543,Tomato,Laterite,Rabi,Drip,100,54,87,6.77,18.05,61.69,597.63,52.68,3.36,27068438.61,483.82,44.75,0.09249
1544,Cotton,Loamy,Kharif,Drip,82,62,56,5.86,21.76,56.13,942.47,58.72,6.12,68663847.73,842.92,3.1,0.00368
1545,Tomato,Alluvial,Kharif,Sprinkler,55,38,66,6.27,24.75,55.01,455.34,36.33,9.89,91425092.88,642.99,77.28,0.12019
1546,Cotton,Black,Kharif,Sprinkler,87,59,69,7.1,29.13,64.59,970.38,49.76,7.92,22483385.69,835.52,2.04,0.00244
1547,Rice,Clay,Kharif,Furrow,108,59,62,5.99,25.33,81.9,741.51,63.27,1.72,5237266.95,1491.67,3.0,0.00201
1548,Cotton,Loamy,Kharif,Furrow,57,42,48,7.0,34.91,58.04,788.03,62.58,59.38,840599936.3,1043.42,1.45,0.00139
1549,Millet,Red,Zaid,Sprinkler,90,47,61,6.71,29.95,39.13,169.8,43.63,36.17,242241542.06,316.37,2.09,0.00661
1550,Wheat,Clay,Rabi,Furrow,90,37,68,7.31,17.43,50.46,172.34,48.37,0.46,6749206.17,475.38,5.58,0.01174
1551,Rice,Clay,Kharif,Flood,137,54,47,6.2,27.22,92.72,887.73,80.81,1.73,22588200.0,1407.7,6.24,0.00443
1552,Rice,Clay,Kharif,Flood,117,46,54,6.52,24.64,90.23,1358.38,75.89,3.82,40037841.36,1604.2,4.37,0.00272
1553,Maize,Loamy,Kharif,Rainfed,99,65,61,6.25,21.13,70.31,464.51,49.77,862.27,12551943628.34,729.56,4.48,0.00614
1554,Maize,Alluvial,Kharif,Rainfed,97,43,50,5.82,31.93,50.33,565.74,60.06,6.05,59813430.49,675.38,6.0,0.00888
1555,Maize,Red,Rabi,Rainfed,101,64,61,5.9,24.02,78.79,461.72,58.66,3.13,33890174.56,688.37,5.49,0.00798
1556,Tomato,Red,Kharif,Sprinkler,97,51,48,6.9,26.05,77.87,588.87,51.41,8.42,33116641.18,542.32,66.13,0.12194
1557,Wheat,Loamy,Rabi,Flood,100,50,65,6.64,17.12,60.67,205.28,32.35,99.3,576943212.31,437.44,4.43,0.01013
1558,Rice,Clay,Kharif,Furrow,93,47,35,6.2,30.49,80.4,969.88,89.57,35.85,458745423.22,1746.31,4.49,0.00257
1559,Wheat,Clay,Rabi,Sprinkler,100,39,57,6.66,21.61,49.21,146.85,59.7,1.59,7153276.37,700.47,3.37,0.00481
1560,Rice,Loamy,Kharif,Flood,122,69,62,6.19,33.83,70.97,1220.82,78.19,59.76,215403811.6,1503.62,3.74,0.00249
1561,Millet,Sandy,Kharif,Drip,84,20,31,7.31,26.32,64.44,400.0,22.91,2.77,38349957.93,354.92,2.83,0.00797
1562,Sugarcane,Alluvial,Kharif,Drip,95,80,105,7.4,26.82,88.56,1311.77,77.24,6.27,36092576.24,1871.3,74.8,0.03997
1563,Maize,Black,Kharif,Furrow,129,51,46,6.75,26.81,76.69,678.85,42.42,5.13,16977364.99,566.32,6.87,0.01213
1564,Cotton,Alluvial,Kharif,Sprinkler,117,63,63,6.24,34.84,63.92,983.04,36.28,9.09,58755287.48,818.44,2.26,0.00276
1565,Maize,Red,Kharif,Furrow,110,65,49,7.09,28.1,76.32,553.52,43.72,4.96,61020586.76,564.21,6.83,0.01211
1566,Groundnut,Loamy,Rabi,Rainfed,41,53,72,6.13,23.08,54.16,523.08,32.4,8.95,72448134.19,635.16,1.82,0.00287
1567,Sugarcane,Alluvial,Zaid,Flood,136,50,54,6.73,31.59,85.0,1244.83,64.73,8.28,87450696.53,2195.49,94.9,0.04322
1568,Rice,Loamy,Kharif,Flood,110,64,36,5.76,25.4,71.6,919.48,83.63,1.42,7139176.7,1377.28,3.37,0.00245
1569,Rice,Clay,Kharif,Furrow,96,66,70,5.94,26.11,82.39,829.37,76.79,93.51,485894613.83,1572.28,4.36,0.00277
1570,Tomato,Laterite,Zaid,Drip,68,74,80,5.54,25.95,59.7,392.4,44.69,2.59,34188706.09,431.41,56.96,0.13203
1571,Cotton,Loamy,Kharif,Sprinkler,63,50,47,7.16,29.78,45.45,766.63,50.06,31.23,391608184.51,789.74,3.66,0.00463
1572,Rice,Alluvial,Kharif,Flood,122,43,64,5.51,31.21,81.62,1392.48,71.79,13.48,103143714.41,1352.88,4.65,0.00344
1573,Wheat,Clay,Rabi,Drip,98,30,69,6.57,19.45,67.21,138.17,46.64,7.97,100767358.16,603.43,6.1,0.01011
1574,Millet,Red,Zaid,Sprinkler,62,31,36,5.84,35.74,50.32,228.5,40.13,792.98,7400981550.47,446.21,2.35,0.00527
1575,Maize,Red,Kharif,Furrow,116,43,34,5.88,31.8,77.49,777.83,41.87,4.62,62361365.13,606.69,4.38,0.00722
1576,Tomato,Alluvial,Zaid,Drip,61,46,53,5.67,26.77,68.55,440.28,48.14,9.48,82466721.92,511.95,48.92,0.09556
1577,Groundnut,Sandy,Rabi,Rainfed,70,46,66,5.66,28.08,62.12,627.67,59.92,3.86,45809438.46,569.15,2.03,0.00357
1578,Sugarcane,Loamy,Kharif,Furrow,105,63,101,6.39,34.35,69.34,1430.21,71.18,802.81,4627688562.12,2599.24,63.41,0.0244
1579,Tomato,Loamy,Zaid,Furrow,94,70,79,6.69,26.88,56.95,315.63,63.26,9.26,53404132.1,663.37,68.96,0.10395
1580,Sugarcane,Clay,Zaid,Flood,123,53,54,7.53,26.54,73.72,1301.79,89.99,57.43,681879849.95,1914.21,85.17,0.04449
1581,Maize,Alluvial,Kharif,Furrow,118,55,60,7.18,29.73,52.0,689.79,59.49,27.75,257549931.23,699.67,4.67,0.00667
1582,Groundnut,Sandy,Rabi,Sprinkler,62,56,52,6.81,29.78,61.2,538.82,34.61,2.4,24486542.5,625.6,1.79,0.00286
1583,Groundnut,Loamy,Kharif,Rainfed,41,34,69,5.97,29.2,52.35,675.69,43.48,7.31,33096414.96,434.79,1.74,0.004
1584,Groundnut,Laterite,Rabi,Drip,62,47,48,5.61,30.52,70.49,376.82,34.3,7.63,58251674.52,527.22,2.65,0.00503
1585,Millet,Loamy,Kharif,Drip,47,27,60,6.81,28.81,48.9,227.83,44.62,582.21,5620122522.81,385.2,1.7,0.00441
1586,Tomato,Red,Kharif,Drip,56,74,53,6.84,25.87,53.16,366.82,40.88,12.7,103175335.93,693.91,55.76,0.08036
1587,Cotton,Alluvial,Kharif,Furrow,71,55,34,7.09,25.83,63.72,777.88,41.51,2.55,6754522.62,962.89,2.28,0.00237
1588,Cotton,Black,Kharif,Drip,87,42,54,7.87,32.81,67.55,757.04,47.87,48.76,491643654.58,844.93,3.24,0.00383
1589,Sugarcane,Clay,Zaid,Drip,127,72,59,7.66,23.58,94.09,1098.23,88.4,18.08,125646192.44,1368.29,89.68,0.06554
1590,Millet,Red,Kharif,Rainfed,32,15,48,7.45,34.44,38.14,308.42,24.29,998.0,5140546715.77,326.6,2.07,0.00634
1591,Cotton,Black,Kharif,Furrow,81,53,34,6.12,26.95,52.06,922.47,57.55,8.34,113360184.29,787.17,1.62,0.00206
1592,Cotton,Loamy,Kharif,Sprinkler,115,35,37,7.59,21.25,69.45,792.04,35.57,5.49,65822921.93,725.99,3.22,0.00444
1593,Rice,Alluvial,Kharif,Furrow,108,54,62,6.69,30.89,78.05,1063.31,66.9,8.11,84470311.8,1636.31,4.29,0.00262
1594,Maize,Black,Rabi,Furrow,70,41,62,6.56,31.18,66.12,407.34,60.95,2.28,6595318.84,608.95,5.13,0.00842
1595,Rice,Clay,Kharif,Furrow,107,61,43,6.53,31.62,80.24,668.23,68.41,835.97,7455389758.08,1300.32,3.67,0.00282
1596,Maize,Black,Rabi,Furrow,113,31,68,5.98,22.67,59.8,504.45,54.05,5.08,73941875.08,616.63,4.0,0.00649
1597,Wheat,Alluvial,Rabi,Flood,95,31,37,6.56,18.2,62.79,245.55,44.81,29.94,391731703.15,534.72,4.0,0.00748
1598,Wheat,Clay,Rabi,Flood,93,35,34,6.08,24.79,45.37,117.11,45.14,2.13,17008091.96,623.11,4.82,0.00774
1599,Cotton,Alluvial,Kharif,Furrow,72,37,77,6.42,25.64,73.48,920.24,44.51,17.75,162314009.21,739.58,3.12,0.00422
1600,Cotton,Loamy,Kharif,Furrow,90,33,54,7.92,22.63,68.4,563.52,56.98,5.52,46380673.37,939.82,1.38,0.00147
1601,Millet,Loamy,Kharif,Rainfed,33,28,49,6.86,29.42,38.5,364.79,27.6,9.66,49304657.65,380.25,3.08,0.0081
1602,Millet,Loamy,Kharif,Drip,40,25,30,6.15,35.0,60.76,409.2,20.98,40.09,420902424.51,343.74,2.84,0.00826
1603,Tomato,Laterite,Kharif,Furrow,97,54,61,6.47,20.23,62.72,516.52,53.2,7.48,110199739.0,409.11,68.35,0.16707
1604,Groundnut,Laterite,Rabi,Sprinkler,28,56,35,6.37,26.98,70.5,449.14,55.5,58.7,508593517.44,586.22,2.6,0.00444
1605,Millet,Sandy,Kharif,Sprinkler,86,31,39,5.94,26.0,50.65,333.33,35.52,72.6,249232890.32,253.65,1.88,0.00741
1606,Rice,Alluvial,Kharif,Flood,133,64,47,6.33,30.41,91.47,933.46,69.67,599.41,7564507643.83,1485.46,4.08,0.00275
1607,Millet,Red,Zaid,Sprinkler,85,29,42,7.48,26.7,45.82,421.67,38.14,2.03,11548363.12,312.76,3.03,0.00969
1608,Millet,Red,Kharif,Sprinkler,73,46,58,5.84,28.41,56.9,199.06,23.64,3.27,10485783.46,394.48,2.78,0.00705
1609,Maize,Alluvial,Rabi,Sprinkler,126,50,70,6.51,20.21,51.42,555.6,69.05,9.82,119080983.73,732.57,5.3,0.00723
1610,Maize,Red,Rabi,Drip,124,61,53,6.72,29.45,62.2,776.64,69.64,38.99,139732128.28,710.42,5.42,0.00763
1611,Maize,Loamy,Kharif,Rainfed,92,64,66,6.82,30.33,53.29,423.4,51.76,1.54,12847023.44,640.67,3.56,0.00556
1612,Rice,Alluvial,Kharif,Drip,118,70,35,6.52,31.34,91.64,757.71,78.08,1.48,14909102.05,1237.17,4.28,0.00346
1613,Tomato,Alluvial,Kharif,Drip,106,60,82,6.59,29.79,70.84,236.95,37.33,206.42,2511015440.09,467.81,58.96,0.12603
1614,Wheat,Loamy,Rabi,Flood,116,61,30,6.57,19.7,67.56,97.8,48.01,21.48,78473662.57,626.34,5.01,0.008
1615,Maize,Black,Kharif,Drip,98,57,56,6.16,27.15,68.91,660.26,57.41,249.95,3499308887.79,665.72,6.67,0.01002
1616,Rice,Loamy,Kharif,Furrow,90,67,43,6.28,27.37,88.27,1122.4,67.98,7.89,30079183.43,1352.91,5.2,0.00384
1617,Cotton,Loamy,Kharif,Furrow,94,36,68,7.74,34.47,60.88,940.1,42.86,7.73,46896263.35,1083.17,2.9,0.00268
1618,Rice,Loamy,Kharif,Drip,134,64,69,6.09,33.87,89.62,1253.19,72.97,62.7,352265345.28,1839.36,5.16,0.00281
1619,Tomato,Loamy,Kharif,Drip,69,74,63,6.01,22.01,61.3,222.67,36.2,1.0,3102653.2,446.55,67.08,0.15022
1620,Wheat,Clay,Rabi,Drip,97,50,31,6.8,11.69,61.06,243.92,33.92,1.69,18388970.65,427.68,4.27,0.00998
1621,Maize,Red,Rabi,Furrow,103,37,69,5.95,23.99,72.17,606.95,58.0,8.77,65915811.38,630.41,6.37,0.0101
1622,Cotton,Alluvial,Kharif,Furrow,68,60,68,6.42,27.73,67.18,813.83,37.57,99.71,356370672.45,852.01,2.53,0.00297
1623,Millet,Red,Zaid,Sprinkler,59,37,23,7.23,30.93,44.56,269.16,20.71,6.66,64249353.32,338.8,3.41,0.01006
1624,Millet,Red,Zaid,Drip,84,28,55,7.23,28.94,45.38,390.24,34.8,4.89,24285155.88,256.49,2.76,0.01076
1625,Groundnut,Sandy,Rabi,Sprinkler,33,41,50,5.98,22.21,61.88,576.19,40.15,9.36,70965677.08,596.13,2.1,0.00352
1626,Maize,Alluvial,Kharif,Sprinkler,128,60,64,5.96,21.38,53.93,690.38,58.06,1.41,19138327.79,722.35,4.92,0.00681
1627,Cotton,Loamy,Kharif,Drip,104,25,44,7.09,27.13,47.63,743.68,60.4,8.76,75932772.77,1068.26,2.16,0.00202
1628,Sugarcane,Clay,Kharif,Flood,150,44,59,6.5,23.74,78.77,1266.28,84.81,6.12,29843876.64,1579.85,83.7,0.05298
1629,Tomato,Loamy,Rabi,Drip,79,64,76,6.23,22.27,63.16,288.85,39.22,82.47,296694600.1,420.5,52.48,0.1248
1630,Cotton,Black,Kharif,Sprinkler,69,35,71,6.87,32.94,48.25,985.04,58.01,523.27,4558340665.95,849.21,2.75,0.00324
1631,Wheat,Clay,Rabi,Sprinkler,112,39,50,7.1,13.7,46.92,167.25,42.65,57.89,281714101.18,551.2,3.52,0.00639
1632,Rice,Loamy,Kharif,Furrow,122,60,65,5.73,32.12,89.7,1414.91,77.45,53.2,400587195.5,1335.04,4.11,0.00308
1633,Millet,Sandy,Zaid,Rainfed,60,31,61,6.32,28.13,63.68,222.58,20.28,4.19,54051082.29,319.53,3.38,0.01058
1634,Tomato,Laterite,Rabi,Sprinkler,75,39,69,6.43,18.39,53.25,218.21,63.46,10.15,86533239.77,593.17,60.95,0.10275
1635,Groundnut,Loamy,Kharif,Sprinkler,48,60,66,6.57,27.21,73.71,523.46,56.77,909.35,7639644473.43,493.36,3.43,0.00695
1636,Cotton,Alluvial,Kharif,Sprinkler,62,38,36,6.35,22.04,68.16,702.36,45.67,614.51,4175449414.34,973.58,2.21,0.00227
1637,Wheat,Clay,Rabi,Furrow,114,37,32,6.09,10.01,53.59,199.2,43.11,5.36,67253681.47,555.0,4.91,0.00885
1638,Groundnut,Red,Rabi,Rainfed,64,32,59,6.91,31.42,63.57,522.55,52.94,1.82,20712173.49,637.6,1.85,0.0029
1639,Millet,Loamy,Kharif,Sprinkler,49,15,45,6.96,33.59,35.45,215.03,38.6,3.53,11270222.65,449.1,2.76,0.00615
1640,Millet,Red,Kharif,Rainfed,39,38,41,7.24,27.22,58.03,206.33,44.76,1.85,8046266.75,301.08,1.76,0.00585
1641,Cotton,Black,Kharif,Drip,54,33,30,7.38,27.35,46.37,969.48,54.97,4.99,65958461.07,983.97,2.33,0.00237
1642,Tomato,Laterite,Rabi,Sprinkler,109,74,77,6.98,24.61,70.35,495.16,57.64,2.86,32983065.24,614.17,39.13,0.06371
1643,Maize,Loamy,Rabi,Furrow,104,45,41,6.96,31.01,54.93,508.29,68.59,42.19,470051304.07,625.1,4.08,0.00653
1644,Wheat,Loamy,Rabi,Drip,111,47,60,6.46,17.48,63.98,236.98,40.56,9.05,39903635.58,560.74,5.27,0.0094
1645,Groundnut,Loamy,Rabi,Rainfed,58,38,64,6.09,29.4,70.66,471.5,36.24,8.82,111416952.8,428.79,2.51,0.00585
1646,Groundnut,Laterite,Kharif,Sprinkler,48,26,60,6.82,24.15,73.09,677.37,54.01,7.59,39374845.83,573.68,2.09,0.00364
1647,Millet,Red,Zaid,Rainfed,39,21,41,6.79,25.2,52.5,341.92,31.38,5.06,29518091.03,325.01,3.02,0.00929
1648,Maize,Black,Kharif,Drip,120,39,31,6.94,31.07,66.08,309.53,50.66,6.89,63505128.34,651.98,5.03,0.00771
1649,Millet,Loamy,Zaid,Sprinkler,45,18,29,7.11,25.41,35.27,153.71,33.88,5.38,69014823.25,288.81,2.73,0.00945
1650,Groundnut,Red,Kharif,Sprinkler,44,44,37,6.85,23.93,58.02,678.99,35.59,5.96,27153628.06,541.36,2.47,0.00456
1651,Tomato,Red,Rabi,Drip,64,58,88,5.84,18.21,67.04,281.14,53.86,4.4,29588518.17,399.54,36.44,0.0912
1652,Millet,Loamy,Zaid,Sprinkler,79,44,31,5.83,25.91,30.9,218.0,32.0,813.02,3647740070.59,273.05,1.54,0.00564
1653,Sugarcane,Alluvial,Zaid,Furrow,99,46,82,6.14,22.84,68.54,1302.47,60.58,4.85,37588311.71,1984.32,75.65,0.03812
1654,Millet,Sandy,Kharif,Sprinkler,33,27,23,5.55,32.39,51.6,350.65,43.53,49.95,520074728.25,346.28,1.75,0.00505
1655,Tomato,Red,Rabi,Drip,63,50,66,5.6,20.84,73.8,385.49,35.8,676.99,4807358519.79,409.68,46.91,0.1145
1656,Tomato,Alluvial,Kharif,Sprinkler,60,67,72,6.67,22.33,76.09,371.66,47.52,8.96,126575258.57,475.6,51.86,0.10904
1657,Maize,Black,Rabi,Drip,89,39,42,5.83,30.19,52.38,467.17,47.51,38.8,216812894.77,708.92,6.44,0.00908
1658,Tomato,Laterite,Zaid,Sprinkler,76,39,54,6.72,26.54,73.22,335.74,43.88,7.51,101930409.84,513.25,70.38,0.13713
1659,Millet,Loamy,Kharif,Sprinkler,39,40,30,6.32,26.31,54.13,371.28,38.03,9.94,114590657.86,378.62,1.59,0.0042
1660,Sugarcane,Clay,Kharif,Drip,109,78,99,6.75,28.48,74.94,797.59,65.98,9.44,71061986.67,2365.31,84.95,0.03591
1661,Rice,Clay,Kharif,Drip,115,54,45,6.77,33.28,72.8,1439.42,62.33,1.83,16373509.61,1859.16,3.03,0.00163
1662,Tomato,Red,Rabi,Sprinkler,98,71,80,6.22,26.77,51.2,327.24,55.2,844.08,8195134006.95,594.66,69.9,0.11755
1663,Millet,Sandy,Zaid,Drip,32,46,43,6.43,27.1,32.91,237.72,35.27,480.66,2122429620.61,345.22,1.83,0.0053
1664,Groundnut,Loamy,Rabi,Sprinkler,29,46,74,5.72,29.57,57.94,538.0,56.18,326.85,879432320.95,633.45,2.63,0.00415
1665,Maize,Red,Kharif,Drip,84,56,61,6.98,23.59,75.59,461.82,47.01,1.36,5861389.67,644.97,5.58,0.00865
1666,Rice,Alluvial,Kharif,Furrow,87,47,60,5.87,27.09,86.01,1538.95,89.75,651.09,1854403189.33,1673.31,3.12,0.00186
1667,Wheat,Alluvial,Rabi,Furrow,64,45,62,6.21,12.65,57.56,241.49,47.01,9.16,55282776.45,428.43,3.88,0.00906
1668,Tomato,Loamy,Kharif,Drip,63,75,73,6.52,20.54,50.26,229.73,35.01,1.11,14028174.39,623.85,64.73,0.10376
1669,Groundnut,Loamy,Kharif,Rainfed,29,30,48,5.71,29.96,60.31,593.54,30.91,8.46,104702782.88,467.21,1.6,0.00342
1670,Maize,Loamy,Kharif,Sprinkler,110,62,61,6.34,22.93,60.34,448.3,58.99,2.91,33349143.68,545.63,3.7,0.00678
1671,Rice,Alluvial,Kharif,Flood,101,68,64,6.02,32.59,85.45,1170.23,69.39,5.34,43063558.33,1305.64,5.62,0.0043
1672,Cotton,Black,Kharif,Furrow,95,31,64,7.59,24.58,47.87,665.35,63.05,8.44,106675844.85,982.98,2.93,0.00298
1673,Cotton,Loamy,Kharif,Sprinkler,117,60,44,6.38,21.58,48.16,756.22,64.15,69.74,815486661.81,1042.46,2.1,0.00201
1674,Sugarcane,Clay,Zaid,Drip,142,62,83,6.3,25.11,73.55,856.28,66.52,8.31,122760450.34,1541.82,79.93,0.05184
1675,Sugarcane,Loamy,Kharif,Furrow,154,64,82,7.14,27.05,77.96,1375.67,61.5,7.27,51454232.55,1677.11,69.18,0.04125
1676,Sugarcane,Black,Zaid,Flood,94,62,95,7.58,25.11,75.13,1453.23,62.69,7.94,26741117.02,1794.98,86.8,0.04836
1677,Tomato,Red,Rabi,Furrow,107,45,73,6.52,29.2,69.32,515.36,48.91,3.04,38626391.32,578.5,39.83,0.06885
1678,Sugarcane,Loamy,Kharif,Furrow,112,75,98,7.12,35.99,90.99,1488.09,80.41,3.35,30974096.25,2112.16,65.39,0.03096
1679,Wheat,Alluvial,Rabi,Sprinkler,85,43,44,6.5,13.37,53.16,73.55,57.05,31.71,364770512.94,595.59,5.44,0.00913
1680,Sugarcane,Black,Kharif,Drip,151,56,92,6.27,29.69,75.19,1497.2,86.17,6.85,60874918.43,2182.21,88.34,0.04048
1681,Cotton,Alluvial,Kharif,Furrow,69,35,71,7.32,24.94,57.65,534.51,52.93,1.49,8962910.69,867.61,1.91,0.0022
1682,Tomato,Red,Kharif,Sprinkler,108,61,49,6.77,23.15,68.46,359.16,42.68,95.75,875905378.01,399.25,63.26,0.15845
1683,Tomato,Laterite,Rabi,Sprinkler,55,57,82,5.91,28.5,66.58,260.83,57.18,61.8,492343422.42,489.34,49.61,0.10138
1684,Cotton,Loamy,Kharif,Drip,92,52,78,6.68,31.61,68.14,848.17,43.16,8.2,109273292.72,1025.95,2.01,0.00196
1685,Millet,Loamy,Kharif,Rainfed,75,41,53,5.83,25.44,33.69,331.86,30.54,7.9,93982447.05,424.67,3.44,0.0081
1686,Maize,Black,Kharif,Furrow,106,41,64,6.38,30.23,76.87,643.2,52.93,0.66,2002016.66,618.96,6.24,0.01008
1687,Wheat,Alluvial,Rabi,Drip,76,53,40,6.67,13.36,48.71,220.95,33.66,3.66,31068311.2,442.39,3.0,0.00678
1688,Cotton,Black,Kharif,Sprinkler,67,60,32,6.35,21.21,74.79,820.72,54.31,22.98,289296218.47,859.05,1.54,0.00179
1689,Groundnut,Loamy,Rabi,Drip,61,29,43,5.65,24.82,60.09,405.03,51.12,4.85,41976086.37,496.02,2.9,0.00585
1690,Millet,Red,Zaid,Rainfed,54,42,49,7.17,31.83,37.91,186.59,34.77,0.23,2313290.23,430.64,3.53,0.0082
1691,Sugarcane,Clay,Kharif,Flood,158,75,50,7.22,30.62,75.12,1180.18,66.13,44.57,383489760.71,2354.6,109.28,0.04641
1692,Sugarcane,Black,Kharif,Flood,142,77,96,6.77,35.46,77.16,1413.83,74.69,2.79,12552814.65,2055.2,86.08,0.04188
1693,Cotton,Black,Kharif,Furrow,54,51,60,7.48,29.43,66.68,792.24,36.81,77.89,209538429.25,985.28,3.5,0.00355
1694,Maize,Alluvial,Kharif,Furrow,90,45,30,6.18,29.23,79.47,426.77,63.53,3.08,18647320.18,695.32,3.69,0.00531
1695,Sugarcane,Black,Kharif,Furrow,152,71,85,7.37,30.45,80.49,1392.98,60.96,454.29,5424687463.81,2512.3,76.81,0.03057
1696,Cotton,Black,Kharif,Drip,62,42,57,7.15,21.73,57.87,618.85,63.69,3.88,26800229.23,706.13,2.84,0.00402
1697,Wheat,Clay,Rabi,Drip,73,52,44,7.23,10.06,64.8,61.91,56.11,11.76,151233053.56,478.46,3.93,0.00821
1698,Tomato,Red,Zaid,Drip,55,49,50,5.62,23.96,50.84,457.65,46.71,9.24,97823116.04,576.99,68.56,0.11882
1699,Maize,Alluvial,Rabi,Furrow,108,58,46,6.68,23.03,66.84,402.79,67.52,1.09,14523767.93,601.95,5.78,0.0096
1700,Maize,Black,Rabi,Drip,90,55,31,6.43,20.14,68.0,588.5,40.16,2.68,20681870.15,458.4,5.06,0.01104
1701,Maize,Red,Kharif,Furrow,96,43,38,6.53,29.77,58.74,456.29,56.28,3.99,52318553.83,802.53,4.83,0.00602
1702,Wheat,Alluvial,Rabi,Drip,76,46,61,6.75,24.9,62.88,102.85,36.87,37.62,348049024.32,614.07,4.9,0.00798
1703,Maize,Loamy,Kharif,Rainfed,116,57,41,6.27,26.24,74.11,657.01,56.48,0.75,6811812.67,728.68,6.47,0.00888
1704,Tomato,Alluvial,Rabi,Furrow,73,68,70,6.0,22.91,54.42,496.64,43.41,5.85,64034795.32,593.43,50.85,0.08569
1705,Wheat,Loamy,Rabi,Sprinkler,91,47,53,6.78,23.16,53.81,237.6,34.67,71.34,198243402.96,625.61,4.68,0.00748
1706,Cotton,Loamy,Kharif,Drip,89,45,69,5.91,23.64,72.33,657.76,46.82,7.46,71062431.99,946.73,2.08,0.0022
1707,Maize,Black,Rabi,Furrow,100,32,50,6.67,31.69,52.38,494.18,60.02,4.74,40453071.65,656.33,4.72,0.00719
1708,Groundnut,Loamy,Kharif,Sprinkler,57,34,37,6.34,31.59,63.29,433.02,58.08,8.55,63502930.66,467.9,2.9,0.0062
1709,Sugarcane,Clay,Kharif,Drip,159,66,54,6.0,22.1,73.24,1174.17,74.55,93.23,753608870.05,1913.2,86.7,0.04532
1710,Rice,Clay,Kharif,Furrow,102,67,42,6.59,30.81,78.14,1046.28,66.76,8.78,67137437.49,1583.04,6.36,0.00402
1711,Maize,Black,Kharif,Drip,125,45,63,6.49,24.28,69.86,708.43,69.36,1.06,2841994.28,550.04,5.09,0.00925
1712,Cotton,Alluvial,Kharif,Drip,118,40,33,7.15,23.35,65.21,593.7,35.18,3.55,25310370.09,876.84,2.15,0.00245
1713,Tomato,Alluvial,Rabi,Drip,60,64,74,6.28,28.64,53.24,387.91,42.17,760.62,5727794289.45,506.03,42.09,0.08318
1714,Sugarcane,Loamy,Kharif,Furrow,138,77,71,7.66,24.91,75.49,1538.63,86.54,70.36,756861262.4,2080.58,83.83,0.04029
1715,Millet,Sandy,Kharif,Sprinkler,41,33,28,6.45,33.02,47.22,243.98,36.66,416.93,3935152059.47,405.95,1.55,0.00382
1716,Cotton,Black,Kharif,Drip,83,59,31,7.54,31.28,46.52,749.85,63.85,235.98,2154855456.07,777.65,2.22,0.00285
1717,Cotton,Loamy,Kharif,Sprinkler,112,34,64,7.31,30.43,65.37,873.56,55.1,3.64,29130693.96,888.79,2.23,0.00251
1718,Cotton,Black,Kharif,Sprinkler,79,36,49,6.04,32.63,67.69,668.77,63.35,12.64,103859177.55,863.0,2.97,0.00344
1719,Groundnut,Sandy,Kharif,Sprinkler,54,49,61,6.8,31.48,63.79,666.41,54.44,1.76,13831149.23,678.76,2.21,0.00326
1720,Sugarcane,Clay,Zaid,Drip,158,83,108,6.43,23.09,80.68,879.72,61.94,5.88,51860323.53,1485.39,73.34,0.04937
1721,Cotton,Loamy,Kharif,Drip,81,45,47,6.48,22.53,48.47,747.85,39.16,8.06,75823395.29,872.86,2.84,0.00325
1722,Millet,Sandy,Zaid,Sprinkler,54,37,33,6.26,30.88,42.55,190.98,42.84,253.42,1182257827.8,277.45,3.33,0.012
1723,Rice,Alluvial,Kharif,Furrow,94,42,38,6.34,29.18,79.14,692.93,81.32,0.71,7918909.68,1697.14,4.56,0.00269
1724,Millet,Red,Kharif,Rainfed,68,32,53,6.18,25.75,54.03,163.49,20.04,5.79,44925940.44,351.61,2.17,0.00617
1725,Wheat,Loamy,Rabi,Furrow,95,57,54,7.27,22.29,64.71,218.83,56.39,7.33,51352241.88,494.18,5.37,0.01087
1726,Rice,Clay,Kharif,Furrow,111,46,36,6.03,25.61,78.91,1144.98,75.15,4.56,34477064.22,1189.71,5.87,0.00493
1727,Millet,Sandy,Zaid,Sprinkler,37,24,62,6.76,27.39,43.79,179.07,20.55,66.0,904133027.31,423.26,1.48,0.0035
1728,Cotton,Loamy,Kharif,Furrow,52,32,67,6.55,28.36,53.0,898.73,35.22,0.25,2021107.8,1079.67,2.98,0.00276
1729,Sugarcane,Loamy,Kharif,Furrow,156,80,83,6.47,23.66,67.94,1551.08,84.17,9.21,24654103.66,1714.31,78.04,0.04552
1730,Millet,Red,Zaid,Rainfed,74,46,27,6.48,26.76,51.09,344.27,26.92,67.58,416222907.14,318.78,1.97,0.00618
1731,Millet,Red,Kharif,Sprinkler,86,41,65,6.06,35.64,58.36,188.04,24.06,9.65,32107243.18,380.39,2.34,0.00615
1732,Cotton,Loamy,Kharif,Furrow,65,42,55,6.34,32.65,66.63,953.29,40.94,43.65,647132225.67,870.92,2.75,0.00316
1733,Cotton,Black,Kharif,Furrow,111,43,50,7.09,27.31,58.51,563.85,60.26,8.6,42810582.53,1008.55,2.76,0.00274
1734,Rice,Alluvial,Kharif,Furrow,110,38,44,5.55,30.3,89.5,1541.72,70.65,9.85,142529959.13,1676.58,4.37,0.00261
1735,Millet,Sandy,Zaid,Drip,42,45,46,6.24,28.83,32.88,171.94,29.47,31.09,235630770.49,417.97,1.57,0.00376
1736,Cotton,Black,Kharif,Sprinkler,86,41,55,7.68,32.76,53.62,805.96,45.91,7.65,33394218.53,1099.79,2.62,0.00238
1737,Maize,Loamy,Rabi,Sprinkler,104,30,46,5.91,20.69,60.01,478.84,60.94,9.48,38420752.02,733.08,4.64,0.00633
1738,Tomato,Alluvial,Rabi,Furrow,60,36,88,6.03,19.18,71.81,484.69,42.23,3.03,36051341.67,545.23,58.33,0.10698
1739,Millet,Red,Kharif,Drip,54,39,46,6.2,32.93,34.07,192.32,23.16,4.61,59213106.23,378.5,1.71,0.00452
1740,Millet,Sandy,Zaid,Sprinkler,53,20,54,6.82,29.79,37.85,433.93,30.2,11.52,66158471.06,359.2,1.95,0.00543
1741,Sugarcane,Clay,Kharif,Drip,127,52,78,6.74,30.88,74.01,945.5,70.82,7.52,72966538.69,1935.53,91.06,0.04705
1742,Cotton,Black,Kharif,Furrow,86,25,63,7.82,21.42,55.49,963.43,60.12,3.44,38625672.66,984.34,1.79,0.00182
1743,Wheat,Alluvial,Rabi,Flood,68,53,62,6.86,24.45,52.19,119.81,38.72,0.92,4817188.23,562.36,4.99,0.00887
1744,Tomato,Red,Zaid,Drip,64,59,63,6.51,19.79,65.94,538.87,52.52,838.89,8511515189.42,474.38,49.88,0.10515
1745,Sugarcane,Clay,Zaid,Flood,91,53,60,7.49,26.21,91.69,1592.29,69.2,253.96,759065737.97,2062.65,59.99,0.02908
1746,Sugarcane,Clay,Kharif,Drip,108,81,68,7.65,24.45,70.21,1322.51,88.57,8.28,113499719.97,2210.83,83.39,0.03772
1747,Sugarcane,Clay,Kharif,Drip,103,83,103,7.32,32.16,73.06,1528.52,83.38,8.44,122844310.78,1946.78,51.5,0.02645
1748,Tomato,Red,Kharif,Sprinkler,87,57,45,6.58,22.36,76.12,549.08,46.04,3.56,11712776.15,418.51,51.82,0.12382
1749,Cotton,Loamy,Kharif,Sprinkler,68,47,75,7.89,21.19,70.51,900.41,57.76,8.66,111802896.46,863.86,1.8,0.00208
1750,Groundnut,Red,Kharif,Sprinkler,29,44,65,6.59,29.53,54.34,410.91,31.31,0.91,9955016.61,523.71,2.78,0.00531
1751,Millet,Red,Kharif,Sprinkler,51,27,23,7.02,29.3,38.8,291.21,44.25,1.23,14971894.25,289.63,2.56,0.00884
1752,Tomato,Laterite,Rabi,Furrow,62,58,67,6.26,19.4,71.56,283.14,52.45,3.28,13405002.94,496.02,41.78,0.08423
1753,Rice,Clay,Kharif,Flood,110,70,44,5.55,29.85,80.03,990.61,89.9,8.79,122798808.67,1306.98,5.94,0.00454
1754,Groundnut,Loamy,Rabi,Drip,49,37,42,6.11,30.26,51.44,618.99,54.83,75.08,1025107938.32,441.35,1.64,0.00372
1755,Rice,Clay,Kharif,Furrow,105,69,46,5.81,30.9,73.43,784.97,60.34,6.4,56899220.84,1654.97,4.0,0.00242
1756,Sugarcane,Black,Zaid,Furrow,121,53,101,7.41,34.92,87.02,1446.11,88.93,138.77,1197540581.1,1665.66,64.93,0.03898
1757,Millet,Red,Zaid,Rainfed,56,17,44,6.58,34.58,42.11,244.87,37.55,0.26,793732.53,472.12,2.65,0.00561
1758,Sugarcane,Clay,Kharif,Flood,127,54,91,7.51,27.87,69.33,1378.99,60.61,4.49,32628139.25,2204.59,74.32,0.03371
1759,Cotton,Loamy,Kharif,Furrow,74,56,75,5.84,34.15,55.75,682.44,56.78,9.06,81015276.24,1137.19,2.92,0.00257
1760,Rice,Clay,Kharif,Flood,103,65,62,5.72,24.46,83.52,815.34,81.86,6.82,98209313.43,1411.08,3.57,0.00253
1761,Cotton,Black,Kharif,Furrow,58,35,31,6.78,22.41,68.27,535.99,62.62,1.48,10243149.87,656.02,2.04,0.00311
1762,Cotton,Loamy,Kharif,Drip,90,64,46,6.4,34.74,53.18,568.96,45.78,6.31,70852614.71,1049.49,1.61,0.00153
1763,Sugarcane,Black,Zaid,Flood,93,48,98,6.39,26.42,78.67,1344.68,64.91,356.87,2572448825.0,2171.55,93.82,0.0432
1764,Wheat,Alluvial,Rabi,Sprinkler,115,46,40,7.13,18.79,47.5,101.97,59.74,2.2,11036789.46,496.34,3.79,0.00764
1765,Tomato,Loamy,Kharif,Drip,63,69,48,6.82,29.66,58.45,382.49,50.88,62.2,852126248.07,471.14,44.16,0.09373
1766,Groundnut,Loamy,Rabi,Rainfed,32,42,75,5.67,22.6,55.94,461.74,43.01,0.26,3721148.2,486.3,2.82,0.0058
1767,Wheat,Loamy,Rabi,Furrow,73,56,36,6.73,22.67,66.4,192.11,43.7,0.2,558459.91,524.47,3.96,0.00755
1768,Rice,Loamy,Kharif,Furrow,123,56,44,6.22,26.26,82.98,1579.84,73.34,6.31,70090097.82,1436.57,5.27,0.00367
1769,Sugarcane,Black,Zaid,Drip,134,60,64,7.59,33.05,65.74,700.17,86.49,363.23,4547285800.89,2562.3,81.54,0.03182
1770,Wheat,Clay,Rabi,Sprinkler,102,37,35,7.02,19.07,50.01,91.72,56.55,6.3,68589387.75,672.58,3.78,0.00562
1771,Rice,Loamy,Kharif,Flood,83,51,46,5.88,32.19,79.41,698.45,86.1,4.85,22861802.45,1308.24,5.44,0.00416
1772,Cotton,Black,Kharif,Drip,109,26,68,7.28,21.67,70.08,735.59,37.95,0.33,2210684.97,699.76,2.51,0.00359
1773,Maize,Loamy,Rabi,Sprinkler,70,45,53,6.08,27.17,57.17,501.36,58.71,8.2,75028835.37,591.82,5.45,0.00921
1774,Rice,Loamy,Kharif,Flood,91,65,44,6.73,30.52,84.03,891.92,77.9,2.99,36029349.81,1619.13,6.1,0.00377
1775,Maize,Red,Rabi,Furrow,126,37,37,6.98,30.35,72.21,433.86,66.34,28.47,169699575.63,556.06,5.0,0.00899
1776,Groundnut,Red,Rabi,Drip,44,41,70,5.52,22.8,58.14,408.71,42.2,2.81,16580745.97,575.25,2.62,0.00455
1777,Tomato,Laterite,Zaid,Sprinkler,107,58,41,5.55,29.76,78.93,208.96,49.99,9.78,56669536.68,443.41,27.28,0.06152
1778,Cotton,Alluvial,Kharif,Furrow,91,52,73,7.17,30.12,46.99,857.4,47.27,9.76,107839104.96,1089.7,2.48,0.00228
1779,Sugarcane,Black,Kharif,Flood,92,70,82,7.19,31.86,83.24,970.33,66.63,572.52,6387909809.59,2212.56,65.16,0.02945
1780,Cotton,Black,Kharif,Sprinkler,71,32,40,7.85,21.22,61.24,688.59,54.78,398.09,3927159626.32,976.65,2.17,0.00222
1781,Maize,Alluvial,Kharif,Furrow,97,56,52,5.99,28.45,67.38,582.82,62.14,3.32,32168535.36,585.31,4.89,0.00835
1782,Rice,Loamy,Kharif,Furrow,87,52,63,5.77,25.65,91.23,1302.13,82.98,9.34,31401324.66,1254.78,3.77,0.003
1783,Tomato,Alluvial,Kharif,Sprinkler,104,68,54,6.24,24.41,78.8,320.59,50.64,0.82,2759453.13,435.9,48.16,0.11048
1784,Maize,Red,Kharif,Drip,86,37,35,6.45,24.86,70.77,773.6,49.05,8.6,72601781.24,721.7,3.72,0.00515
1785,Maize,Loamy,Kharif,Sprinkler,102,39,57,6.27,20.99,59.66,645.29,69.35,6.7,63437309.62,733.74,3.67,0.005
1786,Tomato,Laterite,Zaid,Furrow,94,45,40,6.33,21.95,67.5,307.43,42.23,2.89,40482879.01,483.66,39.67,0.08202
1787,Wheat,Clay,Rabi,Sprinkler,71,62,44,6.09,11.12,40.33,79.24,49.21,7.11,36355111.06,454.9,5.42,0.01191
1788,Maize,Loamy,Kharif,Furrow,106,47,57,6.52,31.59,54.33,333.69,64.48,3.61,33723102.32,779.0,4.57,0.00587
1789,Groundnut,Red,Kharif,Drip,42,30,56,6.71,22.23,64.88,530.97,40.32,44.38,644641378.76,390.93,1.7,0.00435
1790,Maize,Red,Rabi,Rainfed,118,37,30,6.31,26.18,50.89,667.04,47.82,4.67,14308017.74,644.52,6.76,0.01049
1791,Sugarcane,Alluvial,Zaid,Flood,105,67,60,6.79,27.22,66.4,852.09,72.77,5.55,43107752.24,2055.72,84.0,0.04086
1792,Rice,Loamy,Kharif,Furrow,116,63,35,6.49,28.83,82.92,1489.57,63.28,0.56,3385291.22,1456.37,3.14,0.00216
1793,Sugarcane,Clay,Zaid,Drip,124,63,68,6.78,22.16,77.05,1123.36,73.98,4.08,42110534.82,2198.04,105.7,0.04809
1794,Tomato,Alluvial,Rabi,Furrow,91,64,78,5.61,21.3,67.51,408.96,57.88,4.4,57098206.64,588.99,70.65,0.11995
1795,Cotton,Alluvial,Kharif,Furrow,94,32,80,6.59,22.63,48.98,717.85,59.15,3.71,16376944.46,976.72,2.65,0.00271
1796,Maize,Alluvial,Kharif,Sprinkler,81,41,49,6.4,27.25,65.29,787.87,67.01,2.14,29122226.62,574.31,5.94,0.01034
1797,Rice,Alluvial,Kharif,Flood,123,43,62,6.59,27.78,91.79,1588.65,89.03,2.42,14404279.47,1686.02,4.23,0.00251
1798,Cotton,Loamy,Kharif,Drip,115,35,56,6.04,32.33,60.15,709.75,45.89,91.23,736127075.22,1089.69,3.36,0.00308
1799,Groundnut,Loamy,Rabi,Rainfed,28,44,41,6.65,26.0,62.15,592.41,39.24,5.94,16572965.28,603.16,1.89,0.00313
1800,Rice,Loamy,Kharif,Flood,114,51,38,5.77,31.49,70.65,1210.04,61.02,9.65,61787040.8,1663.66,4.92,0.00296
1801,Millet,Red,Zaid,Drip,64,35,48,6.04,27.17,47.34,343.46,40.41,5.75,31361308.17,362.32,3.48,0.0096
1802,Cotton,Loamy,Kharif,Drip,89,39,52,7.03,32.95,48.41,942.12,39.11,33.14,274900748.2,1055.58,3.08,0.00292
1803,Maize,Black,Kharif,Furrow,100,58,69,6.94,22.71,68.47,675.79,61.09,60.06,258865936.06,734.26,4.6,0.00626
1804,Cotton,Loamy,Kharif,Drip,105,45,45,6.77,31.82,61.16,593.81,40.25,1.54,9290562.59,1075.26,3.01,0.0028
1805,Millet,Loamy,Kharif,Drip,89,21,35,7.44,27.1,52.66,447.35,40.21,9.44,83734607.06,279.16,2.04,0.00731
1806,Wheat,Clay,Rabi,Flood,68,43,66,6.52,19.0,52.76,138.2,45.18,55.31,283356685.9,567.96,2.99,0.00526
1807,Wheat,Alluvial,Rabi,Flood,63,59,32,6.36,15.4,50.74,186.84,35.62,9.74,63007332.68,461.95,3.58,0.00775
1808,Tomato,Laterite,Rabi,Drip,70,45,59,6.19,19.43,79.47,297.07,37.18,9.2,106395289.57,360.0,40.44,0.11233
1809,Maize,Alluvial,Rabi,Furrow,83,45,58,6.85,26.71,56.07,303.15,62.12,7.67,80794093.1,548.98,5.28,0.00962
1810,Millet,Red,Zaid,Sprinkler,68,23,58,6.54,31.5,61.54,313.92,21.68,3.46,16863408.81,380.1,1.98,0.00521
1811,Sugarcane,Black,Kharif,Drip,106,52,103,7.23,29.28,74.01,1526.73,86.66,382.02,3561411499.48,1889.63,70.14,0.03712
1812,Sugarcane,Alluvial,Zaid,Flood,105,75,67,6.38,26.99,85.14,748.09,70.27,20.55,253431081.16,1498.63,55.31,0.03691
1813,Tomato,Loamy,Kharif,Drip,91,68,59,6.73,20.19,52.53,291.36,62.96,1.74,8809705.77,462.87,66.33,0.1433
1814,Wheat,Alluvial,Rabi,Drip,109,30,40,6.06,22.4,52.77,65.44,53.97,77.7,1002206545.03,691.57,3.25,0.0047
1815,Wheat,Alluvial,Rabi,Sprinkler,94,44,44,6.47,18.2,47.13,182.59,40.26,859.51,3541447650.14,535.13,5.42,0.01013
1816,Rice,Loamy,Kharif,Flood,131,42,67,6.51,26.72,77.12,661.61,69.6,9.54,48165180.81,1632.7,4.37,0.00268
1817,Groundnut,Red,Kharif,Drip,45,39,40,6.45,23.08,55.38,402.39,35.22,686.0,6662838074.18,638.79,1.8,0.00282
1818,Sugarcane,Clay,Zaid,Flood,151,57,54,6.18,35.27,84.51,1536.07,63.99,9.01,98044184.23,2011.96,78.66,0.0391
1819,Maize,Loamy,Rabi,Drip,88,61,65,6.02,31.02,66.87,540.1,41.96,526.47,2763976669.46,773.38,4.51,0.00583
1820,Groundnut,Red,Rabi,Rainfed,50,35,70,5.99,25.29,63.77,364.0,41.36,0.7,8764686.53,564.41,2.87,0.00508
1821,Rice,Loamy,Kharif,Flood,99,59,37,5.9,28.25,72.18,1307.1,60.74,6.57,52788950.78,1465.81,5.19,0.00354
1822,Millet,Loamy,Zaid,Sprinkler,37,48,29,6.01,34.32,31.93,231.69,22.7,5.4,51805451.09,463.24,1.84,0.00397
1823,Groundnut,Sandy,Rabi,Drip,49,44,63,6.36,26.42,63.23,541.82,39.32,7.47,78690499.49,604.1,2.64,0.00437
1824,Maize,Black,Kharif,Drip,100,65,61,6.37,27.09,62.91,577.65,69.0,4.35,49655064.28,666.52,7.31,0.01097
1825,Millet,Sandy,Kharif,Sprinkler,72,43,65,5.99,27.3,40.73,386.14,24.66,6.54,27685501.75,426.09,2.71,0.00636
1826,Millet,Sandy,Kharif,Rainfed,61,18,42,6.12,31.37,49.42,342.92,40.47,70.03,476812665.79,266.17,1.58,0.00594
1827,Maize,Red,Rabi,Drip,75,40,41,6.14,30.8,76.81,588.93,62.05,6.58,82004611.3,775.04,3.8,0.0049
1828,Millet,Sandy,Kharif,Drip,89,40,26,6.01,31.02,54.37,197.77,27.86,8.53,83806210.43,331.62,1.77,0.00534
1829,Wheat,Alluvial,Rabi,Drip,118,36,67,6.29,19.95,63.79,74.39,47.32,9.25,129408735.22,452.87,5.82,0.01285
1830,Cotton,Black,Kharif,Furrow,61,51,51,7.17,33.51,49.79,667.01,58.94,5.69,24291408.3,1210.0,3.39,0.0028
1831,Tomato,Red,Zaid,Furrow,84,74,86,5.68,25.7,75.2,514.75,35.3,7.12,74234672.27,619.59,35.89,0.05793
1832,Rice,Loamy,Kharif,Drip,101,43,43,5.66,32.48,74.86,729.55,81.77,5.25,49598600.89,1347.94,4.14,0.00307
1833,Maize,Loamy,Rabi,Drip,85,54,41,6.3,27.92,51.07,357.9,48.51,9.88,90609974.63,695.75,4.16,0.00598
1834,Cotton,Loamy,Kharif,Drip,50,51,68,7.39,34.62,45.63,568.51,56.36,3.15,40855726.63,846.3,2.9,0.00343
1835,Rice,Loamy,Kharif,Flood,118,38,48,6.5,30.32,89.8,1110.91,88.75,8.12,116394951.42,1700.45,5.43,0.00319
1836,Millet,Red,Kharif,Drip,72,25,33,6.8,27.03,44.75,426.07,40.27,1.56,21576971.98,256.35,2.28,0.00889
1837,Maize,Alluvial,Kharif,Furrow,90,33,34,5.9,24.75,56.91,382.32,56.01,8.24,103739653.77,794.95,6.29,0.00791
1838,Wheat,Alluvial,Rabi,Furrow,116,30,64,6.44,12.61,61.81,219.11,54.69,73.64,226973666.09,529.0,3.97,0.0075
1839,Tomato,Loamy,Rabi,Sprinkler,52,38,44,6.31,18.57,77.4,380.14,56.0,5.68,52532775.95,490.64,51.45,0.10486
1840,Sugarcane,Black,Kharif,Furrow,159,74,94,6.55,34.91,75.62,945.09,69.34,8.47,123624454.81,2252.47,56.42,0.02505
1841,Tomato,Red,Rabi,Drip,87,62,44,6.19,22.59,70.42,498.18,42.14,6.83,87678162.91,506.12,74.41,0.14702
1842,Millet,Loamy,Kharif,Drip,59,28,48,7.05,26.64,59.26,294.45,37.73,78.5,511144840.28,371.31,3.52,0.00948
1843,Maize,Black,Rabi,Furrow,110,38,61,7.0,21.49,60.09,717.97,67.66,5.35,72601559.5,600.88,4.92,0.00819
1844,Millet,Red,Kharif,Rainfed,35,29,33,7.37,31.75,38.01,300.02,31.64,34.15,273646811.32,370.27,2.41,0.00651
1845,Groundnut,Loamy,Kharif,Drip,51,30,61,5.74,24.88,69.32,667.71,31.34,9.8,39286292.24,570.91,1.6,0.0028
1846,Tomato,Red,Zaid,Drip,65,75,86,6.31,20.83,68.02,536.01,54.71,6.68,80336844.71,426.3,55.17,0.12942
1847,Maize,Black,Kharif,Drip,70,54,68,6.42,22.79,52.59,487.21,49.23,1.5,17315287.6,729.19,5.38,0.00738
1848,Sugarcane,Clay,Zaid,Furrow,117,85,60,6.11,22.4,74.62,1148.13,62.35,817.18,8802373826.84,2058.85,96.58,0.04691
1849,Tomato,Alluvial,Rabi,Sprinkler,80,44,60,5.96,19.2,66.86,389.01,38.57,4.37,20202871.18,410.87,64.79,0.15769
1850,Sugarcane,Clay,Zaid,Furrow,118,43,91,7.77,28.66,83.19,1276.71,65.88,2.46,24841981.17,1699.25,69.49,0.04089
1851,Maize,Alluvial,Rabi,Rainfed,77,50,53,6.43,27.34,50.81,652.46,65.5,0.97,7837216.71,666.64,6.54,0.00981
1852,Sugarcane,Clay,Kharif,Flood,123,55,94,7.6,25.51,84.27,993.97,88.54,59.51,888228732.67,2321.98,93.51,0.04027
1853,Millet,Loamy,Kharif,Sprinkler,36,32,41,7.21,32.02,60.76,389.81,27.82,4.91,57844524.76,246.33,1.5,0.00609
1854,Wheat,Clay,Rabi,Furrow,114,44,42,6.75,12.09,62.43,219.87,50.94,1.78,20503814.12,416.15,3.02,0.00726
1855,Tomato,Alluvial,Rabi,Furrow,109,73,51,6.71,23.22,72.05,377.46,51.16,8.87,104947637.42,553.24,45.85,0.08288
1856,Tomato,Loamy,Kharif,Sprinkler,55,53,43,6.47,19.8,79.98,584.42,35.88,2.56,35000074.42,531.5,28.93,0.05443
1857,Wheat,Clay,Rabi,Furrow,106,39,47,6.78,11.31,64.9,236.8,42.09,6.0,50477221.28,537.83,4.05,0.00753
1858,Sugarcane,Alluvial,Zaid,Flood,114,52,93,6.29,25.4,79.4,1046.78,67.19,63.18,825905111.14,1801.92,99.23,0.05507
1859,Tomato,Alluvial,Rabi,Furrow,56,73,68,5.96,24.49,71.54,203.4,50.41,8.21,42185386.6,521.54,60.87,0.11671
1860,Groundnut,Loamy,Kharif,Rainfed,70,26,62,6.35,22.4,56.24,377.0,51.97,1.27,6363453.16,605.25,1.88,0.00311
1861,Wheat,Loamy,Rabi,Flood,101,34,32,7.42,10.35,65.47,122.18,34.5,576.08,8220242973.97,405.0,2.94,0.00726
1862,Maize,Loamy,Kharif,Sprinkler,73,61,31,6.96,21.84,55.37,772.06,58.35,5.04,51825471.84,599.32,5.23,0.00873
1863,Groundnut,Sandy,Kharif,Rainfed,25,37,38,6.1,29.58,69.68,624.94,59.24,664.11,6709140512.14,455.08,1.65,0.00363
1864,Tomato,Loamy,Zaid,Drip,55,64,55,6.04,26.51,60.89,201.26,62.51,1.42,7636202.44,658.39,64.82,0.09845
1865,Maize,Red,Kharif,Furrow,107,39,31,5.81,25.8,61.08,467.29,69.76,7.57,106540979.97,548.14,5.33,0.00972
1866,Millet,Sandy,Kharif,Rainfed,41,18,32,5.81,35.24,40.71,192.86,40.32,0.27,2574144.78,454.31,1.64,0.00361
1867,Rice,Clay,Kharif,Flood,132,52,59,6.19,29.72,89.29,1066.09,83.6,266.96,2317986262.29,1658.87,4.39,0.00265
1868,Rice,Alluvial,Kharif,Furrow,117,47,43,6.59,31.22,79.5,1188.79,66.96,8.32,60953320.22,1690.27,5.84,0.00346
1869,Cotton,Black,Kharif,Furrow,109,38,31,6.32,24.8,51.8,839.18,57.19,901.92,7445920699.22,736.73,3.46,0.0047
1870,Millet,Red,Kharif,Drip,60,22,47,7.39,33.54,59.13,413.85,24.28,30.38,143680620.47,253.07,2.78,0.01099
1871,Maize,Loamy,Rabi,Furrow,112,32,66,6.24,27.46,50.8,767.54,56.63,0.82,3607446.0,810.29,5.75,0.0071
1872,Wheat,Clay,Rabi,Sprinkler,64,39,54,6.39,10.75,56.27,123.42,43.05,5.73,20738655.89,530.76,3.53,0.00665
1873,Groundnut,Sandy,Kharif,Sprinkler,25,28,38,5.59,27.92,52.11,653.98,52.78,0.3,4455934.79,454.21,2.01,0.00443
1874,Millet,Loamy,Kharif,Sprinkler,31,38,59,7.33,31.03,54.71,384.04,38.37,2.74,19131704.91,243.37,1.69,0.00694
1875,Sugarcane,Clay,Zaid,Drip,135,42,98,7.7,23.48,73.21,1447.07,72.05,6.12,42249588.75,1607.51,71.6,0.04454
1876,Sugarcane,Black,Kharif,Furrow,91,76,61,6.7,31.44,80.29,1346.86,81.81,34.4,218504479.16,2039.75,96.94,0.04753
1877,Tomato,Red,Rabi,Sprinkler,107,50,80,6.87,25.21,54.14,450.41,58.83,6.34,95030617.38,563.91,56.49,0.10018
1878,Sugarcane,Black,Kharif,Drip,135,62,98,6.25,22.61,94.19,1359.03,71.8,4.09,18434816.16,1751.5,77.39,0.04418
1879,Maize,Red,Rabi,Rainfed,75,64,51,6.97,25.33,66.42,551.65,44.67,6.45,28473468.46,557.53,7.23,0.01297
1880,Sugarcane,Alluvial,Zaid,Furrow,102,65,54,7.13,31.86,68.59,886.17,83.66,38.75,366778660.03,2404.54,87.42,0.03636
1881,Millet,Sandy,Kharif,Rainfed,67,42,60,5.8,33.88,31.15,353.71,31.9,4.93,25181942.63,473.64,1.61,0.0034
1882,Wheat,Clay,Rabi,Flood,67,53,41,6.98,15.44,43.55,246.31,33.25,68.74,1005620470.41,530.68,4.24,0.00799
1883,Groundnut,Loamy,Rabi,Sprinkler,25,32,30,7.1,24.81,70.3,365.25,34.41,1.84,16778567.99,542.82,1.82,0.00335
1884,Tomato,Laterite,Zaid,Sprinkler,88,42,78,5.76,21.18,59.73,255.43,51.09,3.81,51082450.09,425.89,50.45,0.11846
1885,Cotton,Loamy,Kharif,Sprinkler,72,58,30,7.12,31.96,64.5,893.86,39.65,2.81,7207492.88,927.57,2.33,0.00251
1886,Rice,Loamy,Kharif,Furrow,91,61,61,6.49,30.16,80.54,910.23,84.82,1.31,9178012.16,1362.6,5.56,0.00408
1887,Millet,Loamy,Zaid,Rainfed,81,32,65,6.35,29.99,56.81,246.37,33.51,3.69,21697912.79,346.28,2.18,0.0063
1888,Maize,Red,Kharif,Sprinkler,83,35,54,7.04,30.86,74.65,368.64,42.93,7.38,104330107.04,572.57,4.1,0.00716
1889,Groundnut,Loamy,Kharif,Drip,51,47,69,6.39,29.54,68.73,626.51,54.33,62.17,475536193.52,551.56,1.93,0.0035
1890,Wheat,Alluvial,Rabi,Drip,90,46,36,6.44,14.08,43.92,146.24,38.66,2.62,7908172.13,469.01,5.51,0.01175
1891,Cotton,Alluvial,Kharif,Drip,87,62,65,7.7,22.21,71.94,733.02,58.06,2.8,21442788.55,650.72,2.6,0.004
1892,Groundnut,Sandy,Kharif,Drip,70,60,43,6.5,27.25,50.57,465.41,42.69,0.53,6865897.21,503.12,3.27,0.0065
1893,Maize,Black,Rabi,Sprinkler,81,62,56,7.09,22.07,53.86,311.07,45.17,3.47,17133786.18,748.37,3.51,0.00469
1894,Sugarcane,Black,Zaid,Drip,124,44,83,7.29,30.74,86.82,829.13,71.54,561.79,8275990652.2,1600.62,67.56,0.04221
1895,Sugarcane,Loamy,Zaid,Drip,112,77,57,6.02,30.45,83.37,910.82,64.86,2.34,34626967.8,2360.6,71.61,0.03034
1896,Millet,Loamy,Kharif,Rainfed,67,40,51,5.55,34.99,47.47,317.02,33.5,75.91,723793855.26,283.7,3.61,0.01272
1897,Maize,Alluvial,Rabi,Drip,123,43,55,6.08,24.17,54.51,710.97,63.36,969.78,13113222719.2,723.74,4.85,0.0067
1898,Rice,Clay,Kharif,Flood,94,46,37,5.54,24.42,87.29,936.57,61.62,9.4,114874764.18,1330.78,6.08,0.00457
1899,Rice,Alluvial,Kharif,Drip,112,60,69,6.3,33.78,77.5,1382.99,72.45,84.65,1187087682.47,1859.67,4.81,0.00259
1900,Maize,Red,Kharif,Rainfed,75,48,41,6.09,20.93,62.95,591.11,60.4,8.06,116159480.82,645.64,4.74,0.00734
1901,Sugarcane,Clay,Zaid,Furrow,133,76,96,6.93,24.18,66.49,800.26,74.85,13.51,162312535.9,1652.23,77.38,0.04683
1902,Groundnut,Loamy,Kharif,Drip,51,50,42,7.14,31.44,66.11,461.77,30.42,1.64,23298850.98,469.8,1.6,0.00341
1903,Sugarcane,Loamy,Zaid,Drip,145,69,105,7.24,22.86,90.38,1287.96,68.31,91.27,1314408876.9,1767.8,74.65,0.04223
1904,Maize,Red,Rabi,Drip,108,60,62,5.92,30.95,77.31,475.71,63.8,2.24,7217490.1,643.81,4.05,0.00629
1905,Millet,Red,Kharif,Drip,87,46,42,7.15,27.27,33.1,384.16,28.72,4.84,17488661.23,389.49,3.07,0.00788
1906,Tomato,Loamy,Kharif,Sprinkler,90,53,57,6.15,23.53,69.22,574.85,57.95,811.75,3212362768.75,396.11,39.59,0.09995
1907,Rice,Clay,Kharif,Furrow,85,39,52,5.94,33.73,81.82,812.15,89.12,0.99,8598099.13,1701.74,4.49,0.00264
1908,Tomato,Loamy,Zaid,Drip,101,42,74,6.79,26.91,70.23,253.88,49.48,6.28,59473004.05,502.48,45.71,0.09097
1909,Groundnut,Red,Rabi,Rainfed,30,57,49,6.74,28.14,59.64,632.67,57.83,492.68,6627919166.62,646.02,2.84,0.0044
1910,Wheat,Alluvial,Rabi,Furrow,110,60,59,6.77,18.29,52.53,182.86,39.74,3.66,20840310.34,489.91,5.08,0.01037
1911,Sugarcane,Alluvial,Zaid,Flood,116,50,52,6.59,27.13,72.03,957.68,81.15,3.25,33040464.19,1604.5,59.36,0.037
1912,Tomato,Alluvial,Rabi,Drip,55,43,62,6.04,24.53,69.21,535.58,46.79,0.88,7174609.59,404.45,40.5,0.10014
1913,Groundnut,Laterite,Rabi,Drip,25,51,61,6.89,23.48,64.1,694.39,38.06,100.39,1476275756.56,449.88,2.41,0.00536
1914,Maize,Red,Rabi,Drip,83,37,33,7.06,25.85,54.68,429.3,68.29,1.63,14711260.57,558.16,4.91,0.0088
1915,Wheat,Loamy,Rabi,Flood,62,30,35,6.06,10.37,45.35,198.73,30.44,7.49,111266238.36,563.73,2.99,0.0053
1916,Maize,Alluvial,Rabi,Sprinkler,70,65,31,5.94,31.7,67.1,699.68,69.55,49.04,458604518.15,565.12,5.85,0.01035
1917,Millet,Red,Zaid,Rainfed,52,43,39,7.21,30.11,53.96,249.94,24.87,99.08,452502586.83,291.59,1.75,0.006
1918,Maize,Red,Kharif,Rainfed,115,47,51,6.58,20.54,52.43,757.31,57.3,0.82,9429849.83,513.55,3.83,0.00746
1919,Maize,Alluvial,Rabi,Sprinkler,78,43,61,6.25,25.75,75.95,422.05,63.74,0.91,6957334.56,664.53,6.23,0.00938
1920,Tomato,Red,Zaid,Drip,58,46,70,5.52,20.81,68.29,222.42,46.32,23.34,168152563.14,395.87,38.2,0.0965
1921,Cotton,Loamy,Kharif,Furrow,78,37,42,6.67,28.26,45.28,649.0,42.93,32.62,428882054.0,818.72,2.43,0.00297
1922,Maize,Red,Kharif,Sprinkler,81,36,52,6.72,31.34,76.33,647.16,44.83,5.58,14216650.56,780.79,6.06,0.00776
1923,Rice,Alluvial,Kharif,Flood,112,51,40,6.61,29.37,81.2,1099.72,64.42,8.83,114876665.34,1634.36,7.19,0.0044
1924,Groundnut,Loamy,Rabi,Sprinkler,26,58,65,6.81,25.5,60.25,610.92,59.6,51.95,551791899.87,612.33,3.27,0.00534
1925,Millet,Sandy,Kharif,Rainfed,45,50,52,7.46,32.62,38.33,150.93,37.1,5.61,43222894.02,274.45,3.03,0.01104
1926,Maize,Black,Rabi,Drip,71,52,55,6.02,30.35,61.72,706.06,61.71,0.57,5144081.62,705.43,5.1,0.00723
1927,Groundnut,Loamy,Rabi,Drip,44,29,31,6.27,27.96,66.51,476.5,45.12,81.68,469196402.94,469.2,2.59,0.00552
1928,Millet,Sandy,Zaid,Drip,77,50,20,6.35,28.39,56.83,193.06,39.46,528.9,6015979254.4,361.82,3.24,0.00895
1929,Sugarcane,Loamy,Kharif,Drip,113,63,63,7.76,22.8,93.87,929.82,74.77,5.94,36561148.81,1563.42,53.24,0.03405
1930,Wheat,Alluvial,Rabi,Drip,95,53,47,6.34,15.76,68.23,219.68,42.91,3.62,48626405.06,481.67,3.61,0.00749
1931,Wheat,Clay,Rabi,Drip,73,47,69,7.1,21.46,62.21,186.58,32.74,1.5,4272445.94,654.02,2.78,0.00425
1932,Millet,Red,Kharif,Rainfed,48,42,58,7.46,26.3,43.84,370.29,36.14,0.55,3268408.82,388.75,3.15,0.0081
1933,Wheat,Clay,Rabi,Sprinkler,115,54,49,7.15,11.13,47.8,154.35,53.31,7.98,28172915.51,474.08,3.38,0.00713
1934,Sugarcane,Alluvial,Kharif,Flood,93,81,65,6.87,32.41,65.3,806.47,62.99,2.95,38314567.47,2547.26,85.22,0.03346
1935,Groundnut,Red,Rabi,Drip,34,32,53,5.58,24.4,65.38,497.84,50.72,138.16,1446589989.23,615.99,1.57,0.00255
1936,Rice,Clay,Kharif,Furrow,130,49,45,6.54,26.25,90.66,912.34,89.67,8.04,27713452.37,1231.73,4.97,0.00403
1937,Wheat,Alluvial,Rabi,Furrow,94,54,60,6.41,23.08,67.47,205.84,30.23,760.55,10470510940.85,578.01,2.67,0.00462
1938,Rice,Loamy,Kharif,Furrow,127,62,43,6.6,31.78,82.12,670.97,87.28,9.84,70178955.31,1435.56,5.46,0.0038
1939,Sugarcane,Black,Kharif,Furrow,94,70,55,7.6,29.51,73.01,1462.7,75.06,0.29,2959393.18,1609.36,85.3,0.053
1940,Tomato,Red,Zaid,Sprinkler,77,52,49,6.11,27.22,53.26,424.08,56.07,29.15,95046599.74,475.99,65.02,0.1366
1941,Groundnut,Loamy,Rabi,Rainfed,42,57,46,7.16,29.08,57.21,439.46,50.0,5.36,36844708.96,530.08,2.67,0.00504
1942,Cotton,Alluvial,Kharif,Sprinkler,103,33,71,6.48,33.01,54.08,652.44,59.18,199.97,2399381353.46,888.55,3.1,0.00349
1943,Cotton,Alluvial,Kharif,Sprinkler,85,27,30,6.9,21.44,53.44,828.43,39.04,4.41,61445985.31,809.88,2.39,0.00295
1944,Tomato,Loamy,Zaid,Sprinkler,104,71,61,6.39,29.46,53.72,305.11,62.5,191.99,2371255377.32,620.29,60.72,0.09789
1945,Wheat,Loamy,Rabi,Flood,98,45,38,7.26,22.04,47.12,118.11,45.38,92.99,1306543749.77,559.67,5.21,0.00931
1946,Rice,Alluvial,Kharif,Drip,91,61,51,5.92,33.16,72.46,1078.01,76.56,52.77,515457139.58,1620.83,4.22,0.0026
1947,Rice,Clay,Kharif,Drip,133,42,38,6.74,31.73,83.23,1259.46,79.5,5.64,75679751.24,1397.35,4.17,0.00298
1948,Wheat,Clay,Rabi,Drip,66,50,68,7.11,24.26,52.35,58.87,49.84,6.68,27452890.5,514.97,3.67,0.00713
1949,Maize,Red,Kharif,Furrow,100,46,65,6.19,24.81,71.23,713.51,50.47,3.17,34969739.45,511.25,4.38,0.00857
1950,Wheat,Clay,Rabi,Flood,79,61,53,6.24,13.62,53.38,225.7,53.17,9.88,109363453.01,558.34,2.77,0.00496
1951,Wheat,Loamy,Rabi,Drip,66,49,42,7.26,23.66,45.73,192.84,56.22,2.74,16322972.49,715.0,3.26,0.00456
1952,Groundnut,Loamy,Rabi,Rainfed,34,35,54,5.68,27.71,73.59,526.74,58.96,8.83,44944844.99,513.46,3.29,0.00641
1953,Sugarcane,Black,Kharif,Drip,91,63,87,6.71,26.7,87.98,1271.0,73.19,0.33,1085521.27,2045.16,84.42,0.04128
1954,Groundnut,Laterite,Rabi,Drip,33,32,41,7.17,23.13,68.94,573.11,35.85,7.95,51645983.02,544.42,2.7,0.00496
1955,Maize,Black,Rabi,Furrow,103,64,57,6.71,24.37,60.62,534.86,45.91,0.25,863813.38,633.32,5.95,0.00939
1956,Wheat,Loamy,Rabi,Furrow,91,52,35,6.37,10.37,57.82,108.57,51.39,0.41,2689926.85,462.8,3.48,0.00752
1957,Groundnut,Loamy,Kharif,Rainfed,68,52,37,5.96,30.32,73.13,513.9,46.2,4.89,39350501.46,469.31,3.02,0.00643
1958,Sugarcane,Alluvial,Zaid,Furrow,113,43,81,6.06,32.81,71.33,1513.05,74.28,5.26,36815044.43,2001.74,57.2,0.02858
1959,Sugarcane,Black,Zaid,Flood,114,52,99,6.44,33.5,90.84,1299.7,60.92,2.97,23131711.25,1821.01,60.71,0.03334
1960,Sugarcane,Alluvial,Kharif,Flood,108,50,53,6.85,25.46,92.93,965.99,63.88,5.32,70153648.02,1398.52,94.6,0.06764
1961,Groundnut,Loamy,Kharif,Rainfed,39,37,65,6.52,30.45,56.92,563.58,32.18,4.57,61512625.94,489.68,2.2,0.00449
1962,Sugarcane,Alluvial,Zaid,Flood,110,48,74,6.37,25.65,85.18,1563.3,82.64,8.0,94006955.36,1657.81,68.21,0.04114
1963,Cotton,Black,Kharif,Drip,112,58,48,7.86,26.7,66.79,597.6,50.92,4.49,65025596.98,730.89,3.2,0.00438
1964,Cotton,Alluvial,Kharif,Drip,102,39,53,6.37,25.54,51.13,775.94,59.34,1.43,3907404.06,897.49,2.58,0.00287
1965,Maize,Red,Rabi,Rainfed,76,57,34,6.8,31.99,55.83,414.79,48.89,5.56,16322281.4,873.18,3.74,0.00428
1966,Groundnut,Red,Rabi,Drip,48,38,42,5.69,30.93,66.95,676.29,58.22,76.31,817804044.27,502.34,2.78,0.00553
1967,Wheat,Loamy,Rabi,Furrow,106,31,59,6.33,22.47,51.69,174.82,50.33,7.04,40952081.67,537.5,3.05,0.00567
1968,Rice,Clay,Kharif,Flood,117,49,39,5.95,32.9,81.33,1494.5,74.78,41.81,241520286.45,1873.56,4.95,0.00264
1969,Groundnut,Sandy,Kharif,Sprinkler,47,44,68,5.81,28.34,52.83,631.93,37.07,7.83,32338463.12,608.9,2.97,0.00488
1970,Cotton,Loamy,Kharif,Furrow,110,42,38,6.28,26.92,69.51,963.13,63.16,4.54,50939626.54,730.2,1.78,0.00244
1971,Cotton,Black,Kharif,Drip,105,65,80,5.92,32.81,51.07,512.01,51.44,4.21,39888958.42,876.24,1.88,0.00215
1972,Tomato,Red,Zaid,Drip,68,59,62,6.89,26.04,70.48,394.59,44.09,2.08,14881492.16,431.84,40.36,0.09346
1973,Wheat,Loamy,Rabi,Furrow,74,63,51,7.19,13.37,63.75,53.11,59.91,6.58,50009833.04,494.18,3.67,0.00743
1974,Cotton,Alluvial,Kharif,Drip,119,58,73,6.91,32.71,49.47,764.72,48.51,849.24,8866245330.57,1178.86,2.42,0.00205
1975,Groundnut,Red,Kharif,Rainfed,59,56,34,6.95,22.29,70.46,596.38,32.65,8.7,67107445.77,405.04,1.94,0.00479
1976,Millet,Sandy,Kharif,Rainfed,75,19,35,7.22,32.87,62.0,271.58,26.01,0.59,5934722.53,239.8,1.85,0.00771
1977,Groundnut,Loamy,Kharif,Sprinkler,50,57,56,6.73,25.83,67.63,478.09,32.93,7.46,40293019.13,572.52,1.89,0.0033
1978,Rice,Alluvial,Kharif,Drip,126,41,67,5.91,28.29,71.89,1389.33,73.45,7.19,105030869.29,1549.9,5.56,0.00359
1979,Rice,Alluvial,Kharif,Furrow,106,53,62,6.55,27.68,89.29,1105.85,76.17,92.67,975260324.48,1322.42,6.26,0.00473
1980,Groundnut,Red,Rabi,Sprinkler,46,56,55,5.82,24.03,51.28,385.25,39.04,42.58,509632767.16,502.19,2.0,0.00398
1981,Groundnut,Laterite,Kharif,Rainfed,57,36,67,6.11,26.78,58.06,498.11,47.42,0.44,4077558.98,449.54,1.73,0.00385
1982,Millet,Loamy,Zaid,Drip,64,40,39,7.01,28.46,45.74,345.22,37.01,2.65,37180922.96,317.38,2.92,0.0092
1983,Cotton,Black,Kharif,Sprinkler,111,65,66,7.92,28.02,73.5,942.95,60.29,7.48,91280399.59,860.11,3.07,0.00357
1984,Groundnut,Sandy,Rabi,Rainfed,59,56,49,6.85,30.76,65.91,509.13,55.6,6.92,44204712.36,588.14,2.19,0.00372
1985,Millet,Loamy,Zaid,Rainfed,85,46,35,6.3,35.05,46.47,200.16,38.32,9.42,54915817.55,374.65,2.47,0.00659
1986,Sugarcane,Clay,Kharif,Drip,131,60,88,6.63,27.42,81.49,1264.0,87.64,405.1,4073134775.9,1486.95,106.31,0.0715
1987,Sugarcane,Loamy,Kharif,Drip,128,42,101,7.22,33.34,67.6,1027.36,67.16,4.86,44812986.18,2631.85,99.83,0.03793
1988,Maize,Red,Rabi,Rainfed,84,37,31,6.4,22.45,75.07,566.46,48.66,1.97,21153320.0,724.34,6.45,0.0089
1989,Groundnut,Loamy,Kharif,Drip,32,52,48,5.52,28.67,52.52,686.51,37.48,5.13,63063578.58,603.22,2.64,0.00438
1990,Tomato,Laterite,Kharif,Drip,105,56,63,6.3,28.49,58.47,298.37,35.27,1.47,12639480.56,446.16,37.87,0.08488
1991,Cotton,Alluvial,Kharif,Sprinkler,83,57,49,7.51,32.92,74.72,870.41,52.02,4.44,46785411.81,702.62,3.22,0.00458
1992,Sugarcane,Clay,Zaid,Furrow,139,71,106,7.11,33.38,87.93,1142.06,70.85,252.87,1249442414.15,2393.49,113.3,0.04734
1993,Groundnut,Laterite,Kharif,Rainfed,45,40,63,6.74,29.73,69.73,363.68,38.2,3.11,19889249.85,596.36,1.98,0.00332
1994,Cotton,Alluvial,Kharif,Furrow,92,41,61,5.83,33.69,65.76,793.3,42.12,55.14,400146407.53,849.24,2.39,0.00281
1995,Sugarcane,Alluvial,Zaid,Furrow,115,54,87,6.62,33.5,78.91,1266.06,88.44,5.59,68658008.14,2115.38,97.78,0.04622
1996,Wheat,Alluvial,Rabi,Sprinkler,103,43,69,6.4,13.59,48.74,184.18,36.98,383.15,2676058502.58,486.76,3.2,0.00657
1997,Cotton,Alluvial,Kharif,Sprinkler,52,44,45,6.54,32.35,58.07,868.38,57.07,548.77,1637138288.88,787.45,1.76,0.00224
1998,Cotton,Loamy,Kharif,Sprinkler,108,58,59,6.11,22.86,71.75,760.02,40.16,53.0,578131812.49,779.32,2.32,0.00298
1999,Rice,Loamy,Kharif,Drip,140,50,63,6.33,30.87,94.9,610.78,60.68,6.91,44800132.1,1442.58,3.63,0.00252
2000,Sugarcane,Black,Zaid,Flood,145,40,60,6.29,28.19,68.58,1277.36,89.76,9.88,126042963.17,2492.7,74.59,0.02992
2001,Groundnut,Sandy,Rabi,Rainfed,55,29,67,5.94,22.82,72.21,414.82,36.8,299.6,3745385350.15,426.8,3.03,0.0071
2002,Sugarcane,Loamy,Zaid,Flood,136,42,76,7.21,32.92,68.38,1091.77,85.72,70.07,476478524.54,1950.18,78.18,0.04009
2003,Maize,Loamy,Kharif,Rainfed,101,65,48,6.96,26.37,76.42,790.93,68.83,2.86,30499684.62,564.47,4.35,0.00771
2004,Sugarcane,Alluvial,Zaid,Drip,120,58,54,7.39,23.56,75.11,1231.39,75.94,37.31,439945528.33,1565.61,66.9,0.04273
2005,Cotton,Alluvial,Kharif,Sprinkler,79,59,34,6.42,31.65,58.12,649.5,47.93,370.04,2474041662.17,1034.64,2.05,0.00198
2006,Cotton,Alluvial,Kharif,Sprinkler,55,50,34,7.38,34.2,48.22,770.33,43.73,1.92,13311391.69,1143.29,2.81,0.00246
2007,Sugarcane,Clay,Zaid,Furrow,134,85,97,6.96,35.65,87.39,877.08,84.13,63.87,809903199.22,1801.35,48.87,0.02713
2008,Wheat,Clay,Rabi,Flood,114,55,63,7.46,10.53,53.13,83.83,41.22,4.49,26815052.89,595.34,3.67,0.00616
2009,Maize,Alluvial,Rabi,Furrow,112,33,41,6.81,28.5,71.37,637.54,64.52,8.17,76098775.1,499.09,5.81,0.01164
2010,Rice,Loamy,Kharif,Drip,91,41,46,6.53,24.67,73.37,1418.07,84.28,1.24,6847053.1,1676.22,5.13,0.00306
2011,Groundnut,Sandy,Rabi,Rainfed,45,52,57,6.58,31.21,71.98,564.67,35.16,5.97,82109650.4,467.89,2.46,0.00526
2012,Tomato,Laterite,Rabi,Sprinkler,68,68,53,5.92,23.53,56.93,406.97,40.76,4.18,48325371.84,518.32,58.32,0.11252
2013,Rice,Clay,Kharif,Flood,117,59,60,6.07,24.9,81.55,1215.2,83.9,2.79,13890205.68,1695.59,3.63,0.00214
2014,Groundnut,Laterite,Kharif,Sprinkler,43,29,31,7.04,25.2,50.1,618.52,39.02,4.36,46508523.18,510.25,2.52,0.00494
2015,Maize,Red,Kharif,Sprinkler,104,53,30,5.83,30.58,55.59,499.03,43.11,6.66,82289858.33,672.44,5.55,0.00825
2016,Millet,Loamy,Kharif,Rainfed,83,24,59,7.36,26.32,53.44,339.24,36.74,3.09,21864761.88,244.8,3.41,0.01393
2017,Wheat,Alluvial,Rabi,Flood,81,44,46,6.4,16.32,63.93,216.18,42.63,9.76,66202401.79,482.08,4.21,0.00873
2018,Sugarcane,Clay,Zaid,Furrow,95,73,70,7.68,23.04,72.21,895.98,67.05,871.85,8280489651.52,2055.54,69.82,0.03397
2019,Cotton,Alluvial,Kharif,Furrow,65,53,73,7.12,27.29,65.26,578.34,51.55,5.21,62356724.57,965.28,2.2,0.00228
2020,Groundnut,Sandy,Rabi,Rainfed,63,37,50,5.69,24.62,69.14,629.26,37.44,8.02,91488205.98,484.8,2.12,0.00437
2021,Wheat,Alluvial,Rabi,Drip,64,54,40,7.05,23.77,58.85,203.79,30.42,47.14,148710839.89,579.5,3.01,0.00519
2022,Rice,Loamy,Kharif,Drip,83,44,61,6.54,25.09,93.04,1439.53,77.29,30.04,241431256.2,1595.85,3.29,0.00206
2023,Maize,Black,Kharif,Rainfed,82,55,58,7.18,25.34,67.19,450.12,65.36,0.21,3082648.76,767.41,5.34,0.00696
2024,Groundnut,Laterite,Kharif,Drip,28,51,41,5.7,22.85,67.23,545.82,50.38,23.94,130779182.43,420.57,2.18,0.00518
2025,Groundnut,Laterite,Kharif,Sprinkler,59,51,68,6.18,28.02,57.38,516.52,58.23,3.58,43676042.9,586.06,2.93,0.005
2026,Sugarcane,Black,Kharif,Furrow,123,79,61,7.11,26.87,75.91,1253.59,79.7,1.93,15958482.99,1492.62,102.61,0.06874
2027,Cotton,Black,Kharif,Furrow,104,36,80,7.27,24.27,65.32,914.24,54.23,0.45,2012272.28,748.53,2.24,0.00299
2028,Wheat,Alluvial,Rabi,Flood,114,36,37,6.11,21.65,66.04,156.28,41.3,8.35,115048213.82,485.25,4.9,0.0101
2029,Cotton,Alluvial,Kharif,Drip,102,62,34,7.82,28.39,55.86,699.47,43.79,2.79,30228276.58,921.45,3.39,0.00368
2030,Tomato,Red,Kharif,Furrow,86,42,45,6.15,26.01,72.3,329.8,62.85,4.25,58514276.47,625.7,68.64,0.1097
2031,Sugarcane,Black,Kharif,Furrow,97,80,77,7.34,24.8,81.16,1254.39,83.2,9.96,41086225.07,1842.49,92.62,0.05027
2032,Wheat,Loamy,Rabi,Furrow,82,65,40,6.94,24.32,49.38,124.45,43.96,4.37,64738004.13,655.07,3.5,0.00534
2033,Rice,Alluvial,Kharif,Flood,115,56,63,5.78,32.18,78.87,711.02,60.75,70.74,842644107.35,1770.47,3.91,0.00221
2034,Maize,Loamy,Kharif,Furrow,126,54,65,6.29,29.28,74.59,544.23,43.61,79.72,401353205.62,766.93,7.15,0.00932
2035,Tomato,Alluvial,Zaid,Drip,50,56,59,5.98,21.95,60.79,339.22,36.88,9.04,24479004.16,408.96,58.79,0.14375
2036,Wheat,Alluvial,Rabi,Furrow,102,58,54,7.46,13.43,54.44,233.18,48.52,405.01,1666772533.47,459.27,5.11,0.01113
2037,Millet,Sandy,Zaid,Sprinkler,82,37,30,6.41,31.43,34.87,404.64,30.47,7.22,46141492.64,427.73,2.08,0.00486
2038,Sugarcane,Alluvial,Kharif,Flood,101,77,91,7.33,26.38,86.67,1342.88,70.0,7.44,99906403.37,1583.86,68.75,0.04341
2039,Sugarcane,Loamy,Kharif,Furrow,149,66,59,7.33,29.86,84.84,1576.72,61.58,8.07,98797649.1,1533.24,70.31,0.04586
2040,Rice,Loamy,Kharif,Furrow,83,68,45,6.78,29.57,94.75,1231.89,70.39,3.23,43278470.98,1406.09,6.05,0.0043
2041,Sugarcane,Black,Zaid,Flood,144,47,61,6.78,23.16,69.42,759.55,80.3,3.78,39157400.66,2326.3,65.08,0.02798
2042,Maize,Loamy,Kharif,Furrow,114,32,33,7.04,22.13,50.64,481.18,41.75,0.27,3061499.98,710.7,6.49,0.00913
2043,Cotton,Alluvial,Kharif,Sprinkler,58,31,62,7.36,28.89,52.85,728.92,40.95,27.24,374928578.02,838.24,2.72,0.00324
2044,Cotton,Alluvial,Kharif,Sprinkler,114,47,53,6.26,29.78,68.22,659.72,44.26,1.74,21715003.53,847.32,2.59,0.00306
2045,Tomato,Red,Rabi,Furrow,53,46,74,6.17,26.72,76.06,328.5,56.26,61.77,660836566.61,394.53,58.3,0.14777
2046,Wheat,Loamy,Rabi,Sprinkler,97,38,41,6.15,12.84,46.49,84.72,37.34,9.98,67916751.85,544.89,4.81,0.00883
2047,Cotton,Black,Kharif,Drip,83,40,31,7.0,25.26,62.14,586.61,49.48,6.93,53459525.14,756.59,1.58,0.00209
2048,Millet,Red,Kharif,Sprinkler,71,45,44,7.13,30.89,64.8,222.34,38.55,96.0,636147298.28,368.3,2.78,0.00755
2049,Millet,Red,Kharif,Rainfed,82,22,34,6.31,27.51,30.74,427.6,21.97,5.04,58981295.29,302.84,1.83,0.00604
2050,Millet,Loamy,Kharif,Rainfed,41,29,29,6.1,32.06,37.34,359.06,30.75,3.91,49489827.42,377.27,1.5,0.00398
2051,Maize,Black,Rabi,Drip,99,44,68,6.15,25.3,67.0,592.48,60.09,7.62,81580294.86,624.8,6.03,0.00965
2052,Maize,Black,Rabi,Furrow,98,49,33,6.69,26.41,50.17,403.43,41.84,95.27,508008769.47,855.35,5.24,0.00613
2053,Rice,Alluvial,Kharif,Furrow,95,67,51,5.89,32.34,84.35,1329.98,89.08,1.73,18248331.91,1620.19,4.77,0.00294
2054,Tomato,Alluvial,Zaid,Sprinkler,73,52,68,6.3,29.34,75.13,357.48,52.13,0.77,8963479.61,585.91,51.11,0.08723
2055,Groundnut,Laterite,Rabi,Sprinkler,66,49,75,6.88,31.28,62.19,669.98,58.05,4.83,42346675.34,614.79,2.77,0.00451
2056,Maize,Loamy,Kharif,Sprinkler,125,57,33,5.99,28.47,59.61,765.7,66.06,8.5,80428522.82,804.5,6.06,0.00753
2057,Wheat,Loamy,Rabi,Furrow,91,41,31,6.84,21.66,69.55,71.07,43.22,74.43,985629212.18,484.92,4.6,0.00949
2058,Groundnut,Sandy,Rabi,Sprinkler,66,48,68,5.72,31.6,61.36,693.89,35.61,9.94,34854517.4,504.87,2.79,0.00553
2059,Wheat,Clay,Rabi,Flood,105,45,70,7.48,17.21,42.01,188.24,51.32,3.82,24429015.85,488.26,6.05,0.01239
2060,Maize,Loamy,Kharif,Sprinkler,126,40,66,7.12,24.59,78.22,740.12,54.11,2.07,17345407.0,522.43,4.56,0.00873
2061,Cotton,Black,Kharif,Furrow,106,36,45,6.73,22.72,53.14,891.51,56.21,4.69,34863745.3,1027.34,2.8,0.00273
2062,Rice,Alluvial,Kharif,Drip,93,50,50,6.19,25.05,84.69,1174.66,64.76,8.97,47395793.77,1407.68,3.99,0.00283
2063,Groundnut,Sandy,Kharif,Sprinkler,57,59,64,6.64,26.2,54.31,626.34,56.14,5.36,20619311.67,569.98,1.86,0.00326
2064,Sugarcane,Black,Kharif,Flood,105,73,66,6.91,22.76,67.04,1120.63,79.73,7.35,58632786.03,1629.54,95.41,0.05855
2065,Wheat,Loamy,Rabi,Sprinkler,67,39,48,6.17,15.21,67.37,187.23,30.69,8.98,91763584.3,545.87,3.2,0.00586
2066,Millet,Loamy,Kharif,Sprinkler,86,37,57,5.98,29.45,44.99,326.25,29.37,4.54,14225532.54,347.31,2.77,0.00798
2067,Cotton,Loamy,Kharif,Sprinkler,52,57,37,7.83,31.03,68.33,729.21,40.2,9.11,74529017.1,942.0,1.9,0.00202
2068,Tomato,Alluvial,Kharif,Sprinkler,72,51,84,6.9,27.95,65.39,379.2,36.0,766.92,10183734888.06,555.33,33.61,0.06052
2069,Rice,Alluvial,Kharif,Flood,138,54,60,5.52,31.06,72.08,1239.6,69.03,4.45,56867822.41,1333.87,4.39,0.00329
2070,Wheat,Loamy,Rabi,Furrow,97,51,54,6.08,24.96,53.43,91.07,43.1,3.14,35108221.47,611.53,3.35,0.00548
2071,Cotton,Loamy,Kharif,Furrow,78,40,41,6.44,30.62,55.12,639.81,43.96,4.19,44141350.83,1006.14,1.56,0.00155
2072,Sugarcane,Loamy,Zaid,Furrow,114,82,64,7.49,25.86,74.52,1184.01,76.42,6.16,91830008.08,2205.37,96.08,0.04357
2073,Millet,Sandy,Zaid,Rainfed,83,32,21,7.47,32.53,35.78,287.9,34.01,68.53,1019175051.04,321.37,3.6,0.0112
2074,Wheat,Loamy,Rabi,Furrow,76,30,48,7.34,16.09,68.64,90.08,51.72,7.23,38939862.63,416.13,3.52,0.00846
2075,Tomato,Red,Rabi,Furrow,57,71,41,6.03,20.62,53.99,262.92,59.79,0.6,4363897.61,517.96,51.63,0.09968
2076,Cotton,Black,Kharif,Furrow,119,53,64,6.23,32.51,49.96,899.23,52.61,3.83,56474632.13,1034.12,2.05,0.00198
2077,Wheat,Loamy,Rabi,Drip,117,63,50,6.17,17.98,69.29,146.97,54.0,83.15,847517388.16,548.66,4.81,0.00877
2078,Millet,Red,Kharif,Sprinkler,62,49,50,6.17,34.7,53.1,317.45,37.05,2.12,22938189.95,430.43,3.39,0.00788
2079,Sugarcane,Clay,Zaid,Furrow,112,44,110,6.64,26.95,93.82,1289.56,88.0,8.62,97942554.37,1803.05,69.0,0.03827
2080,Maize,Red,Kharif,Rainfed,116,44,60,7.12,23.89,55.18,311.71,43.82,3.06,37999306.48,750.12,4.27,0.00569
2081,Tomato,Loamy,Kharif,Drip,104,44,63,5.89,28.8,54.59,598.38,53.4,8.76,117367700.91,676.08,37.62,0.05564
2082,Maize,Black,Kharif,Rainfed,95,52,65,6.25,26.24,71.45,559.26,46.91,426.59,5672915247.64,732.61,5.08,0.00693
2083,Millet,Red,Kharif,Sprinkler,73,27,63,6.98,25.33,51.16,383.54,35.45,53.92,414497591.16,406.12,3.1,0.00763
2084,Rice,Alluvial,Kharif,Drip,87,36,64,6.62,27.62,77.74,1509.91,83.33,9.14,70473502.77,1660.27,4.37,0.00263
2085,Groundnut,Laterite,Kharif,Rainfed,52,28,43,6.93,25.56,57.74,438.28,35.2,49.01,207947646.26,430.33,2.64,0.00613
2086,Maize,Black,Rabi,Furrow,82,50,44,7.14,26.97,74.25,351.94,49.91,62.87,617289528.98,560.58,3.62,0.00646
2087,Sugarcane,Alluvial,Zaid,Drip,125,49,103,6.0,25.25,69.57,1010.96,85.75,2.46,11459792.97,2363.66,92.1,0.03896
2088,Groundnut,Laterite,Rabi,Drip,28,47,59,5.95,29.5,62.98,412.61,42.07,1.68,8824463.9,553.68,2.91,0.00526
2089,Tomato,Loamy,Zaid,Sprinkler,75,69,74,6.38,26.36,57.55,450.55,48.88,5.79,47219466.47,615.31,64.63,0.10504
2090,Wheat,Loamy,Rabi,Furrow,89,54,57,6.39,18.13,54.04,110.44,31.87,4.02,41896100.92,530.61,6.27,0.01182
2091,Rice,Clay,Kharif,Drip,132,35,70,6.74,24.74,77.05,896.99,62.13,64.45,736638657.63,1693.19,4.43,0.00262
2092,Millet,Loamy,Zaid,Sprinkler,39,46,64,6.88,28.9,34.5,389.69,40.05,9.43,110380788.91,393.28,3.48,0.00885
2093,Tomato,Red,Zaid,Sprinkler,67,69,81,6.8,24.48,51.34,469.53,49.99,0.83,9923216.49,478.01,44.19,0.09245
2094,Cotton,Black,Kharif,Furrow,94,34,57,6.29,24.93,56.51,940.09,63.24,6.09,52702502.07,850.22,2.28,0.00268
2095,Maize,Red,Kharif,Furrow,109,59,42,7.05,25.05,60.25,761.47,50.74,60.61,213643510.06,668.54,3.9,0.00583
2096,Maize,Black,Rabi,Furrow,102,44,45,6.33,26.03,72.01,617.85,58.34,6.13,69952101.15,528.54,5.51,0.01042
2097,Groundnut,Loamy,Kharif,Sprinkler,51,40,69,6.13,23.0,72.28,477.74,42.2,8.46,75429456.4,523.83,2.93,0.00559
2098,Millet,Sandy,Zaid,Drip,77,45,52,6.68,25.48,40.78,378.72,39.78,1.02,5664945.79,268.02,2.27,0.00847
2099,Wheat,Loamy,Rabi,Sprinkler,92,64,56,6.24,12.83,45.19,200.99,39.06,2.63,33664460.98,520.2,3.65,0.00702
2100,Millet,Loamy,Kharif,Drip,40,17,30,5.57,34.91,54.39,289.01,34.02,8.28,50081630.77,406.05,2.68,0.0066
2101,Millet,Sandy,Zaid,Sprinkler,47,18,47,5.71,27.62,37.92,420.17,28.18,0.85,3554552.72,297.8,1.95,0.00655
2102,Groundnut,Loamy,Rabi,Drip,33,29,38,6.6,31.42,50.31,596.94,49.78,9.28,78131969.37,489.66,2.3,0.0047
2103,Cotton,Loamy,Kharif,Drip,58,62,62,7.95,30.19,65.98,909.1,57.02,13.22,169075515.11,1069.22,2.78,0.0026
2104,Groundnut,Red,Kharif,Drip,63,27,43,5.93,24.57,66.8,656.65,50.45,876.32,6544638717.96,542.41,2.5,0.00461
2105,Millet,Loamy,Zaid,Rainfed,54,43,27,6.74,32.68,42.23,428.79,41.36,6.47,56641035.41,434.44,1.45,0.00334
2106,Rice,Clay,Kharif,Flood,109,40,36,6.32,28.86,72.56,1101.67,86.08,5.86,23140440.04,1842.03,4.74,0.00257
2107,Millet,Red,Zaid,Sprinkler,74,35,54,7.29,32.84,35.15,411.22,36.06,6.57,19584862.63,468.3,2.32,0.00495
2108,Rice,Clay,Kharif,Flood,137,43,48,5.55,25.01,87.27,1300.12,63.45,6.93,56859120.36,1201.25,4.81,0.004
2109,Rice,Clay,Kharif,Drip,83,38,43,6.69,32.8,78.06,1467.98,78.98,655.24,2803450912.37,1581.1,4.2,0.00266
2110,Maize,Alluvial,Rabi,Drip,94,33,56,5.93,30.02,79.01,404.68,58.98,560.68,4706909953.21,568.49,4.84,0.00851
2111,Groundnut,Laterite,Kharif,Drip,57,34,30,6.55,25.7,60.54,480.1,43.44,8.22,74267730.77,628.43,2.75,0.00438
2112,Cotton,Alluvial,Kharif,Furrow,116,25,39,6.22,22.02,58.26,665.57,51.82,4.03,37145757.1,666.69,2.01,0.00301
2113,Rice,Alluvial,Kharif,Flood,86,66,37,6.43,26.47,86.47,1415.51,75.0,0.9,10817327.41,1605.42,4.02,0.0025
2114,Wheat,Alluvial,Rabi,Drip,76,52,59,6.85,12.18,62.78,116.8,56.82,2.7,33901306.9,475.17,3.02,0.00636
2115,Sugarcane,Alluvial,Kharif,Flood,112,70,90,6.06,22.78,87.87,1170.11,76.73,4.25,13242150.8,2183.5,81.33,0.03725
2116,Groundnut,Sandy,Rabi,Rainfed,28,55,37,7.09,26.25,53.91,382.58,39.81,606.94,4981402913.48,444.13,2.11,0.00475
2117,Millet,Loamy,Kharif,Drip,44,32,23,6.26,29.09,54.64,268.27,20.33,1.77,19085528.08,400.97,1.75,0.00436
2118,Cotton,Alluvial,Kharif,Furrow,119,36,49,6.7,24.31,60.72,602.78,58.75,65.55,427224854.24,930.81,3.19,0.00343
2119,Sugarcane,Clay,Zaid,Furrow,132,46,71,7.79,35.45,80.23,1149.2,63.5,3.28,44853395.48,2064.67,108.19,0.0524
2120,Maize,Alluvial,Kharif,Furrow,129,63,62,6.21,20.54,62.77,448.7,59.66,3.9,38513811.77,688.17,4.19,0.00609
2121,Tomato,Alluvial,Kharif,Drip,54,62,70,5.66,23.61,77.56,284.72,47.44,9.76,126005895.88,445.24,68.67,0.15423
2122,Maize,Red,Kharif,Drip,85,44,61,7.18,31.45,68.17,375.87,43.58,7.05,33524656.89,772.82,5.72,0.0074
2123,Groundnut,Red,Rabi,Rainfed,62,27,41,6.89,23.84,55.5,691.48,57.37,2.7,13132946.44,457.45,2.81,0.00614
2124,Millet,Red,Zaid,Rainfed,40,27,54,5.6,30.98,32.48,168.53,25.76,3.12,34380547.34,426.64,2.31,0.00541
2125,Cotton,Alluvial,Kharif,Sprinkler,112,52,56,7.91,34.95,59.65,516.38,41.88,3.73,33835247.73,1049.85,2.35,0.00224
2126,Maize,Loamy,Rabi,Drip,71,64,57,5.82,27.99,66.39,541.37,65.6,9.33,90957669.3,644.49,4.25,0.00659
2127,Sugarcane,Clay,Zaid,Flood,114,44,52,7.03,30.27,93.53,1274.57,60.09,33.76,475801064.01,2141.77,66.94,0.03125
2128,Wheat,Clay,Rabi,Drip,105,49,48,6.43,15.13,60.28,108.52,30.92,2.65,36385428.49,607.08,5.96,0.00982
2129,Sugarcane,Loamy,Zaid,Furrow,134,63,70,6.31,35.28,91.72,1366.84,75.32,10.86,119278063.23,2058.2,81.45,0.03957
2130,Maize,Red,Kharif,Rainfed,97,30,60,5.93,22.8,54.34,469.92,50.33,5.01,21418798.28,736.59,4.79,0.0065
2131,Millet,Sandy,Zaid,Rainfed,42,15,31,6.71,34.64,40.71,270.57,25.25,61.49,831568831.51,423.67,2.36,0.00557
2132,Wheat,Clay,Rabi,Furrow,70,48,59,7.12,16.21,58.5,146.91,39.99,3.41,34723188.31,513.62,5.9,0.01149
2133,Maize,Alluvial,Kharif,Sprinkler,107,50,59,6.21,27.05,53.12,531.64,60.7,6.78,79008879.78,687.12,6.08,0.00885
2134,Tomato,Laterite,Kharif,Sprinkler,76,40,52,6.49,23.66,70.3,304.36,58.07,34.66,479474208.03,579.3,76.2,0.13154
2135,Wheat,Alluvial,Rabi,Furrow,107,36,58,6.78,11.59,56.8,162.65,31.94,6.05,81300978.59,501.01,3.35,0.00669
2136,Rice,Alluvial,Kharif,Flood,90,45,54,6.1,25.61,85.34,1505.82,82.21,5.66,83413926.81,1518.34,3.2,0.00211
2137,Tomato,Alluvial,Kharif,Drip,83,57,90,5.67,29.67,63.87,486.96,47.76,7.52,44824853.38,435.04,51.57,0.11854
2138,Tomato,Red,Rabi,Furrow,56,59,83,5.91,20.06,57.19,252.09,42.83,9.1,78710892.65,457.51,35.77,0.07818
2139,Tomato,Laterite,Rabi,Sprinkler,51,46,71,6.01,22.14,62.23,511.1,46.99,9.94,65038860.89,432.1,52.03,0.12041
2140,Wheat,Loamy,Rabi,Furrow,118,64,32,7.19,20.84,49.19,204.75,47.25,3.42,40457120.05,550.18,4.8,0.00872
2141,Maize,Alluvial,Kharif,Furrow,115,59,33,6.29,20.81,73.83,337.38,49.04,16.17,68144202.34,609.67,5.15,0.00845
2142,Sugarcane,Alluvial,Kharif,Flood,141,68,95,6.11,29.83,72.23,1146.23,89.68,5.2,42654669.12,2119.54,104.45,0.04928
2143,Groundnut,Laterite,Rabi,Drip,47,60,58,7.13,23.89,74.83,456.81,31.02,7.67,71714807.47,380.0,2.12,0.00558
2144,Groundnut,Laterite,Kharif,Drip,34,60,70,6.38,25.25,68.65,648.62,43.26,2.21,8946464.99,403.79,3.24,0.00802
2145,Tomato,Alluvial,Zaid,Drip,55,73,86,6.54,27.99,66.72,466.79,64.01,7.58,36568972.47,598.45,44.0,0.07352
2146,Tomato,Laterite,Rabi,Drip,91,51,65,6.84,28.05,64.61,466.75,54.3,8.99,28951785.94,652.73,66.61,0.10205
2147,Millet,Sandy,Zaid,Sprinkler,56,37,38,6.26,34.77,42.54,352.93,34.14,4.93,37826422.06,463.27,1.83,0.00395
2148,Wheat,Clay,Rabi,Furrow,85,42,60,6.71,20.98,47.19,166.55,55.93,6.85,47118548.73,646.26,4.83,0.00747
2149,Sugarcane,Alluvial,Kharif,Furrow,119,77,73,6.86,27.71,65.78,1367.8,77.53,5.28,45489308.13,2347.09,94.61,0.04031
2150,Wheat,Clay,Rabi,Flood,91,32,40,6.56,14.6,68.31,222.76,35.51,25.24,150594413.81,571.23,3.92,0.00686
2151,Rice,Loamy,Kharif,Drip,115,36,51,5.75,28.31,92.99,852.57,79.05,3.03,36762329.23,1511.23,5.83,0.00386
2152,Maize,Loamy,Rabi,Rainfed,107,63,65,5.98,20.58,71.61,393.45,64.0,2.98,23487958.52,592.75,4.47,0.00754
2153,Millet,Red,Zaid,Rainfed,43,43,60,6.86,26.69,30.16,378.8,20.4,794.67,9375295251.2,446.44,2.64,0.00591
2154,Groundnut,Loamy,Rabi,Sprinkler,56,31,69,6.51,26.55,63.96,431.29,42.13,4.78,43448994.84,606.64,3.25,0.00536
2155,Sugarcane,Alluvial,Kharif,Furrow,158,78,52,7.07,26.19,90.54,1144.67,62.34,3.91,11202219.0,2166.67,102.99,0.04753
2156,Cotton,Black,Kharif,Sprinkler,91,52,47,6.05,22.43,74.08,838.46,46.28,1.44,17344123.23,672.11,2.3,0.00342
2157,Sugarcane,Loamy,Kharif,Flood,117,69,82,7.4,33.22,77.4,888.35,78.9,6.23,76586729.13,2141.01,63.55,0.02968
2158,Cotton,Alluvial,Kharif,Sprinkler,65,51,62,7.34,26.79,58.27,561.77,49.08,5.77,37892597.14,703.2,3.01,0.00428
2159,Sugarcane,Alluvial,Kharif,Drip,130,72,54,6.81,23.11,76.21,1392.06,67.75,20.94,60409279.34,1944.35,54.8,0.02818
2160,Groundnut,Loamy,Kharif,Drip,46,32,48,5.57,31.45,60.69,643.53,36.66,44.13,556728762.08,559.78,2.35,0.0042
2161,Millet,Sandy,Zaid,Sprinkler,80,15,23,6.72,31.61,51.25,326.64,38.1,0.92,9843456.41,280.16,2.36,0.00842
2162,Maize,Red,Kharif,Sprinkler,85,42,67,7.06,26.47,63.76,435.22,53.8,7.63,40329252.22,639.05,5.94,0.0093
2163,Wheat,Clay,Rabi,Drip,87,54,42,6.35,10.89,55.09,125.09,31.21,54.1,460529991.54,568.5,3.07,0.0054
2164,Groundnut,Red,Rabi,Rainfed,48,45,44,6.27,31.71,58.89,425.56,33.86,155.59,960089392.87,632.02,1.81,0.00286
2165,Rice,Clay,Kharif,Drip,134,41,48,5.59,25.55,84.71,1169.68,68.43,98.22,705451723.86,1387.08,6.77,0.00488
2166,Cotton,Alluvial,Kharif,Furrow,70,63,41,7.14,29.65,72.84,739.91,41.4,15.04,203438091.43,711.91,2.42,0.0034
2167,Tomato,Loamy,Rabi,Drip,52,63,56,5.76,26.97,79.38,400.88,36.29,9.37,134421177.05,486.48,72.62,0.14928
2168,Tomato,Loamy,Zaid,Furrow,77,63,41,6.96,18.12,75.68,365.29,44.04,5.81,52834770.99,406.68,47.56,0.11695
2169,Wheat,Alluvial,Rabi,Furrow,82,63,56,6.93,24.48,51.25,67.59,31.43,8.63,22780352.45,597.28,3.94,0.0066
2170,Sugarcane,Clay,Zaid,Drip,144,67,65,7.51,31.02,75.94,1347.1,69.59,6.73,25337043.09,2000.39,85.68,0.04283
2171,Millet,Sandy,Kharif,Sprinkler,53,32,49,6.58,25.46,37.17,360.13,31.69,6.76,65403597.0,423.62,2.46,0.00581
2172,Rice,Alluvial,Kharif,Flood,114,51,37,6.54,26.21,87.85,843.85,60.95,2.95,10516899.19,1199.43,3.55,0.00296
2173,Rice,Loamy,Kharif,Drip,81,36,63,6.57,29.54,71.62,974.92,72.9,3.5,39256531.86,1587.38,5.27,0.00332
2174,Maize,Loamy,Kharif,Drip,73,32,54,7.04,28.34,69.72,756.6,56.25,24.6,184717610.94,702.99,3.35,0.00477
2175,Maize,Loamy,Rabi,Sprinkler,73,50,46,6.63,22.05,53.2,488.12,64.13,4.53,19090694.12,574.37,3.73,0.00649
2176,Cotton,Loamy,Kharif,Furrow,79,60,48,5.81,28.41,52.75,713.68,55.17,90.67,976272389.92,826.58,3.79,0.00459
2177,Sugarcane,Black,Kharif,Drip,101,54,109,7.69,31.01,69.93,934.77,80.4,3.4,26437593.24,1862.67,90.18,0.04841
2178,Tomato,Loamy,Kharif,Drip,80,44,66,6.41,24.19,70.65,242.81,35.68,4.65,18698980.54,547.91,53.24,0.09717
2179,Millet,Loamy,Kharif,Rainfed,35,18,34,6.62,33.92,55.24,394.58,28.55,89.62,1332281679.74,427.65,2.28,0.00533
2180,Wheat,Loamy,Rabi,Furrow,91,49,62,6.17,21.75,64.37,165.44,41.64,242.17,2637898632.93,514.35,5.42,0.01054
2181,Wheat,Alluvial,Rabi,Flood,99,50,54,6.13,16.51,66.71,122.33,41.43,4.17,34145146.2,562.09,4.97,0.00884
2182,Tomato,Alluvial,Zaid,Furrow,76,75,84,5.77,19.47,62.23,589.72,55.99,9.57,108988536.2,486.2,57.78,0.11884
2183,Millet,Sandy,Kharif,Drip,37,38,36,6.08,25.25,63.93,400.4,30.1,0.61,8261072.51,236.84,1.59,0.00671
2184,Maize,Black,Kharif,Sprinkler,74,59,37,6.38,25.96,57.08,702.86,68.8,89.74,1159936534.61,538.17,5.53,0.01028
2185,Tomato,Laterite,Rabi,Furrow,72,36,85,5.86,27.56,68.78,396.93,35.7,8.33,28069260.32,585.67,57.47,0.09813
2186,Sugarcane,Loamy,Kharif,Flood,158,72,106,6.26,24.42,69.61,1380.56,64.82,377.43,1622765372.44,2217.54,78.19,0.03526
2187,Millet,Loamy,Zaid,Drip,49,35,34,6.93,26.33,44.17,150.17,26.02,8.7,117456290.11,246.24,2.84,0.01153
2188,Tomato,Alluvial,Rabi,Sprinkler,89,60,45,6.81,28.8,56.03,576.07,61.43,5.08,68221057.13,686.0,34.51,0.05031
2189,Millet,Red,Kharif,Drip,55,34,62,6.4,32.86,52.61,232.53,28.7,4.55,60132848.48,445.81,3.02,0.00677
2190,Sugarcane,Black,Zaid,Furrow,111,72,88,7.16,27.76,66.08,1029.88,75.24,3.15,25637663.97,2132.31,63.71,0.02988
2191,Cotton,Alluvial,Kharif,Drip,88,63,75,7.83,27.0,70.0,854.27,50.35,2.53,27367270.56,992.75,3.74,0.00377
2192,Rice,Clay,Kharif,Flood,84,55,63,6.12,25.12,92.53,878.43,65.92,55.93,659243781.82,1104.66,3.28,0.00297
2193,Groundnut,Loamy,Kharif,Sprinkler,57,46,50,5.85,26.47,50.15,449.29,48.58,6.81,90486706.76,618.04,3.25,0.00526
2194,Wheat,Clay,Rabi,Flood,90,64,46,6.88,21.89,54.26,249.03,49.13,23.57,159201186.63,673.08,4.59,0.00682
2195,Groundnut,Loamy,Rabi,Sprinkler,53,50,34,6.73,25.12,59.53,383.78,54.3,90.82,1359380035.55,421.05,1.46,0.00347
2196,Maize,Alluvial,Rabi,Furrow,115,60,35,7.14,24.06,60.83,720.19,61.32,6.89,27369092.07,513.1,4.03,0.00785
2197,Millet,Loamy,Kharif,Rainfed,40,48,58,6.29,30.38,33.13,411.18,20.26,7.97,97243753.32,342.62,1.68,0.0049
2198,Sugarcane,Clay,Kharif,Drip,97,55,66,7.13,33.71,72.33,1293.0,64.55,142.55,1759674296.97,1729.74,95.89,0.05544
2199,Groundnut,Laterite,Rabi,Drip,54,55,51,6.81,25.0,74.79,646.8,56.61,9.1,63605923.11,422.66,2.21,0.00523
2200,Tomato,Red,Kharif,Sprinkler,63,44,73,6.26,19.78,60.79,339.26,55.24,80.55,444277881.46,549.98,52.36,0.0952
2201,Sugarcane,Alluvial,Kharif,Drip,123,42,54,7.61,23.28,94.29,728.57,81.89,12.25,122988626.84,1350.0,53.19,0.0394
2202,Tomato,Laterite,Zaid,Drip,82,35,54,6.45,18.13,64.72,263.01,59.16,2.53,8795279.76,600.67,55.45,0.09231
2203,Wheat,Clay,Rabi,Drip,89,54,63,6.32,22.83,68.51,92.62,37.28,8.39,53575662.01,616.27,3.11,0.00505
2204,Maize,Loamy,Kharif,Drip,92,56,54,6.5,28.84,66.46,702.76,43.12,3.45,25019196.04,791.09,4.29,0.00542
2205,Rice,Alluvial,Kharif,Furrow,100,59,50,6.13,26.89,77.55,785.55,70.88,8.97,49583374.39,1351.78,5.34,0.00395
2206,Maize,Alluvial,Kharif,Furrow,115,50,49,7.04,27.98,72.27,493.47,68.15,6.03,54429723.1,521.74,4.14,0.00793
2207,Tomato,Loamy,Zaid,Sprinkler,88,53,63,6.33,25.79,57.51,327.81,49.46,6.0,68837002.0,667.8,47.03,0.07043
2208,Tomato,Laterite,Kharif,Furrow,74,52,59,6.16,21.02,65.69,274.4,52.46,652.42,8278824852.05,597.2,69.05,0.11562
2209,Millet,Loamy,Zaid,Sprinkler,83,28,61,5.96,26.74,31.54,347.79,43.34,56.7,595574313.6,352.2,1.65,0.00468
2210,Sugarcane,Alluvial,Kharif,Flood,139,76,85,6.31,30.9,82.98,1409.2,85.12,26.39,228486826.21,1909.18,88.05,0.04612
2211,Wheat,Alluvial,Rabi,Flood,114,46,30,7.11,23.16,68.63,103.58,35.19,384.05,5739411081.06,550.89,3.96,0.00719
2212,Groundnut,Sandy,Kharif,Rainfed,53,57,75,6.12,24.73,57.07,565.95,34.88,8.47,104037163.82,532.27,3.47,0.00652
2213,Wheat,Clay,Rabi,Drip,108,56,50,6.01,16.73,48.04,152.48,58.53,8.29,101559859.64,664.68,3.44,0.00518
2214,Wheat,Clay,Rabi,Furrow,91,49,49,6.95,20.03,64.21,98.02,58.94,8.32,71783948.15,534.14,3.77,0.00706
2215,Maize,Loamy,Kharif,Rainfed,93,31,51,6.87,22.69,79.78,693.11,65.46,51.96,406929140.46,687.04,3.76,0.00547
2216,Maize,Loamy,Kharif,Sprinkler,106,53,34,6.72,31.97,70.26,405.28,44.14,7.87,80391906.43,729.06,4.49,0.00616
2217,Maize,Alluvial,Rabi,Sprinkler,110,36,35,6.39,23.67,69.78,489.27,45.05,7.39,97256459.8,487.46,5.32,0.01091
2218,Cotton,Alluvial,Kharif,Furrow,51,49,36,7.88,28.52,68.06,941.39,44.61,8.45,121653887.34,838.47,2.57,0.00307
2219,Tomato,Loamy,Rabi,Drip,103,54,44,6.2,20.15,77.36,293.99,56.39,7.86,99908891.61,412.81,62.39,0.15113
2220,Maize,Alluvial,Rabi,Drip,103,65,59,6.69,27.22,53.29,556.61,65.54,6.09,38620630.37,809.3,7.12,0.0088
2221,Maize,Red,Kharif,Drip,90,42,49,7.13,25.01,67.98,767.73,47.93,9.67,96050478.89,739.67,4.77,0.00645
2222,Tomato,Loamy,Rabi,Drip,83,54,83,6.18,27.86,79.66,584.14,63.87,2.16,30937596.53,538.88,61.44,0.11401
2223,Rice,Loamy,Kharif,Furrow,132,66,48,6.15,26.82,83.85,903.39,84.26,88.54,909849781.55,1334.44,5.84,0.00438
2224,Tomato,Alluvial,Zaid,Sprinkler,107,75,48,6.52,23.22,58.57,263.09,52.56,0.21,948483.85,605.29,42.18,0.06969
2225,Cotton,Loamy,Kharif,Drip,59,34,76,6.87,32.37,64.51,573.0,40.51,2.34,28491715.07,722.39,2.8,0.00388
2226,Sugarcane,Loamy,Zaid,Furrow,126,55,80,7.41,23.39,78.81,1456.13,67.33,6.8,53868971.81,1842.26,63.45,0.03444
2227,Groundnut,Red,Rabi,Drip,47,45,45,5.94,25.16,61.94,483.75,47.57,7.4,88841515.0,416.32,2.49,0.00598
2228,Tomato,Laterite,Kharif,Sprinkler,50,70,79,5.85,29.14,70.15,495.65,49.17,11.98,41006008.71,554.38,39.95,0.07206
2229,Tomato,Alluvial,Zaid,Sprinkler,94,51,78,6.83,26.59,70.24,578.05,51.12,79.29,721385184.23,536.8,54.59,0.1017
2230,Sugarcane,Alluvial,Zaid,Flood,96,72,80,6.33,25.48,79.79,883.66,72.7,8.46,103680989.33,1958.13,53.13,0.02713
2231,Wheat,Loamy,Rabi,Furrow,77,60,30,6.01,10.48,55.65,68.16,53.95,8.42,57971598.78,503.64,4.05,0.00804
2232,Sugarcane,Alluvial,Zaid,Flood,137,82,84,7.68,26.96,77.3,1472.97,79.12,6.42,26293560.94,1885.16,67.61,0.03586
2233,Sugarcane,Alluvial,Zaid,Furrow,90,52,92,7.2,35.12,67.38,1120.81,71.96,5.02,32240090.56,2451.53,91.82,0.03745
2234,Sugarcane,Alluvial,Kharif,Flood,108,66,72,7.63,22.35,73.18,1542.15,64.41,6.2,88381833.23,2029.57,60.61,0.02986
2235,Millet,Loamy,Kharif,Sprinkler,57,32,27,5.76,35.43,63.19,436.04,21.68,38.23,218123748.67,361.01,1.51,0.00418
2236,Sugarcane,Clay,Zaid,Furrow,150,71,109,6.13,23.7,82.66,777.68,78.93,20.23,254806686.23,1662.72,51.47,0.03096
2237,Millet,Red,Zaid,Rainfed,44,25,65,5.99,30.29,59.3,230.9,30.9,41.96,151350533.44,396.05,3.19,0.00805
2238,Wheat,Alluvial,Rabi,Flood,109,48,61,7.1,13.57,52.5,127.19,37.23,4.89,55547859.76,622.54,4.16,0.00668
2239,Millet,Red,Kharif,Drip,54,45,46,6.36,27.44,48.24,351.81,28.96,2.59,27153373.5,386.35,2.15,0.00556
2240,Maize,Alluvial,Kharif,Rainfed,84,65,34,6.0,29.95,72.61,550.01,47.0,4.3,53827442.85,752.16,5.96,0.00792
2241,Wheat,Clay,Rabi,Sprinkler,60,36,43,7.28,20.82,64.32,62.6,58.22,8.44,88944591.86,527.65,4.07,0.00771
2242,Rice,Loamy,Kharif,Drip,132,64,40,5.63,30.32,91.12,1523.1,72.0,3.32,18679587.23,1181.42,3.51,0.00297
2243,Groundnut,Red,Rabi,Sprinkler,37,31,43,6.96,24.03,70.48,650.77,43.91,7.15,59109374.93,509.94,2.7,0.00529
2244,Wheat,Clay,Rabi,Drip,103,56,62,6.08,23.14,69.54,176.9,53.05,9.14,85523329.63,584.72,4.74,0.00811
2245,Groundnut,Sandy,Rabi,Rainfed,27,43,72,6.62,22.05,55.51,404.59,40.2,3.7,49167987.37,575.47,2.56,0.00445
2246,Tomato,Alluvial,Zaid,Furrow,108,64,75,6.62,23.06,59.06,384.75,58.04,7.38,48307499.69,447.0,61.0,0.13647
2247,Sugarcane,Black,Zaid,Flood,153,40,58,6.43,23.24,84.93,874.37,76.86,7.4,71635534.75,1711.3,57.71,0.03372
2248,Cotton,Alluvial,Kharif,Furrow,89,61,51,5.91,31.17,61.57,963.67,59.24,7.57,97939857.74,947.38,2.47,0.00261
2249,Rice,Loamy,Kharif,Drip,80,46,64,6.54,24.99,87.1,1126.1,77.7,0.33,4599894.9,1230.89,4.47,0.00363
2250,Millet,Red,Kharif,Drip,71,30,56,7.13,25.11,30.33,446.7,33.19,91.45,653540644.75,362.41,2.67,0.00737
2251,Rice,Alluvial,Kharif,Drip,116,35,46,5.83,25.91,77.77,663.73,71.69,6.75,50447006.39,1310.42,4.27,0.00326
2252,Cotton,Black,Kharif,Drip,54,48,66,7.58,22.26,47.95,624.85,54.63,4.83,21538558.72,831.43,2.69,0.00324
2253,Rice,Clay,Kharif,Flood,108,58,69,5.8,27.65,94.75,1368.59,70.11,3.93,45989620.54,1629.75,4.72,0.0029
2254,Tomato,Laterite,Zaid,Drip,105,59,61,5.73,22.17,62.63,593.88,37.53,1.86,13035752.63,565.43,62.36,0.11029
2255,Groundnut,Red,Kharif,Drip,59,44,51,6.94,23.01,64.53,561.8,37.38,6.61,31368032.77,426.93,3.31,0.00775
2256,Groundnut,Laterite,Kharif,Rainfed,33,29,43,6.72,28.29,58.49,653.73,57.3,54.38,815039992.69,434.36,1.38,0.00318
2257,Tomato,Laterite,Rabi,Drip,80,44,58,6.66,26.83,68.84,229.9,42.11,9.68,128529871.64,434.5,51.82,0.11926
2258,Tomato,Alluvial,Rabi,Drip,107,69,48,6.65,26.77,57.81,574.02,54.31,5.42,67530023.88,663.39,41.06,0.06189
2259,Tomato,Alluvial,Rabi,Furrow,91,75,40,6.0,28.08,54.54,341.36,35.03,5.0,17790106.65,688.29,68.06,0.09888
2260,Maize,Loamy,Rabi,Drip,80,54,47,6.21,22.33,73.68,662.55,49.13,6.37,58641065.5,481.02,5.4,0.01123
2261,Rice,Clay,Kharif,Flood,121,42,39,6.1,28.63,90.88,1068.72,72.2,6.27,67111200.11,1554.63,7.11,0.00457
2262,Cotton,Loamy,Kharif,Sprinkler,112,37,45,6.2,33.97,66.39,985.49,49.91,5.99,15173038.5,934.36,1.62,0.00173
2263,Wheat,Loamy,Rabi,Drip,69,38,32,7.42,24.48,66.75,247.78,54.92,2.72,23101766.78,637.98,4.17,0.00654
2264,Wheat,Loamy,Rabi,Flood,94,34,42,6.43,21.22,55.96,121.88,48.51,6.84,98319922.4,563.17,4.29,0.00762
2265,Cotton,Loamy,Kharif,Drip,118,47,73,7.76,31.69,63.14,766.33,51.55,0.53,2152220.73,1026.75,2.92,0.00284
2266,Maize,Black,Kharif,Furrow,78,38,32,6.55,30.48,60.68,759.61,40.31,0.43,4906373.57,549.08,4.77,0.00869
2267,Maize,Red,Kharif,Sprinkler,129,37,30,6.76,24.03,62.23,446.28,64.92,2.18,16435924.01,583.21,5.58,0.00957
2268,Cotton,Black,Kharif,Sprinkler,118,61,43,6.52,21.34,56.18,837.54,63.89,8.92,43376002.5,972.49,3.26,0.00335
2269,Maize,Red,Kharif,Drip,113,33,62,6.44,22.41,73.97,538.72,69.02,61.51,693225801.77,574.59,6.29,0.01095
2270,Wheat,Loamy,Rabi,Sprinkler,92,50,40,6.93,18.18,63.93,180.69,44.9,3.5,43415695.4,549.47,6.21,0.0113
2271,Rice,Alluvial,Kharif,Furrow,132,56,36,6.31,28.3,85.24,1000.67,73.61,1.18,17010588.17,1480.79,4.14,0.0028
2272,Tomato,Laterite,Zaid,Furrow,91,74,48,6.34,21.99,50.26,206.2,46.64,239.3,2099036804.75,547.82,44.0,0.08032
2273,Tomato,Laterite,Kharif,Furrow,82,63,87,6.16,19.65,69.96,212.55,63.2,8.01,67962009.91,476.4,64.08,0.13451
2274,Rice,Loamy,Kharif,Drip,129,43,66,5.65,27.02,91.27,1316.45,78.36,36.83,199560914.29,1418.16,4.82,0.0034
2275,Rice,Loamy,Kharif,Flood,136,55,58,6.16,28.06,87.44,1143.89,86.34,2.05,18601079.18,1225.41,4.66,0.0038
2276,Rice,Clay,Kharif,Drip,83,35,41,6.16,31.14,80.96,1562.71,65.98,8.11,117757310.25,1356.47,4.77,0.00352
2277,Groundnut,Loamy,Kharif,Sprinkler,61,45,57,6.12,22.21,72.88,628.23,34.05,7.68,82004148.8,468.28,1.5,0.0032
2278,Groundnut,Laterite,Kharif,Drip,67,26,37,6.04,31.47,68.32,528.87,55.89,2.79,25543064.82,591.42,2.21,0.00374
2279,Rice,Clay,Kharif,Flood,128,63,54,5.61,27.97,89.16,1074.09,89.31,79.59,1095506309.89,1477.96,6.06,0.0041
2280,Sugarcane,Loamy,Zaid,Furrow,104,57,108,7.46,27.2,88.73,1584.7,71.96,4.86,31151794.28,2013.47,71.02,0.03527
2281,Maize,Red,Kharif,Rainfed,102,33,41,5.83,22.59,74.09,439.03,40.41,47.25,558440811.06,613.56,6.28,0.01024
2282,Cotton,Alluvial,Kharif,Drip,113,51,70,6.02,26.89,71.67,580.36,44.3,153.14,804602755.05,973.07,3.27,0.00336
2283,Cotton,Alluvial,Kharif,Sprinkler,115,61,53,7.83,34.46,72.76,756.56,48.91,6.59,94103596.12,761.24,2.03,0.00267
2284,Rice,Clay,Kharif,Drip,85,38,57,5.56,25.66,84.69,889.16,84.03,73.75,236535963.25,1216.07,5.61,0.00461
2285,Millet,Sandy,Kharif,Sprinkler,43,40,39,6.86,28.62,31.99,218.63,38.9,1.54,8455605.6,283.3,2.39,0.00844
2286,Millet,Loamy,Zaid,Rainfed,81,29,55,5.82,25.79,37.89,405.7,32.9,6.03,50512652.33,372.17,1.95,0.00524
2287,Wheat,Alluvial,Rabi,Furrow,102,45,68,6.41,20.87,68.34,163.25,44.68,92.03,462056747.81,629.17,5.82,0.00925
2288,Rice,Loamy,Kharif,Drip,128,48,35,5.79,26.48,85.47,1084.83,88.93,51.44,282358478.22,1222.98,6.49,0.00531
2289,Wheat,Loamy,Rabi,Furrow,103,59,58,6.62,17.41,58.45,180.12,54.92,2.03,18947059.01,625.69,3.69,0.0059
2290,Wheat,Clay,Rabi,Drip,83,58,59,6.55,10.27,63.48,193.49,37.86,6.77,43189448.14,443.11,3.6,0.00812
2291,Wheat,Clay,Rabi,Drip,111,65,60,6.57,17.05,61.58,226.74,59.72,3.44,36790205.22,582.62,4.01,0.00688
2292,Millet,Sandy,Kharif,Rainfed,34,33,24,6.89,27.77,42.23,170.44,25.5,72.5,532019963.52,355.34,2.79,0.00785
2293,Millet,Sandy,Kharif,Drip,83,42,47,6.82,33.76,55.3,217.47,32.58,9.8,86993091.37,277.34,3.09,0.01114
2294,Sugarcane,Black,Zaid,Drip,138,79,59,6.36,35.75,94.44,1572.15,78.41,2.7,23812674.2,1606.01,80.51,0.05013
2295,Sugarcane,Loamy,Zaid,Drip,136,77,78,7.43,29.7,78.73,1266.4,75.35,4.27,58966225.22,2089.03,84.81,0.0406
2296,Sugarcane,Alluvial,Kharif,Drip,128,78,77,6.02,28.67,71.32,835.33,67.03,5.46,40211398.9,2073.96,89.31,0.04306
2297,Groundnut,Loamy,Kharif,Rainfed,67,34,65,5.99,31.14,70.48,393.41,40.25,2.82,23177052.77,462.17,2.58,0.00558
2298,Cotton,Black,Kharif,Drip,93,45,65,7.16,34.98,50.3,764.2,46.27,96.2,658116924.01,951.19,1.72,0.00181
2299,Maize,Loamy,Rabi,Rainfed,128,52,60,6.49,21.83,70.17,764.46,42.66,25.86,265361691.58,717.84,4.65,0.00648
2300,Maize,Loamy,Kharif,Furrow,110,37,41,5.84,25.3,72.3,759.33,52.9,307.85,1476741840.83,738.6,3.5,0.00474
2301,Maize,Black,Kharif,Sprinkler,118,38,59,6.29,30.89,66.35,358.88,58.76,7.9,76693798.3,836.98,4.22,0.00504
2302,Maize,Red,Kharif,Sprinkler,96,65,46,6.43,20.36,57.42,793.88,67.84,10.25,148672307.76,750.99,4.62,0.00615
2303,Tomato,Red,Kharif,Furrow,57,67,83,6.36,26.78,66.84,321.84,54.48,21.9,65354862.3,523.71,58.76,0.1122
2304,Rice,Alluvial,Kharif,Flood,94,37,68,6.3,28.01,88.29,807.39,62.74,8.91,106925388.96,1279.2,3.25,0.00254
2305,Sugarcane,Clay,Kharif,Furrow,115,58,89,7.49,35.2,83.98,1116.41,61.82,3.56,13957737.73,1844.13,95.98,0.05205
2306,Tomato,Laterite,Rabi,Drip,55,51,59,6.18,27.82,53.91,260.36,43.2,827.33,7444141157.79,536.44,50.53,0.0942
2307,Rice,Clay,Kharif,Drip,117,44,38,5.95,24.86,92.98,1003.45,81.81,1.06,11540584.94,1258.64,5.08,0.00404
2308,Groundnut,Loamy,Kharif,Drip,28,31,33,6.69,29.37,52.74,628.15,40.37,69.02,413820349.65,560.56,1.94,0.00346
2309,Wheat,Clay,Rabi,Furrow,99,43,68,6.73,16.83,43.07,108.03,33.87,6.78,46181043.92,491.65,3.48,0.00708
2310,Groundnut,Laterite,Kharif,Rainfed,34,28,50,5.72,23.75,59.17,452.47,57.59,2.17,18870010.88,512.8,2.13,0.00415
2311,Sugarcane,Black,Zaid,Flood,91,85,57,6.25,26.92,82.42,1490.06,66.7,6.57,91951667.56,1651.09,87.98,0.05329
2312,Maize,Loamy,Kharif,Furrow,103,33,32,6.09,30.94,52.34,675.58,48.63,8.1,22391107.21,787.19,4.09,0.0052
2313,Rice,Clay,Kharif,Drip,108,60,54,6.58,27.87,93.17,793.89,85.73,9.68,108813262.78,1349.58,3.13,0.00232
2314,Tomato,Laterite,Kharif,Furrow,66,61,68,6.81,29.44,67.38,542.35,58.98,4.97,48836929.21,628.73,59.51,0.09465
2315,Rice,Loamy,Kharif,Drip,123,69,36,6.53,29.61,85.64,1076.01,88.79,39.66,526937124.22,1478.75,7.34,0.00496
2316,Sugarcane,Alluvial,Kharif,Flood,91,85,103,7.32,23.31,87.55,1012.07,85.94,535.49,5361584145.92,1455.34,86.23,0.05925
2317,Tomato,Loamy,Rabi,Sprinkler,97,36,75,6.33,18.98,75.89,593.36,58.34,9.63,35180604.04,368.18,34.0,0.09235
2318,Sugarcane,Alluvial,Zaid,Drip,107,74,58,7.31,26.95,91.39,1101.63,64.02,6.02,68531645.39,1731.39,68.15,0.03936
2319,Millet,Red,Kharif,Drip,59,25,39,6.99,27.92,38.18,245.95,32.01,4.33,31223377.47,367.17,2.84,0.00773
2320,Cotton,Alluvial,Kharif,Furrow,100,51,63,6.95,26.14,51.03,718.44,61.19,6.72,93759584.2,950.93,1.75,0.00184
2321,Rice,Alluvial,Kharif,Furrow,84,66,58,6.51,27.79,77.68,614.38,83.62,2.91,17747376.95,1738.3,4.2,0.00242
2322,Maize,Red,Rabi,Sprinkler,83,56,50,6.91,26.42,50.07,378.92,47.61,5.24,60657369.13,673.3,3.76,0.00558
2323,Sugarcane,Black,Kharif,Drip,160,51,101,6.6,27.56,93.91,1542.22,71.8,6.99,89009303.04,1620.51,74.37,0.04589
2324,Tomato,Alluvial,Kharif,Sprinkler,108,54,81,6.06,23.15,69.57,455.83,64.14,3.02,12063350.05,515.87,60.32,0.11693
2325,Sugarcane,Black,Zaid,Flood,117,63,71,6.35,28.94,66.13,1246.47,68.57,86.61,1159091875.48,2542.25,77.59,0.03052
2326,Groundnut,Loamy,Rabi,Drip,49,35,39,6.41,28.09,66.94,389.99,35.05,8.21,41837814.91,568.22,1.54,0.00271
2327,Maize,Alluvial,Rabi,Drip,93,65,45,6.87,28.06,76.17,552.13,48.66,5.1,14804602.15,604.65,6.51,0.01077
2328,Maize,Loamy,Rabi,Furrow,125,53,68,6.79,20.99,65.53,611.12,54.97,2.29,15521532.27,605.38,4.06,0.00671
2329,Groundnut,Sandy,Rabi,Rainfed,46,28,39,6.3,27.93,69.55,648.61,50.04,79.33,943879694.05,591.61,2.83,0.00478
2330,Groundnut,Laterite,Rabi,Sprinkler,63,42,32,6.18,22.7,54.55,545.39,30.44,6.32,61214271.4,436.16,2.66,0.0061
2331,Tomato,Alluvial,Zaid,Sprinkler,96,51,73,5.88,29.97,76.65,349.41,35.88,90.78,1036058683.07,650.98,37.01,0.05685
2332,Sugarcane,Loamy,Kharif,Drip,92,41,57,6.36,22.86,78.6,1405.49,60.13,236.79,2010835312.84,1419.9,82.98,0.05844
2333,Millet,Loamy,Kharif,Rainfed,74,46,21,6.85,34.0,39.49,346.02,32.35,8.44,44405900.71,422.36,2.99,0.00708
2334,Tomato,Loamy,Zaid,Furrow,98,36,86,5.93,28.67,77.46,308.4,49.24,0.88,6835820.97,494.74,42.6,0.08611
2335,Maize,Alluvial,Kharif,Drip,101,44,60,6.77,24.22,72.1,567.04,63.09,3.65,34543988.68,669.07,5.32,0.00795
2336,Millet,Loamy,Zaid,Drip,89,34,56,6.85,33.37,59.8,371.82,24.5,6.73,41611763.22,436.07,2.18,0.005
2337,Maize,Loamy,Rabi,Drip,81,48,70,6.4,29.41,51.48,390.21,41.9,697.38,5307573054.25,856.73,4.95,0.00578
2338,Rice,Loamy,Kharif,Furrow,136,35,60,6.27,25.01,94.53,604.39,68.02,2.54,12346857.56,1598.46,4.31,0.0027
2339,Groundnut,Sandy,Rabi,Rainfed,39,29,46,6.33,30.05,63.28,452.77,30.5,5.83,21658782.64,417.09,1.68,0.00403
2340,Rice,Loamy,Kharif,Flood,86,69,54,6.02,32.01,72.91,1031.07,72.85,0.3,2244843.87,1313.13,3.9,0.00297
2341,Wheat,Clay,Rabi,Sprinkler,84,32,47,6.67,12.87,54.96,128.46,59.69,8.28,39721900.12,475.35,5.41,0.01138
2342,Maize,Alluvial,Rabi,Drip,102,35,55,5.81,23.13,57.78,680.45,51.57,214.6,2411948262.95,667.87,5.92,0.00886
2343,Tomato,Alluvial,Kharif,Sprinkler,101,72,58,6.53,18.65,66.34,439.51,55.89,4.98,32936714.24,596.32,63.69,0.10681
2344,Tomato,Loamy,Kharif,Sprinkler,87,66,62,6.12,24.45,73.99,248.86,62.32,1.23,4667542.93,418.85,35.66,0.08514
2345,Wheat,Clay,Rabi,Drip,98,64,60,7.23,18.44,58.58,226.2,37.86,94.27,1245203246.92,535.24,4.44,0.0083
2346,Cotton,Black,Kharif,Furrow,61,35,64,6.79,24.61,45.9,552.77,60.48,59.83,522833887.11,1106.12,2.25,0.00203
2347,Tomato,Red,Kharif,Sprinkler,103,54,81,6.42,23.39,79.24,268.79,37.3,9.92,69404986.15,497.27,59.1,0.11885
2348,Rice,Clay,Kharif,Furrow,107,53,42,6.01,26.86,85.94,1416.57,67.88,43.3,302459524.85,1428.52,3.98,0.00279
2349,Millet,Red,Kharif,Sprinkler,57,31,33,6.48,33.27,43.8,433.63,25.45,9.48,68449418.47,331.16,2.45,0.0074
2350,Groundnut,Laterite,Rabi,Sprinkler,55,46,45,6.85,22.11,69.1,601.25,47.57,764.4,4827379010.42,421.75,2.65,0.00628
2351,Rice,Clay,Kharif,Flood,135,48,52,6.64,27.82,79.88,1285.94,61.52,31.79,114862326.35,1303.66,4.16,0.00319
2352,Rice,Loamy,Kharif,Drip,95,41,47,6.72,30.45,87.33,732.75,65.78,8.13,78983648.49,1404.93,4.38,0.00312
2353,Sugarcane,Black,Kharif,Furrow,104,71,100,6.6,28.54,68.99,1274.52,83.73,8.76,123435148.09,2331.23,99.91,0.04286
2354,Tomato,Red,Zaid,Drip,60,55,77,6.74,28.08,67.67,480.85,48.89,6.61,71492401.79,587.5,54.11,0.0921
2355,Sugarcane,Black,Kharif,Furrow,114,59,64,6.12,24.07,83.85,1391.26,87.23,3.15,46830815.05,2051.27,67.28,0.0328
2356,Sugarcane,Clay,Kharif,Drip,121,68,65,6.37,24.09,65.96,1351.43,64.38,86.19,349507125.75,1819.26,72.57,0.03989
2357,Groundnut,Loamy,Rabi,Sprinkler,33,27,47,6.47,28.44,55.46,429.55,55.98,6.65,91191370.31,454.83,1.73,0.0038
2358,Cotton,Black,Kharif,Drip,52,52,75,7.35,31.55,67.23,714.35,53.21,54.91,607035860.22,908.74,1.99,0.00219
2359,Groundnut,Sandy,Kharif,Sprinkler,27,48,37,6.73,25.89,70.99,380.94,43.82,21.27,81158670.44,492.23,2.64,0.00536
2360,Maize,Red,Rabi,Sprinkler,87,57,54,6.04,24.22,53.41,575.42,40.1,3.01,39360826.93,597.05,6.55,0.01097
2361,Millet,Loamy,Kharif,Rainfed,90,38,27,5.85,35.28,45.92,410.61,38.4,9.67,75725979.11,274.22,2.64,0.00963
2362,Cotton,Loamy,Kharif,Drip,74,35,46,7.45,33.83,61.13,974.1,38.04,4.47,22376368.56,1011.82,2.03,0.00201
2363,Maize,Red,Rabi,Sprinkler,111,44,56,6.68,27.27,79.6,656.96,67.23,5.39,20014987.33,578.96,5.55,0.00959
2364,Sugarcane,Alluvial,Kharif,Flood,103,49,87,7.47,27.51,93.49,1389.82,84.13,131.08,376282611.19,2143.89,63.33,0.02954
2365,Wheat,Alluvial,Rabi,Flood,79,55,60,7.35,20.0,61.83,107.95,59.26,801.33,5440382210.94,521.28,5.0,0.00959
2366,Millet,Red,Kharif,Drip,87,39,50,7.21,35.63,41.55,311.55,35.23,7.13,92393307.39,387.16,2.69,0.00695
2367,Sugarcane,Loamy,Kharif,Flood,133,66,76,7.45,27.63,82.39,1461.45,74.38,5.75,38708275.82,1740.35,61.84,0.03553
2368,Cotton,Alluvial,Kharif,Furrow,81,35,53,6.96,29.3,62.64,683.63,62.02,60.16,705863322.65,850.28,2.05,0.00241
2369,Groundnut,Red,Rabi,Rainfed,69,25,56,5.68,26.21,67.81,373.84,37.84,1.16,10992930.4,534.78,2.58,0.00482
2370,Wheat,Loamy,Rabi,Furrow,93,64,40,6.3,13.51,52.81,74.21,42.3,9.18,81815284.71,608.9,5.27,0.00865
2371,Sugarcane,Clay,Zaid,Furrow,92,72,62,7.01,23.63,79.87,1446.98,77.56,9.77,64770742.87,1467.49,54.73,0.03729
2372,Groundnut,Red,Rabi,Drip,69,37,55,5.72,28.12,62.51,370.76,55.94,243.34,1908003251.2,405.42,1.76,0.00434
2373,Rice,Clay,Kharif,Flood,133,55,44,5.74,33.85,78.32,1014.73,68.83,1.45,6948395.77,1865.63,6.13,0.00329
2374,Sugarcane,Black,Kharif,Flood,121,66,57,6.13,35.49,73.99,752.76,82.95,6.03,30295741.7,1737.92,64.23,0.03696
2375,Sugarcane,Loamy,Kharif,Flood,119,55,84,7.31,26.94,77.13,945.14,70.19,7.22,23453803.5,1526.2,70.04,0.04589
2376,Groundnut,Loamy,Kharif,Rainfed,30,40,57,6.68,31.73,58.79,370.77,55.84,1.02,6905973.12,558.26,2.2,0.00394
2377,Rice,Clay,Kharif,Flood,93,70,69,6.17,31.51,73.14,1216.93,85.96,2.62,33273840.49,1601.42,5.75,0.00359
2378,Wheat,Alluvial,Rabi,Sprinkler,106,40,38,7.25,19.21,42.08,222.54,31.67,11.17,30292062.86,507.5,5.61,0.01105
2379,Wheat,Clay,Rabi,Drip,62,33,45,6.33,15.12,48.72,227.57,53.06,39.73,362426734.45,488.55,3.6,0.00737
2380,Cotton,Black,Kharif,Drip,95,60,31,7.37,25.19,58.87,989.31,41.47,3.64,53700293.72,888.82,2.97,0.00334
2381,Maize,Alluvial,Rabi,Furrow,113,30,59,6.2,31.14,66.19,381.26,68.51,31.04,181425492.63,587.3,4.88,0.00831
2382,Maize,Loamy,Rabi,Drip,78,40,31,6.34,22.81,65.34,529.78,42.34,4.95,25901041.98,716.81,4.23,0.0059
2383,Rice,Clay,Kharif,Drip,80,50,56,5.92,30.7,87.25,644.7,72.55,5.39,31029640.97,1517.59,5.08,0.00335
2384,Rice,Loamy,Kharif,Furrow,80,67,43,6.27,33.17,70.24,1200.87,60.1,4.46,49185233.66,1978.75,4.13,0.00209
2385,Sugarcane,Alluvial,Zaid,Flood,160,84,65,7.23,31.52,90.49,1058.98,80.88,326.74,3391513231.32,1685.98,72.44,0.04297
2386,Millet,Red,Kharif,Sprinkler,35,44,33,6.34,32.51,60.98,356.99,22.36,91.7,912592702.43,360.46,2.21,0.00613
2387,Wheat,Alluvial,Rabi,Drip,89,53,47,6.08,10.33,58.52,151.97,37.35,7.06,91800030.57,544.69,5.15,0.00945
2388,Tomato,Laterite,Zaid,Furrow,98,75,63,6.44,28.29,62.61,468.34,39.79,3.89,27266140.41,485.95,60.21,0.1239
2389,Maize,Loamy,Kharif,Rainfed,79,62,59,6.03,28.47,67.06,459.59,59.55,4.96,71051750.73,516.02,6.25,0.01211
2390,Maize,Alluvial,Kharif,Sprinkler,100,57,70,6.11,28.93,73.09,715.43,60.55,8.61,80306125.32,617.32,3.51,0.00569
2391,Rice,Loamy,Kharif,Furrow,89,52,61,6.19,27.75,71.89,643.96,88.49,9.17,93482743.94,1588.75,4.45,0.0028
2392,Groundnut,Red,Kharif,Drip,64,31,37,7.0,26.44,55.1,639.81,32.62,37.34,302590648.72,455.1,2.76,0.00606
2393,Tomato,Laterite,Rabi,Drip,104,40,81,5.66,20.67,68.51,483.96,35.26,6.87,24862814.14,599.23,52.5,0.08761
2394,Rice,Loamy,Kharif,Furrow,93,48,46,5.59,26.88,76.31,1318.3,79.26,3.55,9375718.58,1353.69,3.74,0.00276
2395,Cotton,Alluvial,Kharif,Furrow,76,34,55,7.93,31.75,63.31,834.4,53.02,9.77,53032015.29,1031.18,2.6,0.00252
2396,Cotton,Alluvial,Kharif,Furrow,66,57,34,6.64,27.77,54.3,688.29,41.83,4.81,43447621.46,1038.01,2.42,0.00233
2397,Rice,Alluvial,Kharif,Flood,120,51,69,6.13,29.55,74.32,607.64,87.89,1.33,15579268.32,1579.42,4.95,0.00313
2398,Wheat,Loamy,Rabi,Drip,85,60,52,6.47,24.48,53.7,216.9,48.35,392.0,2227126676.46,630.56,4.13,0.00655
2399,Maize,Black,Kharif,Sprinkler,86,49,58,7.18,21.69,63.29,315.69,60.48,7.05,102738565.29,697.72,5.43,0.00778
2400,Millet,Loamy,Kharif,Sprinkler,49,41,53,5.65,26.5,46.09,287.89,32.64,255.42,875661100.39,308.33,1.98,0.00642
2401,Cotton,Black,Kharif,Furrow,76,65,50,6.27,26.97,53.78,772.61,64.71,6.89,36947866.61,1068.56,3.39,0.00317
2402,Cotton,Alluvial,Kharif,Sprinkler,101,50,32,5.99,31.26,68.64,843.62,40.92,68.29,558906972.19,1088.99,2.03,0.00186
2403,Maize,Alluvial,Rabi,Sprinkler,110,57,51,6.53,28.95,59.32,407.86,43.78,2.73,15348166.44,813.84,5.56,0.00683
2404,Millet,Red,Kharif,Rainfed,62,41,29,6.61,35.5,63.05,237.48,33.41,9.31,44795929.86,369.85,3.32,0.00898
2405,Millet,Sandy,Kharif,Rainfed,48,39,48,7.1,31.13,44.01,208.9,26.95,34.57,504684970.67,352.6,3.58,0.01015
2406,Millet,Red,Kharif,Drip,78,41,56,7.39,33.77,45.78,168.09,25.21,0.78,5377904.75,377.67,2.02,0.00535
2407,Wheat,Loamy,Rabi,Drip,111,51,56,6.71,13.7,60.42,220.83,32.45,96.84,910769096.02,570.82,2.84,0.00498
2408,Sugarcane,Loamy,Zaid,Flood,139,43,78,6.8,35.38,70.26,1184.92,89.94,2.85,24887675.69,1941.24,80.31,0.04137
2409,Rice,Alluvial,Kharif,Furrow,115,45,40,6.39,26.15,81.3,633.35,83.94,6.1,78252916.15,1420.97,5.48,0.00386
2410,Maize,Black,Kharif,Furrow,77,32,50,6.16,29.0,51.03,572.29,65.71,9.2,67976325.57,815.49,4.22,0.00517
2411,Sugarcane,Alluvial,Zaid,Furrow,140,63,94,6.23,35.06,87.88,1556.47,68.98,2.88,11708495.39,1700.11,71.33,0.04196
2412,Tomato,Alluvial,Zaid,Sprinkler,59,44,46,6.3,26.45,73.34,432.1,41.05,1.62,5992930.08,623.65,44.13,0.07076
2413,Cotton,Alluvial,Kharif,Drip,91,34,33,6.9,34.39,69.85,877.44,40.3,98.52,1414269582.08,1080.0,2.56,0.00237
2414,Wheat,Clay,Rabi,Furrow,76,47,69,6.69,12.32,49.17,68.07,32.66,6.21,73660867.92,543.34,3.79,0.00698
2415,Wheat,Clay,Rabi,Flood,113,45,39,6.1,18.73,62.51,102.73,55.64,8.77,85082969.35,584.01,4.92,0.00842
2416,Wheat,Alluvial,Rabi,Flood,96,33,37,6.92,11.27,43.73,244.2,35.34,4.08,42119282.03,550.77,3.85,0.00699
2417,Tomato,Red,Zaid,Drip,100,49,90,6.55,22.76,66.36,351.67,44.9,7.66,21926157.96,631.97,42.57,0.06736
2418,Tomato,Alluvial,Zaid,Sprinkler,108,52,57,6.08,25.96,60.58,397.08,62.02,2.76,38556591.78,651.31,71.64,0.10999
2419,Cotton,Alluvial,Kharif,Drip,83,30,57,5.84,29.35,65.26,713.2,49.38,27.04,280537321.2,747.76,2.22,0.00297
2420,Cotton,Black,Kharif,Drip,64,32,72,6.23,27.68,73.93,914.03,51.3,4.62,40076036.83,937.02,2.93,0.00313
2421,Rice,Alluvial,Kharif,Flood,131,42,35,6.51,27.74,94.09,760.39,60.6,1.29,5335421.02,1201.03,3.51,0.00292
2422,Sugarcane,Loamy,Kharif,Flood,153,61,50,6.93,30.48,86.82,1551.43,62.47,3.51,8963043.63,1992.27,79.61,0.03996
2423,Sugarcane,Loamy,Kharif,Furrow,157,80,65,6.02,32.55,88.1,739.16,78.52,30.05,304847610.46,1764.46,72.07,0.04085
2424,Cotton,Loamy,Kharif,Drip,73,61,61,7.56,31.25,64.97,595.89,43.29,0.64,8970461.54,730.11,2.83,0.00388
2425,Groundnut,Laterite,Kharif,Rainfed,32,55,56,6.69,27.15,61.98,611.11,56.04,7.78,56831499.96,521.43,2.15,0.00412
2426,Wheat,Clay,Rabi,Flood,63,46,38,7.1,12.58,67.04,65.72,31.53,1.21,11000360.03,406.89,3.19,0.00784
2427,Wheat,Clay,Rabi,Furrow,93,30,36,6.04,10.41,43.38,209.21,43.46,29.13,344329514.54,607.43,4.49,0.00739
2428,Maize,Loamy,Rabi,Drip,123,34,35,6.56,25.8,69.92,418.99,43.82,1.46,6346661.38,659.77,4.33,0.00656
2429,Millet,Sandy,Kharif,Drip,49,49,40,5.87,32.38,37.59,204.58,33.91,7.86,80868029.48,442.83,2.68,0.00605
2430,Groundnut,Red,Kharif,Drip,62,45,30,6.37,23.29,55.54,682.15,30.11,8.47,109812004.82,492.88,2.06,0.00418
2431,Maize,Red,Kharif,Sprinkler,108,62,61,6.05,30.62,55.78,545.2,45.88,788.63,11193405415.87,733.87,4.97,0.00677
2432,Rice,Alluvial,Kharif,Flood,90,60,64,5.52,32.05,70.55,884.38,70.66,1.26,15351711.62,1317.71,4.54,0.00345
2433,Maize,Loamy,Kharif,Sprinkler,79,34,33,6.19,24.25,63.84,350.53,69.4,37.92,273280175.94,516.77,4.78,0.00925
2434,Millet,Red,Zaid,Rainfed,33,45,27,7.28,31.01,55.11,159.05,42.39,5.33,36355604.18,427.85,1.79,0.00418
2435,Maize,Black,Rabi,Sprinkler,128,47,63,6.73,24.92,62.61,775.34,42.07,602.56,7380748230.12,583.57,6.21,0.01064
2436,Groundnut,Red,Kharif,Sprinkler,38,57,30,6.09,29.55,64.95,354.06,34.26,3.19,34949214.69,653.58,1.45,0.00222
2437,Millet,Red,Zaid,Rainfed,67,48,40,7.01,34.72,32.28,443.98,21.45,23.57,71057383.31,328.56,1.68,0.00511
2438,Tomato,Loamy,Rabi,Sprinkler,103,37,73,6.34,18.92,62.75,483.87,35.45,58.3,678350279.58,493.1,51.48,0.1044
2439,Sugarcane,Alluvial,Zaid,Drip,126,58,98,7.51,27.16,77.46,1420.68,76.35,5.41,34931159.03,2297.47,93.48,0.04069
2440,Rice,Alluvial,Kharif,Flood,83,62,39,6.58,26.54,78.26,718.43,71.41,82.23,709129969.22,1317.12,4.72,0.00358
2441,Rice,Alluvial,Kharif,Flood,120,61,57,5.76,26.47,91.35,697.21,83.58,6.0,23589725.39,1536.82,5.1,0.00332
2442,Maize,Red,Rabi,Rainfed,70,60,46,7.11,30.47,73.04,589.67,64.26,2.58,32120588.58,582.07,6.84,0.01175
2443,Maize,Alluvial,Rabi,Rainfed,82,40,69,6.18,24.95,77.24,780.91,57.01,88.14,254136341.63,570.42,3.83,0.00671
2444,Sugarcane,Loamy,Zaid,Flood,127,43,63,6.1,25.88,82.67,826.95,69.47,6.83,78202896.4,2271.48,76.61,0.03373
2445,Groundnut,Sandy,Kharif,Drip,70,36,63,5.58,24.18,65.94,573.67,54.98,9.22,44591931.15,505.17,2.28,0.00451
2446,Tomato,Red,Rabi,Drip,109,44,72,6.84,22.53,55.48,345.82,53.52,8.75,124289688.17,473.58,35.53,0.07502
2447,Sugarcane,Black,Zaid,Furrow,136,85,90,6.28,31.31,76.63,1043.59,86.32,1.72,7514913.18,1603.42,92.73,0.05783
2448,Maize,Alluvial,Kharif,Sprinkler,81,56,63,7.13,29.17,54.85,403.97,57.88,0.44,3979884.39,677.7,5.42,0.008
2449,Rice,Clay,Kharif,Furrow,126,62,69,6.59,27.56,83.37,815.92,89.06,7.3,109201162.72,1460.45,3.35,0.00229
2450,Sugarcane,Loamy,Kharif,Flood,113,70,107,6.83,26.37,83.15,1298.04,62.78,3.95,45988943.86,1747.91,87.15,0.04986
2451,Wheat,Loamy,Rabi,Drip,68,45,63,6.63,12.71,68.56,84.75,55.76,89.97,887660772.56,534.28,3.39,0.00634
2452,Groundnut,Sandy,Kharif,Sprinkler,34,48,64,6.14,30.58,64.51,441.22,56.77,78.35,257481919.74,450.96,3.12,0.00692
2453,Sugarcane,Black,Zaid,Flood,94,80,109,6.76,26.95,84.5,1146.44,71.7,8.28,91771845.88,1919.75,98.55,0.05133
2454,Wheat,Loamy,Rabi,Furrow,104,52,64,7.4,16.72,67.6,211.38,51.6,3.29,21823118.57,540.79,3.14,0.00581
2455,Millet,Sandy,Zaid,Sprinkler,83,33,51,6.11,30.52,34.07,183.76,25.25,315.13,1533810601.2,420.51,3.0,0.00713
2456,Millet,Red,Zaid,Drip,38,45,58,6.99,32.49,30.51,400.92,23.77,8.23,98356331.41,434.41,2.11,0.00486
2457,Sugarcane,Alluvial,Zaid,Furrow,130,57,89,7.06,31.68,81.67,1339.41,64.52,295.26,3487049529.03,1682.8,66.25,0.03937
2458,Cotton,Alluvial,Kharif,Drip,82,60,66,6.87,33.62,71.34,751.48,63.83,6.77,38174922.07,939.09,2.39,0.00255
2459,Maize,Red,Kharif,Furrow,84,31,39,6.31,31.09,75.05,556.21,54.33,7.83,109560175.27,613.37,6.25,0.01019
2460,Millet,Loamy,Kharif,Sprinkler,38,17,43,5.95,35.16,52.07,273.58,30.91,85.32,1118787550.81,343.99,2.19,0.00637
2461,Sugarcane,Clay,Kharif,Drip,119,75,64,7.49,30.68,77.93,1296.14,85.83,0.95,11421291.93,1890.03,73.12,0.03869
2462,Millet,Loamy,Kharif,Sprinkler,34,44,43,5.95,29.51,34.6,357.64,32.05,79.86,1080426754.34,371.78,3.43,0.00923
2463,Rice,Alluvial,Kharif,Furrow,118,35,36,6.51,32.92,83.92,1300.36,70.68,88.84,241184970.15,1319.82,4.29,0.00325
2464,Cotton,Loamy,Kharif,Sprinkler,77,39,69,5.82,31.7,61.09,848.91,50.28,3.59,28919467.55,991.79,2.16,0.00218
2465,Tomato,Alluvial,Rabi,Furrow,105,59,76,5.8,26.88,57.57,372.51,41.52,3.16,17760673.78,448.78,44.05,0.09815
2466,Millet,Sandy,Zaid,Drip,43,36,31,6.57,30.17,39.32,372.37,36.69,3.3,47812476.39,381.75,2.34,0.00613
2467,Millet,Loamy,Zaid,Rainfed,70,17,40,7.37,27.91,46.04,298.1,38.22,52.28,699531305.46,274.43,2.2,0.00802
2468,Cotton,Black,Kharif,Drip,85,29,71,6.89,26.96,64.91,805.93,38.22,79.0,219212777.36,1009.4,3.73,0.0037
2469,Wheat,Clay,Rabi,Drip,102,60,54,7.01,14.08,59.76,209.75,44.51,7.3,62625192.77,552.45,5.81,0.01052
2470,Rice,Clay,Kharif,Drip,123,39,61,5.84,32.04,89.07,1372.76,86.39,6.08,55011886.67,1451.17,3.45,0.00238
2471,Millet,Red,Kharif,Drip,50,29,53,5.67,35.94,31.32,425.85,22.0,2.12,14617621.6,339.57,2.73,0.00804
2472,Groundnut,Red,Kharif,Sprinkler,31,35,41,6.68,28.14,60.52,371.19,46.75,9.81,94581342.66,560.56,2.62,0.00467
2473,Groundnut,Laterite,Kharif,Drip,33,60,73,6.51,30.64,54.53,617.48,50.4,73.87,1024707521.84,627.56,2.77,0.00441
2474,Cotton,Loamy,Kharif,Sprinkler,68,59,39,6.93,24.29,65.99,921.35,43.75,98.93,818085641.61,721.43,2.67,0.0037
2475,Sugarcane,Loamy,Zaid,Flood,144,55,105,7.6,25.31,77.67,1346.47,63.97,91.67,712884344.49,1623.2,83.68,0.05155
2476,Cotton,Alluvial,Kharif,Furrow,72,58,37,6.07,30.04,53.82,703.25,64.83,4.21,19061210.32,1103.56,1.84,0.00167
2477,Maize,Alluvial,Kharif,Furrow,109,45,70,6.02,29.66,75.38,561.3,40.91,4.57,14533677.41,722.11,3.86,0.00535
2478,Wheat,Clay,Rabi,Drip,68,53,31,6.39,16.06,63.39,56.07,40.53,8.3,30838672.6,514.32,3.23,0.00628
2479,Rice,Clay,Kharif,Drip,126,60,66,6.11,28.92,81.25,618.36,62.87,3.62,28273600.22,1622.95,5.79,0.00357
2480,Wheat,Clay,Rabi,Flood,61,52,65,6.2,13.07,55.85,224.29,42.42,1.12,15613011.39,582.19,4.66,0.008
2481,Maize,Black,Kharif,Sprinkler,97,33,55,6.57,20.62,61.83,628.41,65.43,93.64,282947605.85,758.02,4.83,0.00637
2482,Sugarcane,Black,Zaid,Furrow,99,75,71,6.15,30.49,91.95,904.35,70.42,5.7,69767271.42,1495.46,61.3,0.04099
2483,Millet,Sandy,Kharif,Rainfed,79,44,20,7.07,28.91,52.96,203.75,33.43,21.81,202757892.89,417.63,1.54,0.00369
2484,Rice,Clay,Kharif,Drip,136,69,54,6.58,27.29,84.2,1435.73,61.5,7.22,20030415.84,1258.8,3.45,0.00274
2485,Cotton,Alluvial,Kharif,Furrow,66,50,77,7.93,31.44,69.74,936.98,50.85,1.59,12165309.25,1025.28,1.93,0.00188
2486,Maize,Loamy,Rabi,Sprinkler,92,60,51,7.16,31.4,68.26,656.06,41.11,11.04,76430011.23,615.66,5.41,0.00879
2487,Maize,Loamy,Rabi,Rainfed,112,32,32,6.1,29.91,55.75,443.27,44.87,5.42,78182559.19,548.56,6.18,0.01127
2488,Rice,Loamy,Kharif,Flood,87,58,48,5.7,29.54,75.98,1238.02,64.37,5.12,29201717.0,1347.79,5.12,0.0038
2489,Cotton,Alluvial,Kharif,Furrow,85,43,52,6.54,22.18,60.73,660.91,61.33,69.72,527472900.7,718.23,2.45,0.00341
2490,Maize,Black,Kharif,Sprinkler,71,48,52,6.62,28.6,65.19,601.22,65.79,2.63,16182951.28,555.73,5.15,0.00927
2491,Rice,Alluvial,Kharif,Flood,126,62,42,6.41,24.79,73.96,926.33,74.09,5.75,44267261.18,1435.88,4.19,0.00292
2492,Tomato,Laterite,Rabi,Furrow,72,55,49,5.91,24.51,65.67,562.37,59.98,38.33,419227152.7,520.87,53.47,0.10266
2493,Maize,Loamy,Rabi,Drip,82,30,58,5.94,22.01,54.42,611.39,52.2,9.51,53950242.49,549.17,5.48,0.00998
2494,Millet,Sandy,Zaid,Sprinkler,41,34,29,5.65,35.79,51.21,308.92,42.22,4.88,58171459.92,344.43,1.59,0.00462
2495,Wheat,Clay,Rabi,Furrow,75,35,49,6.11,24.81,54.87,60.02,48.24,4.91,26625566.75,642.27,4.0,0.00623
2496,Sugarcane,Black,Kharif,Furrow,104,69,81,7.6,35.17,68.79,1434.64,80.26,874.11,2813370282.37,2570.23,55.21,0.02148
2497,Maize,Black,Rabi,Furrow,126,38,70,6.19,23.33,68.31,338.09,57.86,57.24,438228543.88,557.71,4.86,0.00871
2498,Wheat,Clay,Rabi,Furrow,112,57,59,7.39,11.75,68.73,160.13,41.75,4.49,53679371.78,549.67,2.82,0.00513
2499,Rice,Loamy,Kharif,Furrow,104,46,68,6.61,31.76,75.4,650.46,63.97,2.65,19939696.46,1808.97,5.52,0.00305
2500,Groundnut,Red,Rabi,Rainfed,52,52,49,5.51,27.27,67.65,514.39,57.2,0.39,3385239.67,473.65,2.23,0.00471
2501,Tomato,Loamy,Kharif,Furrow,101,61,61,5.81,27.35,68.25,278.83,50.98,6.96,18873556.28,585.51,39.8,0.06797
2502,Millet,Sandy,Zaid,Sprinkler,78,38,44,7.43,26.79,56.19,449.5,28.66,6.29,92216052.19,408.14,2.24,0.00549
2503,Cotton,Loamy,Kharif,Furrow,108,63,72,6.52,32.52,49.87,989.44,60.93,9.47,82671865.16,804.86,2.18,0.00271
2504,Millet,Sandy,Zaid,Drip,53,39,25,6.0,35.81,58.28,401.48,32.74,8.66,124584196.62,301.45,2.94,0.00975
2505,Groundnut,Laterite,Kharif,Sprinkler,32,40,36,7.0,22.4,51.05,597.55,53.51,5.48,18434886.4,512.45,1.69,0.0033
2506,Sugarcane,Loamy,Zaid,Drip,147,60,54,7.12,30.88,93.69,1588.71,88.35,4.86,14403662.94,1468.49,64.6,0.04399
2507,Rice,Loamy,Kharif,Furrow,92,48,50,6.71,27.91,71.2,1140.04,70.74,3.35,29029967.2,1705.29,5.87,0.00344
2508,Tomato,Red,Zaid,Sprinkler,57,41,65,5.57,27.06,57.37,248.21,52.69,9.63,135589664.1,600.72,41.3,0.06875
2509,Millet,Sandy,Kharif,Rainfed,63,39,39,6.33,25.53,37.69,410.8,41.25,6.46,77731905.12,294.81,1.41,0.00478
2510,Rice,Alluvial,Kharif,Drip,86,60,59,5.56,32.67,92.95,1135.84,68.54,9.35,116723580.77,1513.65,5.76,0.00381
2511,Groundnut,Loamy,Kharif,Rainfed,25,35,66,7.0,25.83,58.53,684.75,40.02,7.96,31859559.58,557.04,1.5,0.00269
2512,Rice,Alluvial,Kharif,Furrow,98,35,58,5.97,26.71,84.55,1552.55,63.66,586.99,5854451740.46,1711.41,4.74,0.00277
2513,Sugarcane,Loamy,Kharif,Furrow,146,57,62,7.01,30.6,68.6,1109.96,83.12,1.92,5507563.65,2165.93,88.97,0.04108
2514,Millet,Loamy,Zaid,Drip,60,15,48,7.27,27.33,32.3,225.19,20.71,5.53,69768723.71,436.35,2.18,0.005
2515,Sugarcane,Alluvial,Kharif,Furrow,133,58,76,7.12,24.12,74.0,926.7,65.02,9.83,141076446.97,1750.62,61.11,0.03491
2516,Cotton,Black,Kharif,Drip,95,38,37,6.32,23.2,63.74,600.31,37.55,4.4,14489760.39,704.29,2.83,0.00402
2517,Wheat,Clay,Rabi,Sprinkler,74,55,34,6.79,13.61,54.56,195.72,53.15,4.97,55339748.02,571.27,5.07,0.00887
2518,Wheat,Loamy,Rabi,Flood,98,35,34,6.4,16.71,53.95,183.46,47.09,2.87,14894889.38,493.13,5.55,0.01125
2519,Groundnut,Red,Rabi,Drip,52,28,33,5.98,27.92,73.1,657.51,33.16,7.97,41330904.31,472.96,2.15,0.00455
2520,Sugarcane,Black,Zaid,Furrow,120,60,107,6.06,35.3,72.03,830.53,82.25,5.15,74016687.56,1903.14,70.72,0.03716
2521,Tomato,Laterite,Kharif,Sprinkler,84,59,46,5.65,28.4,65.01,520.89,56.38,74.86,850828290.29,422.08,49.78,0.11794
2522,Millet,Sandy,Zaid,Sprinkler,81,48,57,5.84,25.24,36.87,372.34,41.78,5.16,18098065.22,439.65,2.37,0.00539
2523,Sugarcane,Loamy,Kharif,Flood,153,52,59,7.09,25.69,78.89,822.93,71.7,57.02,488751443.37,2220.97,52.03,0.02343
2524,Groundnut,Loamy,Rabi,Sprinkler,56,48,32,6.17,27.47,69.5,664.51,36.14,94.59,575545878.7,517.59,2.84,0.00549
2525,Millet,Loamy,Kharif,Drip,59,33,47,6.63,35.31,30.61,371.69,28.66,688.52,3081561203.4,455.72,1.76,0.00386
2526,Millet,Red,Kharif,Rainfed,64,15,39,5.72,33.01,54.46,177.47,21.22,49.11,638716099.4,265.57,1.59,0.00599
2527,Cotton,Loamy,Kharif,Sprinkler,79,51,74,7.8,30.87,45.0,686.38,40.41,5.51,19727744.69,1130.91,2.56,0.00226
2528,Wheat,Clay,Rabi,Sprinkler,64,60,63,6.78,21.68,61.39,152.0,59.01,4.39,22855895.87,490.34,3.24,0.00661
2529,Rice,Loamy,Kharif,Flood,126,59,57,6.58,26.5,85.59,813.44,60.43,7.0,75962601.25,1541.03,4.64,0.00301
2530,Cotton,Black,Kharif,Sprinkler,91,61,72,7.85,21.92,59.86,961.62,43.07,8.64,81641665.8,667.44,1.64,0.00246
2531,Sugarcane,Alluvial,Kharif,Furrow,139,40,60,7.35,32.31,86.81,1419.95,74.09,69.98,555722720.87,1709.65,59.92,0.03505
2532,Groundnut,Sandy,Rabi,Sprinkler,60,40,41,6.56,29.35,74.79,501.6,56.17,4.06,32332315.56,415.61,1.8,0.00433
2533,Rice,Loamy,Kharif,Flood,99,65,65,5.74,30.02,91.44,1534.93,86.83,5.15,72245592.69,1376.6,3.33,0.00242
2534,Tomato,Loamy,Kharif,Furrow,60,57,40,6.78,22.07,75.91,571.22,40.16,4.15,42364582.75,432.18,43.17,0.09989
2535,Maize,Black,Kharif,Furrow,115,42,61,6.35,20.06,51.98,436.91,68.62,407.51,5360389804.9,664.26,5.14,0.00774
2536,Cotton,Alluvial,Kharif,Furrow,88,29,45,7.79,31.76,67.58,877.85,53.38,216.02,1510450413.96,1038.36,2.79,0.00269
2537,Maize,Red,Rabi,Rainfed,102,58,44,6.03,27.33,56.44,356.05,55.41,616.06,3462857600.81,774.64,4.12,0.00532
2538,Wheat,Clay,Rabi,Flood,103,48,62,7.11,11.57,50.69,58.84,53.58,5.87,40658570.42,427.78,4.59,0.01073
2539,Rice,Clay,Kharif,Drip,97,36,55,6.77,25.18,76.71,1283.97,77.95,8.8,46958890.35,1467.91,4.74,0.00323
2540,Groundnut,Red,Kharif,Sprinkler,43,35,38,5.87,24.88,63.8,379.08,32.67,110.8,1227167508.01,622.55,2.74,0.0044
2541,Cotton,Loamy,Kharif,Furrow,108,46,76,7.53,28.72,71.92,946.53,50.91,6.96,74001608.54,923.36,1.62,0.00175
2542,Groundnut,Red,Kharif,Sprinkler,26,59,65,5.92,24.11,51.73,509.96,31.25,1.91,17702207.69,661.25,1.76,0.00266
2543,Groundnut,Laterite,Rabi,Drip,50,51,57,6.43,25.36,66.43,399.91,36.59,2.33,9210786.58,558.18,2.17,0.00389
2544,Millet,Sandy,Zaid,Sprinkler,74,26,41,6.45,26.21,45.98,159.79,44.26,2.07,24107003.53,379.86,2.03,0.00534
2545,Wheat,Clay,Rabi,Sprinkler,69,47,51,6.41,11.45,50.38,200.2,40.62,6.04,66052134.57,526.99,4.27,0.0081
2546,Millet,Sandy,Kharif,Drip,60,43,41,7.42,34.49,43.4,346.04,20.51,93.29,1056963410.04,413.03,1.59,0.00385
2547,Wheat,Loamy,Rabi,Furrow,70,63,31,7.42,12.13,41.0,162.72,33.41,7.43,68124576.25,511.42,4.51,0.00882
2548,Rice,Loamy,Kharif,Drip,128,40,44,6.33,32.86,80.47,1299.33,75.05,57.75,776307290.25,1306.5,4.94,0.00378
2549,Cotton,Loamy,Kharif,Sprinkler,67,49,44,6.18,27.81,61.1,691.88,39.47,7.07,62249430.98,713.2,1.86,0.00261
2550,Sugarcane,Alluvial,Kharif,Furrow,139,73,108,6.81,35.62,74.78,1080.6,82.13,9.77,42830301.11,2427.41,68.26,0.02812
2551,Sugarcane,Black,Kharif,Flood,151,81,52,6.92,34.68,88.29,804.1,82.21,5.58,31363516.51,1549.01,62.68,0.04046
2552,Tomato,Alluvial,Rabi,Sprinkler,67,64,58,6.78,18.41,59.69,439.04,54.76,0.9,12416920.29,550.79,64.38,0.11689
2553,Millet,Red,Zaid,Drip,72,21,49,7.04,33.54,30.24,257.35,41.7,8.02,42515930.02,332.69,2.62,0.00788
2554,Cotton,Loamy,Kharif,Sprinkler,112,48,33,7.13,30.93,50.41,644.31,56.0,21.67,270922548.15,1005.01,2.04,0.00203
2555,Tomato,Red,Kharif,Drip,51,61,45,6.49,18.39,59.39,322.93,47.56,5.51,34500526.33,390.69,36.87,0.09437
2556,Wheat,Loamy,Rabi,Furrow,119,38,35,6.94,16.03,48.62,220.82,49.92,2.74,21727506.49,512.5,5.78,0.01128
2557,Cotton,Black,Kharif,Furrow,78,45,46,5.96,26.39,46.57,682.6,64.03,3.13,8579543.03,972.85,3.62,0.00372
2558,Maize,Black,Kharif,Drip,105,44,50,6.8,22.4,50.65,607.61,44.8,20.28,67829988.14,790.86,6.28,0.00794
2559,Tomato,Alluvial,Rabi,Drip,69,51,55,6.5,19.19,77.23,257.46,63.25,0.76,7513228.23,440.08,52.85,0.12009
2560,Rice,Loamy,Kharif,Furrow,130,38,54,6.16,27.26,86.28,1508.53,70.66,2.43,9281844.16,1478.76,5.22,0.00353
2561,Wheat,Clay,Rabi,Sprinkler,68,46,37,6.1,15.72,62.73,232.02,43.03,71.93,578518026.96,551.14,4.41,0.008
2562,Rice,Loamy,Kharif,Drip,83,44,44,6.71,24.42,77.54,826.64,63.91,5.0,12742000.66,1652.32,3.26,0.00197
2563,Cotton,Alluvial,Kharif,Drip,74,40,37,6.2,29.28,50.12,819.42,62.47,0.31,2311927.92,751.58,2.65,0.00353
2564,Millet,Loamy,Kharif,Drip,41,39,34,5.78,32.49,43.75,370.3,33.76,6.97,62170337.0,338.03,2.46,0.00728
2565,Cotton,Alluvial,Kharif,Furrow,90,47,36,6.04,27.85,47.49,617.08,40.68,8.34,98482735.27,963.94,3.5,0.00363
2566,Groundnut,Loamy,Kharif,Rainfed,57,29,56,6.06,24.78,74.07,422.26,57.44,62.74,472574998.95,500.03,2.16,0.00432
2567,Maize,Alluvial,Kharif,Rainfed,121,44,45,6.48,31.96,60.63,711.3,48.32,7.91,26751658.35,548.05,5.6,0.01022
2568,Groundnut,Loamy,Rabi,Rainfed,55,42,53,5.88,31.26,72.86,530.84,36.53,56.93,455203601.35,556.22,1.95,0.00351
2569,Sugarcane,Loamy,Zaid,Flood,138,51,90,6.99,33.4,78.56,1474.83,66.51,6.11,28100745.59,1688.66,76.18,0.04511
2570,Maize,Red,Rabi,Sprinkler,95,41,66,6.02,24.62,61.59,540.2,52.31,0.35,2946524.73,685.31,5.35,0.00781
2571,Wheat,Clay,Rabi,Furrow,72,48,66,6.36,23.81,46.52,244.29,42.6,9.4,109299888.41,566.34,2.48,0.00438
2572,Groundnut,Laterite,Kharif,Sprinkler,50,25,64,6.3,28.43,69.2,525.08,36.54,6.39,90282172.0,429.93,2.74,0.00637
2573,Cotton,Alluvial,Kharif,Sprinkler,73,44,39,7.55,22.36,54.21,729.29,45.22,1.59,9148677.13,718.81,1.68,0.00234
2574,Wheat,Loamy,Rabi,Sprinkler,85,48,70,6.1,22.56,57.63,229.67,59.5,24.36,228239254.48,617.72,4.57,0.0074
2575,Groundnut,Laterite,Rabi,Drip,67,28,61,6.21,29.76,74.77,655.66,39.35,5.47,58349153.49,488.39,3.0,0.00614
2576,Cotton,Black,Kharif,Furrow,71,43,36,7.29,29.25,72.17,871.33,46.91,41.27,426288400.47,673.18,1.59,0.00236
2577,Maize,Black,Rabi,Drip,127,45,36,6.32,31.36,52.4,302.17,43.11,7.48,28032815.28,812.55,3.61,0.00444
2578,Tomato,Loamy,Zaid,Drip,78,71,69,6.28,20.93,66.73,278.61,41.47,201.79,1557712813.75,480.98,42.86,0.08911
2579,Tomato,Alluvial,Kharif,Sprinkler,98,52,57,6.44,24.52,75.92,527.79,41.54,966.9,7855230626.35,555.99,44.48,0.08
2580,Sugarcane,Black,Zaid,Flood,126,79,105,6.18,29.76,68.88,926.42,71.5,17.11,167125032.39,2250.58,92.6,0.04114
2581,Groundnut,Red,Kharif,Rainfed,29,51,45,6.69,29.12,61.24,511.62,58.95,828.65,10951199468.05,473.84,2.02,0.00426
2582,Maize,Alluvial,Rabi,Rainfed,99,59,50,6.48,31.14,74.28,364.96,61.17,2.91,42709559.68,579.06,4.41,0.00762
2583,Millet,Loamy,Kharif,Sprinkler,61,29,47,5.7,25.89,36.93,169.6,42.46,8.98,46693132.87,259.16,2.66,0.01026
2584,Maize,Alluvial,Kharif,Furrow,125,48,51,5.82,30.4,67.36,717.18,68.91,7.17,27204736.09,696.47,4.09,0.00587
2585,Sugarcane,Clay,Kharif,Furrow,101,42,106,7.43,31.81,87.9,1241.12,85.66,8.14,119683756.04,2322.29,99.02,0.04264
2586,Wheat,Loamy,Rabi,Furrow,71,38,52,6.67,19.75,55.39,63.49,44.46,6.42,60642438.44,516.57,4.85,0.00939
2587,Sugarcane,Alluvial,Kharif,Flood,104,49,108,7.22,26.38,91.85,1402.46,75.63,3.43,36168216.44,1602.61,92.09,0.05746
2588,Sugarcane,Loamy,Kharif,Flood,100,45,95,7.12,31.34,90.36,1037.91,77.39,0.27,1186747.12,1706.65,68.09,0.0399
2589,Wheat,Loamy,Rabi,Flood,73,43,42,6.23,20.03,59.54,239.0,57.61,2.81,40373300.97,489.35,5.6,0.01144
2590,Sugarcane,Alluvial,Zaid,Drip,137,63,69,6.01,24.08,81.38,863.61,74.36,87.55,691532584.57,1621.26,73.57,0.04538
2591,Groundnut,Loamy,Kharif,Rainfed,51,48,75,5.97,22.71,59.7,531.3,41.62,6.95,92568259.55,420.83,2.83,0.00672
2592,Wheat,Loamy,Rabi,Drip,115,33,60,6.08,11.36,59.31,238.17,34.0,55.51,467138248.76,484.44,2.74,0.00566
2593,Wheat,Alluvial,Rabi,Sprinkler,68,37,62,6.97,14.29,68.41,129.5,34.23,7.58,45778029.95,406.52,5.89,0.01449
2594,Tomato,Laterite,Rabi,Sprinkler,64,41,81,6.66,22.54,76.6,569.08,61.01,3.2,44084476.5,399.83,69.76,0.17447
2595,Wheat,Loamy,Rabi,Drip,63,33,58,7.42,19.12,41.41,52.98,45.12,3.63,45450399.77,662.44,5.53,0.00835
2596,Millet,Loamy,Kharif,Rainfed,81,25,47,7.38,31.76,51.06,154.65,31.39,3.21,39926984.37,447.81,3.0,0.0067
2597,Tomato,Loamy,Zaid,Drip,72,64,73,5.93,27.58,76.87,340.02,42.78,3.06,22596183.15,398.69,55.31,0.13873
2598,Maize,Alluvial,Kharif,Sprinkler,108,31,44,6.24,23.41,68.7,441.81,67.51,6.42,30043461.33,674.52,4.82,0.00715
2599,Sugarcane,Alluvial,Kharif,Drip,96,45,88,7.64,30.35,86.05,954.75,74.05,1.39,7589392.44,1700.21,101.78,0.05986
2600,Tomato,Loamy,Rabi,Drip,59,56,45,5.71,20.43,61.06,278.86,37.63,7.51,47423085.63,433.9,69.54,0.16027
2601,Sugarcane,Clay,Kharif,Furrow,95,43,65,6.53,22.1,81.57,1195.0,69.61,4.75,54267165.12,2135.2,72.4,0.03391
2602,Millet,Loamy,Kharif,Drip,44,15,53,5.95,34.98,59.15,225.76,40.04,785.22,10239361246.41,346.24,1.47,0.00425
2603,Rice,Alluvial,Kharif,Drip,112,61,51,6.56,28.32,78.66,1492.42,68.75,1.43,12860763.73,1356.34,3.46,0.00255
2604,Tomato,Laterite,Kharif,Furrow,51,50,53,5.64,25.37,62.11,458.98,49.69,5.18,44697351.77,445.9,37.72,0.08459
2605,Groundnut,Red,Rabi,Rainfed,51,41,49,6.83,26.18,65.76,370.65,51.3,6.12,51099587.95,424.89,1.52,0.00358
2606,Millet,Loamy,Zaid,Drip,55,30,22,5.77,30.48,38.89,228.31,36.08,35.04,281319600.18,275.46,2.62,0.00951
2607,Maize,Alluvial,Kharif,Furrow,115,51,60,7.01,20.37,79.43,783.41,41.07,0.25,2434184.2,521.69,5.32,0.0102
2608,Sugarcane,Black,Kharif,Drip,94,78,54,6.84,33.18,68.02,1166.61,87.5,1.66,18232034.83,1867.21,81.0,0.04338
2609,Cotton,Black,Kharif,Drip,73,33,73,5.85,26.5,52.15,513.55,41.5,4.46,60093554.52,907.56,2.35,0.00259
2610,Sugarcane,Clay,Zaid,Flood,135,82,89,6.93,26.27,92.09,1094.36,77.13,4.68,57326992.76,1777.36,81.13,0.04565
2611,Sugarcane,Black,Kharif,Flood,133,83,75,6.25,26.44,92.17,950.53,69.53,4.89,52567341.61,2048.38,58.6,0.02861
2612,Rice,Alluvial,Kharif,Furrow,111,41,46,6.33,28.05,94.51,1428.45,81.01,4.53,62753758.02,1556.99,5.74,0.00369
2613,Cotton,Black,Kharif,Sprinkler,92,38,64,6.68,21.12,66.1,967.02,60.79,7.19,66591515.7,847.36,1.54,0.00182
2614,Rice,Clay,Kharif,Furrow,115,60,45,6.41,33.45,88.19,859.53,73.96,23.31,308897269.21,1553.16,3.16,0.00203
2615,Cotton,Black,Kharif,Drip,101,28,74,7.55,34.05,68.48,759.01,49.31,6.47,41011337.46,834.63,3.26,0.00391
2616,Wheat,Alluvial,Rabi,Furrow,66,59,41,7.03,10.46,55.59,67.09,52.85,2.37,14862244.96,542.92,4.06,0.00748
2617,Maize,Loamy,Rabi,Sprinkler,75,62,33,6.07,22.59,53.79,359.12,66.37,0.74,2349760.31,802.44,5.65,0.00704
2618,Groundnut,Red,Rabi,Drip,34,48,54,6.77,29.65,71.96,540.72,36.41,3.89,21973011.4,544.03,3.14,0.00577
2619,Tomato,Loamy,Rabi,Sprinkler,109,35,43,5.81,23.68,51.14,237.17,62.02,0.4,5150038.84,642.1,47.48,0.07394
2620,Maize,Red,Rabi,Sprinkler,79,37,69,6.75,26.29,61.77,569.64,47.49,4.23,49635114.29,719.34,6.77,0.00941
2621,Wheat,Clay,Rabi,Furrow,94,55,37,7.05,22.29,42.83,229.19,58.24,6.61,41613715.01,582.89,2.65,0.00455
2622,Tomato,Alluvial,Rabi,Drip,94,48,68,6.18,22.66,62.36,381.24,49.32,7.8,97452730.69,529.03,54.26,0.10257
2623,Millet,Sandy,Kharif,Rainfed,67,20,51,5.97,29.84,57.61,184.99,30.0,5.91,19698165.62,248.37,2.95,0.01188
2624,Millet,Loamy,Kharif,Sprinkler,54,36,36,6.87,25.93,60.09,382.63,29.74,12.61,79214089.51,339.01,2.84,0.00838
2625,Millet,Sandy,Zaid,Drip,83,50,51,6.39,31.02,49.29,196.97,34.58,752.84,4077106393.23,369.66,1.85,0.005
2626,Wheat,Clay,Rabi,Flood,98,35,55,7.26,16.69,45.16,94.95,44.29,1.26,8465913.1,553.49,6.09,0.011
2627,Groundnut,Loamy,Kharif,Rainfed,64,43,38,6.78,26.8,73.15,562.87,36.12,534.57,4992201213.19,510.88,3.1,0.00607
2628,Tomato,Loamy,Rabi,Drip,107,54,83,5.99,24.82,60.53,525.42,63.44,74.41,307304568.0,564.34,49.31,0.08738
2629,Millet,Sandy,Zaid,Drip,90,19,49,6.68,25.39,41.23,296.45,36.04,2.96,12784935.45,269.24,2.19,0.00813
2630,Millet,Red,Kharif,Rainfed,79,42,60,7.22,35.44,32.64,363.25,22.13,1.2,13741793.46,433.7,2.85,0.00657
2631,Groundnut,Red,Kharif,Sprinkler,51,60,65,6.81,30.7,67.33,474.56,45.74,92.16,516058744.54,659.19,1.77,0.00269
2632,Rice,Alluvial,Kharif,Drip,122,38,62,6.32,31.56,92.63,826.27,70.92,5.16,51297182.87,1436.85,5.75,0.004
2633,Sugarcane,Clay,Kharif,Flood,147,44,75,7.73,26.87,87.22,1536.34,67.22,0.92,3751468.25,1736.42,67.4,0.03882
2634,Millet,Sandy,Zaid,Rainfed,76,47,33,6.46,26.4,54.44,245.3,23.38,7.29,45410421.4,306.98,2.59,0.00844
2635,Sugarcane,Black,Zaid,Furrow,149,77,88,7.09,27.27,86.55,1327.36,67.42,4.14,26594466.98,2141.67,87.96,0.04107
2636,Wheat,Clay,Rabi,Sprinkler,79,54,36,7.11,18.84,64.76,185.79,54.52,3.8,37054087.14,579.69,3.02,0.00521
2637,Cotton,Loamy,Kharif,Sprinkler,87,34,67,6.38,30.16,70.23,532.58,52.34,2.84,27874028.1,926.39,2.93,0.00316
2638,Tomato,Loamy,Rabi,Sprinkler,88,46,69,6.18,18.94,67.73,262.65,64.88,19.1,269190392.9,463.99,59.06,0.12729
2639,Rice,Clay,Kharif,Furrow,100,43,69,6.27,28.86,72.92,758.65,84.09,27.08,238679304.44,1631.75,4.02,0.00246
2640,Wheat,Loamy,Rabi,Sprinkler,82,51,53,7.28,21.15,48.61,166.03,57.07,8.03,88969713.57,484.34,3.46,0.00714
2641,Millet,Red,Kharif,Sprinkler,77,39,29,5.54,34.62,49.13,244.08,37.58,6.57,34655060.72,462.24,3.24,0.00701
2642,Millet,Red,Kharif,Drip,67,25,23,6.96,29.86,57.78,340.72,20.07,9.33,116813402.82,389.91,2.61,0.00669
2643,Wheat,Alluvial,Rabi,Furrow,103,33,62,6.13,11.37,47.65,234.51,52.5,805.04,3290218885.79,549.72,3.4,0.00618
2644,Rice,Loamy,Kharif,Flood,101,45,51,6.26,26.77,77.78,1118.44,85.36,99.61,798836234.73,1644.63,6.43,0.00391
2645,Maize,Red,Rabi,Sprinkler,119,60,43,5.82,21.58,53.21,315.91,61.44,69.95,227087624.24,660.97,3.93,0.00595
2646,Millet,Loamy,Zaid,Drip,31,41,61,6.12,26.04,30.09,333.45,35.52,7.84,52004585.98,321.34,3.28,0.01021
2647,Wheat,Clay,Rabi,Drip,92,50,60,7.43,13.98,40.64,96.18,31.32,97.77,1376253183.45,607.51,3.98,0.00655
2648,Millet,Sandy,Kharif,Drip,49,25,63,6.5,28.6,33.76,429.57,23.09,5.37,29168127.08,402.63,1.59,0.00395
2649,Wheat,Clay,Rabi,Sprinkler,96,63,54,6.47,15.64,41.37,109.16,56.48,6.83,24003110.33,638.56,4.78,0.00749
2650,Wheat,Clay,Rabi,Flood,98,35,38,6.05,22.67,53.2,62.16,47.34,3.01,29155799.92,551.98,3.71,0.00672
2651,Cotton,Loamy,Kharif,Drip,57,62,62,7.4,28.1,46.9,551.61,63.34,6.94,96380891.33,1084.55,2.31,0.00213
2652,Rice,Clay,Kharif,Furrow,140,63,38,6.57,26.72,93.43,1469.2,82.87,4.73,53768486.3,1120.75,3.3,0.00294
2653,Rice,Loamy,Kharif,Furrow,95,36,43,6.52,28.01,83.36,808.62,70.02,6.96,102977586.26,1445.78,3.82,0.00264
2654,Sugarcane,Black,Kharif,Drip,118,84,106,7.59,28.78,68.71,1067.9,77.62,1.93,6616061.06,2502.31,116.57,0.04658
2655,Maize,Red,Kharif,Drip,77,49,41,6.85,21.83,56.82,353.47,61.87,87.35,940145331.12,617.82,5.73,0.00927
2656,Maize,Alluvial,Kharif,Sprinkler,115,50,35,6.21,26.43,57.93,552.96,68.58,9.03,44429868.61,591.99,6.12,0.01034
2657,Wheat,Clay,Rabi,Furrow,64,46,64,6.87,18.54,42.05,132.98,51.63,311.85,3406685576.64,591.69,4.8,0.00811
2658,Millet,Red,Kharif,Rainfed,80,16,29,7.43,29.47,34.07,156.38,30.31,95.7,687280955.21,462.11,2.25,0.00487
2659,Groundnut,Red,Rabi,Drip,39,43,35,6.45,23.86,51.49,647.3,53.96,45.86,377107413.37,425.46,2.23,0.00524
2660,Wheat,Alluvial,Rabi,Furrow,81,45,61,6.53,23.82,42.22,194.08,57.87,72.26,786951725.07,516.19,4.52,0.00876
2661,Groundnut,Red,Kharif,Drip,50,25,44,5.57,24.93,74.66,679.1,50.55,0.57,7013739.79,443.07,2.14,0.00483
2662,Tomato,Red,Zaid,Furrow,79,74,44,6.88,21.4,61.49,332.28,44.86,0.87,9939616.19,633.62,70.27,0.1109
2663,Cotton,Alluvial,Kharif,Drip,107,31,65,7.39,28.01,45.69,626.59,60.16,7.36,53576410.03,1082.67,3.59,0.00332
2664,Millet,Loamy,Kharif,Rainfed,39,25,26,6.35,27.58,42.02,389.87,35.37,6.93,35400127.88,295.62,2.61,0.00883
2665,Rice,Clay,Kharif,Furrow,99,54,37,6.05,29.69,85.04,658.51,73.61,0.61,6431371.36,1371.28,3.44,0.00251
2666,Cotton,Loamy,Kharif,Sprinkler,118,60,80,6.59,30.53,64.06,583.58,46.65,5.84,26829356.22,949.13,2.54,0.00268
2667,Sugarcane,Clay,Zaid,Flood,155,47,57,6.34,25.58,87.53,1219.53,75.11,8.16,35291104.82,1722.93,75.53,0.04384
2668,Tomato,Laterite,Kharif,Furrow,67,51,75,6.22,25.37,51.0,225.6,63.15,2.16,31734419.0,445.49,30.36,0.06815
2669,Tomato,Red,Rabi,Sprinkler,64,45,74,6.91,19.4,73.22,332.71,55.39,96.0,1305229596.26,474.99,53.21,0.11202
2670,Sugarcane,Loamy,Zaid,Furrow,108,63,109,7.47,27.77,83.0,1285.62,83.24,5.3,42680172.13,2051.04,99.07,0.0483
2671,Maize,Black,Rabi,Rainfed,119,52,51,6.01,24.48,75.2,758.37,48.01,941.89,13546169606.95,606.34,4.99,0.00823
2672,Wheat,Alluvial,Rabi,Drip,112,43,54,6.16,13.25,46.4,174.41,51.27,88.75,1236760845.31,581.71,3.58,0.00615
2673,Sugarcane,Loamy,Kharif,Drip,141,73,103,6.23,25.17,68.08,1569.1,73.99,7.06,101546226.22,1846.56,51.17,0.02771
2674,Millet,Sandy,Kharif,Drip,72,38,63,7.08,34.1,40.47,285.55,23.4,95.77,1209452506.8,420.74,2.78,0.00661
2675,Rice,Alluvial,Kharif,Flood,117,41,37,5.89,28.6,92.52,972.94,68.68,29.37,208014557.34,1496.71,6.27,0.00419
2676,Rice,Clay,Kharif,Furrow,92,67,43,6.53,25.53,73.52,1028.45,69.74,90.12,1029577017.79,1285.78,5.59,0.00435
2677,Tomato,Laterite,Rabi,Furrow,107,39,42,6.78,28.97,78.19,243.12,61.47,2.0,7252756.12,497.05,28.51,0.05736
2678,Maize,Red,Kharif,Furrow,126,57,69,7.09,23.05,68.63,549.85,54.88,86.22,659529292.61,483.05,5.98,0.01238
2679,Tomato,Laterite,Zaid,Furrow,106,62,89,5.75,19.08,76.8,402.65,51.18,75.77,777978223.36,393.8,51.83,0.13162
2680,Groundnut,Loamy,Rabi,Rainfed,53,25,56,5.54,25.44,61.45,525.08,32.98,6.7,48409804.43,571.96,1.84,0.00322
2681,Wheat,Loamy,Rabi,Drip,74,37,64,6.37,19.05,56.07,83.73,50.45,609.57,3702328861.4,575.61,4.44,0.00771
2682,Rice,Alluvial,Kharif,Furrow,96,50,61,5.6,28.59,89.79,1144.58,76.96,0.22,640914.31,1682.78,6.76,0.00402
2683,Tomato,Loamy,Zaid,Drip,103,40,85,6.03,28.37,51.11,305.07,43.37,9.1,58141894.63,643.77,40.01,0.06215
2684,Tomato,Laterite,Rabi,Drip,52,49,58,5.95,29.0,56.62,362.06,55.46,13.19,92973024.32,676.52,35.09,0.05187
2685,Sugarcane,Alluvial,Kharif,Furrow,105,72,52,6.13,26.95,91.86,1302.49,76.02,6.6,44067233.93,1437.21,84.57,0.05884
2686,Groundnut,Red,Rabi,Drip,58,40,64,6.53,27.87,59.19,642.15,57.49,281.86,2587969103.99,542.73,2.46,0.00453
2687,Sugarcane,Clay,Kharif,Flood,131,79,60,6.29,25.84,69.29,1064.31,63.5,6.09,22250321.48,2140.58,108.61,0.05074
2688,Wheat,Clay,Rabi,Furrow,67,37,57,7.33,23.27,55.36,105.49,54.84,46.0,649515784.75,675.35,4.76,0.00705
2689,Cotton,Loamy,Kharif,Furrow,116,36,53,6.23,30.18,64.6,745.66,42.82,7.58,34737359.26,1066.08,3.59,0.00337
2690,Wheat,Loamy,Rabi,Flood,72,35,50,7.39,11.24,42.69,241.74,34.77,0.27,3470868.29,481.0,3.85,0.008
2691,Cotton,Alluvial,Kharif,Furrow,77,54,64,6.51,27.14,74.81,887.14,51.62,64.08,494851156.88,765.2,1.96,0.00256
2692,Groundnut,Loamy,Rabi,Drip,69,38,60,6.18,25.6,72.67,476.11,52.69,7.7,110111840.81,449.13,1.7,0.00379
2693,Tomato,Alluvial,Kharif,Drip,64,58,65,6.82,20.6,52.62,538.58,45.5,9.22,102824180.24,570.02,65.55,0.115
2694,Wheat,Clay,Rabi,Flood,111,63,48,6.24,20.08,59.52,59.42,56.98,5.24,24267086.52,637.69,3.81,0.00597
2695,Maize,Red,Kharif,Sprinkler,100,32,70,6.42,24.78,78.05,630.75,44.91,0.29,4131395.5,583.88,6.29,0.01077
2696,Cotton,Black,Kharif,Drip,64,47,35,6.54,34.95,64.77,638.14,57.14,2.45,28638831.36,1121.43,2.26,0.00202
2697,Rice,Alluvial,Kharif,Drip,97,49,53,5.75,24.75,91.29,1456.5,67.29,22.9,257978408.52,1423.8,4.42,0.0031
2698,Maize,Red,Rabi,Drip,110,45,67,7.1,28.47,62.57,797.85,53.48,3.61,44145446.29,574.38,3.24,0.00564
2699,Cotton,Black,Kharif,Drip,78,32,74,6.06,29.07,73.02,535.8,45.49,4.29,47795422.75,1022.54,2.63,0.00257
2700,Millet,Loamy,Zaid,Drip,85,36,25,7.07,33.03,53.56,341.42,23.11,88.85,1284865666.25,358.51,1.81,0.00505
2701,Cotton,Black,Kharif,Furrow,109,25,42,6.28,28.75,53.41,844.07,63.36,9.86,124591155.01,1050.78,2.09,0.00199
2702,Sugarcane,Loamy,Zaid,Furrow,120,71,104,6.42,22.23,86.16,718.85,73.48,3.8,52317119.48,2102.83,76.76,0.0365
2703,Rice,Alluvial,Kharif,Drip,125,69,44,5.6,28.89,93.11,823.37,66.29,4.16,40691469.71,1624.22,5.84,0.0036
2704,Sugarcane,Alluvial,Kharif,Furrow,116,79,77,6.13,27.15,70.39,729.55,67.67,4.63,16551857.18,1690.44,89.45,0.05292
2705,Maize,Red,Kharif,Rainfed,79,47,67,6.04,25.54,52.7,505.9,64.79,3.01,31564680.44,760.35,5.63,0.0074
2706,Millet,Sandy,Kharif,Sprinkler,58,20,42,6.18,30.71,32.01,321.06,32.41,4.95,35544260.08,291.77,1.73,0.00593
2707,Wheat,Clay,Rabi,Sprinkler,90,43,37,6.59,15.12,48.43,126.35,32.08,6.43,90293657.72,488.72,4.72,0.00966
2708,Tomato,Alluvial,Kharif,Sprinkler,84,51,82,5.96,29.22,55.08,533.24,64.0,16.44,114305805.85,617.46,42.8,0.06932
2709,Rice,Loamy,Kharif,Flood,107,37,56,6.3,26.78,79.6,849.53,78.98,9.79,87860753.14,1771.5,3.89,0.0022
2710,Maize,Alluvial,Rabi,Sprinkler,105,54,50,5.86,31.87,59.82,499.64,55.41,7.22,82512318.43,835.82,3.98,0.00476
2711,Sugarcane,Black,Zaid,Flood,132,64,86,6.35,29.54,85.09,1271.83,63.2,2.25,17299022.2,1798.93,64.94,0.0361
2712,Wheat,Clay,Rabi,Drip,91,41,70,6.61,14.11,47.59,153.03,43.68,4.11,38386916.6,525.24,3.64,0.00693
2713,Maize,Black,Rabi,Sprinkler,95,52,41,6.52,26.56,75.4,425.59,67.14,8.32,21951647.31,667.29,4.99,0.00748
2714,Cotton,Loamy,Kharif,Drip,100,63,36,7.62,33.17,54.98,928.86,46.32,8.24,38461164.33,957.38,2.52,0.00263
2715,Rice,Loamy,Kharif,Flood,126,61,69,5.96,27.68,83.73,793.39,85.39,8.62,103542303.67,1484.28,3.72,0.00251
2716,Rice,Alluvial,Kharif,Furrow,127,51,43,6.65,30.43,76.07,746.29,85.25,4.96,18920642.22,1338.7,5.47,0.00409
2717,Groundnut,Sandy,Rabi,Sprinkler,54,44,63,7.0,31.99,72.11,611.66,58.86,42.29,122840789.85,412.89,1.81,0.00438
2718,Rice,Clay,Kharif,Flood,127,66,67,5.67,32.45,88.89,652.22,81.94,5.4,20611245.67,1762.05,3.81,0.00216
2719,Wheat,Loamy,Rabi,Furrow,95,42,60,7.37,17.03,65.23,173.4,36.12,7.1,41077418.93,478.12,6.22,0.01301
2720,Wheat,Clay,Rabi,Drip,115,49,48,7.15,24.73,42.66,171.23,37.6,7.93,65027918.96,562.89,4.99,0.00886
2721,Rice,Alluvial,Kharif,Furrow,84,36,68,5.78,29.01,88.36,723.5,78.26,6.69,41709575.18,1410.0,3.65,0.00259
2722,Maize,Black,Rabi,Furrow,127,48,46,6.2,20.63,72.54,563.87,45.73,60.49,273630852.57,549.48,4.91,0.00894
2723,Tomato,Loamy,Zaid,Sprinkler,54,60,54,6.2,24.88,71.94,236.54,61.01,9.42,127698229.04,431.32,63.71,0.14771
2724,Sugarcane,Loamy,Zaid,Furrow,160,47,73,6.23,22.2,88.78,822.94,69.18,7.58,69264322.69,1549.22,52.16,0.03367
2725,Millet,Sandy,Zaid,Sprinkler,38,31,38,7.05,29.02,41.16,448.14,40.74,290.26,4096501981.3,369.78,2.36,0.00638
2726,Millet,Red,Kharif,Drip,48,15,57,5.78,26.67,55.59,170.8,21.27,7.46,85188404.83,332.34,1.41,0.00424
2727,Millet,Loamy,Kharif,Rainfed,55,26,61,6.36,27.45,64.72,273.4,31.97,2.23,26688618.95,326.34,2.9,0.00889
2728,Millet,Red,Zaid,Rainfed,35,16,23,7.18,34.95,34.75,262.64,36.35,1.65,21842389.26,450.96,1.85,0.0041
2729,Tomato,Loamy,Kharif,Drip,68,55,78,5.96,28.44,52.67,504.97,37.93,0.23,1484061.11,634.22,60.04,0.09467
2730,Maize,Alluvial,Kharif,Rainfed,129,37,47,5.84,30.19,58.24,374.31,66.38,7.18,63647847.15,753.03,4.88,0.00648
2731,Groundnut,Sandy,Kharif,Drip,53,33,50,6.86,30.89,69.45,597.77,44.16,0.46,2441947.42,511.95,2.06,0.00402
2732,Rice,Clay,Kharif,Furrow,125,43,48,6.46,33.72,93.08,1427.72,85.59,70.03,678326781.38,1796.43,3.9,0.00217
2733,Groundnut,Red,Rabi,Drip,63,58,64,5.71,27.96,64.81,571.07,58.24,0.76,6960359.37,493.79,3.31,0.0067
2734,Sugarcane,Clay,Kharif,Drip,100,69,91,6.83,35.95,69.24,884.96,78.76,0.51,2195295.94,2299.43,50.9,0.02214
2735,Tomato,Alluvial,Rabi,Furrow,71,44,46,6.16,27.14,51.41,399.96,49.91,9.33,56891556.37,618.98,74.68,0.12065
2736,Cotton,Black,Kharif,Furrow,97,41,71,6.65,29.56,66.71,830.91,62.64,9.14,132174886.1,731.66,2.19,0.00299
2737,Tomato,Red,Kharif,Sprinkler,70,45,67,5.77,27.93,53.74,375.72,62.21,9.95,64649339.58,447.6,37.95,0.08479
2738,Sugarcane,Clay,Zaid,Drip,103,84,63,7.13,25.81,84.93,1364.26,72.06,47.72,433189943.5,2187.72,85.04,0.03887
2739,Maize,Black,Rabi,Rainfed,87,42,61,6.41,27.63,65.2,702.14,41.64,319.67,3084241000.21,540.07,3.76,0.00696
2740,Millet,Sandy,Kharif,Drip,44,21,43,6.73,27.14,62.65,204.4,23.84,12.97,44339358.94,349.44,1.48,0.00424
2741,Tomato,Laterite,Kharif,Drip,50,38,87,6.14,24.68,50.92,560.36,64.46,6.85,58547476.5,691.97,40.77,0.05892
2742,Groundnut,Sandy,Rabi,Drip,41,45,59,6.3,22.79,70.18,652.49,44.35,1.21,9799113.94,463.2,3.02,0.00652
2743,Millet,Sandy,Kharif,Rainfed,43,16,36,6.49,34.32,46.14,237.3,33.38,6.96,70438263.81,374.9,1.38,0.00368
2744,Cotton,Loamy,Kharif,Sprinkler,96,61,79,6.88,32.24,61.47,852.0,44.3,1.76,16306192.37,749.47,2.76,0.00368
2745,Maize,Red,Kharif,Rainfed,109,45,37,6.71,21.98,72.65,437.62,52.66,99.8,749796019.85,601.27,4.4,0.00732
2746,Wheat,Clay,Rabi,Furrow,60,52,61,7.16,19.1,52.36,240.6,30.34,1.39,14756917.4,483.72,3.17,0.00655
2747,Cotton,Black,Kharif,Drip,94,60,60,6.56,30.24,51.6,503.52,48.37,4.69,61303505.14,1032.85,2.05,0.00198
2748,Groundnut,Sandy,Kharif,Sprinkler,35,53,30,6.32,25.76,61.65,382.02,34.16,3.97,20900686.11,508.85,2.4,0.00472
2749,Cotton,Loamy,Kharif,Furrow,76,59,33,6.34,28.84,63.21,899.83,42.36,8.52,35356451.25,986.07,3.55,0.0036
2750,Maize,Red,Kharif,Rainfed,91,62,69,6.2,25.63,66.51,331.8,61.47,9.62,82890302.18,782.44,5.01,0.0064
2751,Maize,Black,Kharif,Rainfed,125,37,69,7.18,29.49,70.92,439.21,62.89,639.81,9309795788.52,554.95,5.21,0.00939
2752,Rice,Alluvial,Kharif,Drip,82,55,37,6.25,32.35,93.54,1544.44,77.36,1.13,13759616.02,1199.89,5.25,0.00438
2753,Sugarcane,Alluvial,Kharif,Furrow,149,60,107,6.99,32.68,75.1,1389.92,82.59,8.87,67089713.87,2230.58,92.2,0.04133
2754,Rice,Clay,Kharif,Drip,104,48,35,6.5,27.55,81.16,1322.46,72.9,8.63,113412425.76,1499.8,5.13,0.00342
2755,Wheat,Clay,Rabi,Flood,117,37,61,6.63,21.1,56.45,177.3,52.59,50.79,265506184.39,603.16,3.49,0.00579
2756,Wheat,Clay,Rabi,Furrow,65,56,68,7.31,19.97,59.96,126.05,57.08,5.24,19733875.7,634.44,3.8,0.00599
2757,Tomato,Red,Zaid,Furrow,85,74,85,6.93,22.56,65.82,381.65,48.72,9.47,141327189.05,472.07,66.96,0.14184
2758,Tomato,Alluvial,Rabi,Furrow,58,62,61,5.87,20.83,77.89,583.98,35.43,65.0,648597915.15,485.87,65.2,0.13419
2759,Wheat,Loamy,Rabi,Drip,118,39,56,6.91,24.53,61.3,228.42,56.89,8.65,92066090.43,495.13,3.21,0.00648
2760,Maize,Loamy,Rabi,Rainfed,98,59,64,6.32,28.12,66.67,359.99,46.76,724.57,8544497683.21,511.52,5.29,0.01034
2761,Millet,Sandy,Zaid,Sprinkler,55,41,30,5.83,25.92,52.37,251.18,32.95,5.29,15013229.2,258.74,2.54,0.00982
2762,Groundnut,Red,Kharif,Drip,40,40,33,6.23,23.14,54.48,581.75,45.41,8.18,83136610.75,490.09,2.15,0.00439
2763,Millet,Sandy,Zaid,Drip,58,25,55,5.72,25.82,33.54,448.59,43.18,8.24,48702731.01,291.82,2.84,0.00973
2764,Millet,Loamy,Kharif,Drip,67,24,31,7.07,34.21,53.6,255.64,36.33,87.58,974486531.45,452.97,3.22,0.00711
2765,Cotton,Loamy,Kharif,Drip,69,31,79,7.8,21.58,62.71,751.49,59.47,5.11,76150673.5,780.47,2.69,0.00345
2766,Tomato,Alluvial,Zaid,Furrow,75,46,83,5.71,21.45,58.37,573.48,61.41,5.8,33055312.49,536.39,34.54,0.06439
2767,Wheat,Clay,Rabi,Sprinkler,101,62,58,6.22,24.85,52.34,196.59,35.3,9.57,51109132.44,655.86,3.0,0.00457
2768,Tomato,Loamy,Kharif,Drip,51,69,59,5.67,26.07,52.32,416.5,52.22,0.48,2491930.29,698.35,65.37,0.09361
2769,Sugarcane,Black,Kharif,Flood,137,62,97,6.6,24.58,80.92,1324.9,82.66,5.34,21830600.38,1936.94,97.27,0.05022
2770,Sugarcane,Loamy,Kharif,Furrow,157,69,59,6.09,32.85,90.24,781.57,67.72,3.56,31386052.36,1914.83,56.74,0.02963
2771,Maize,Red,Rabi,Rainfed,93,30,32,5.81,31.7,51.64,321.74,66.7,6.47,78583205.13,804.94,3.23,0.00401
2772,Sugarcane,Clay,Zaid,Drip,133,57,59,7.18,26.81,80.26,1263.79,85.97,1.73,8747649.28,2323.03,65.08,0.02802
2773,Millet,Sandy,Zaid,Rainfed,56,43,51,5.8,28.29,32.8,335.46,37.71,47.73,463773376.3,354.25,3.13,0.00884
2774,Millet,Sandy,Zaid,Rainfed,84,42,48,7.2,29.96,61.71,310.9,31.9,5.03,68350543.19,395.64,2.91,0.00736
2775,Millet,Red,Kharif,Drip,82,38,59,7.4,28.98,37.43,433.18,34.62,2.2,20661215.18,318.22,2.63,0.00826
2776,Millet,Sandy,Kharif,Sprinkler,35,34,22,5.52,30.09,36.77,417.5,30.77,6.36,74836386.26,279.37,1.6,0.00573
2777,Groundnut,Loamy,Rabi,Drip,42,58,46,6.47,28.89,70.02,534.5,34.66,4.55,51264787.39,496.55,2.66,0.00536
2778,Millet,Loamy,Zaid,Rainfed,47,46,57,6.45,27.36,30.62,211.62,27.03,3.4,27067290.87,268.01,3.11,0.0116
2779,Millet,Loamy,Zaid,Sprinkler,50,40,61,7.21,34.78,53.37,391.98,29.72,9.45,32091912.36,367.68,1.86,0.00506
2780,Maize,Red,Kharif,Furrow,102,46,69,7.05,21.36,51.86,360.84,60.14,63.4,362673331.09,534.06,4.15,0.00777
2781,Groundnut,Sandy,Kharif,Sprinkler,57,54,57,7.11,23.46,73.47,427.05,40.3,2.33,28565427.26,490.2,2.84,0.00579
2782,Wheat,Alluvial,Rabi,Drip,85,59,69,7.46,10.28,69.64,131.97,44.33,1.98,23995553.81,453.01,5.17,0.01141
2783,Groundnut,Red,Kharif,Sprinkler,56,30,66,6.53,25.61,57.45,484.16,51.05,0.23,1293799.94,536.22,2.67,0.00498
2784,Sugarcane,Clay,Zaid,Drip,152,51,67,6.33,22.02,94.44,1165.14,84.06,36.47,530062051.84,1742.41,90.27,0.05181
2785,Tomato,Laterite,Rabi,Sprinkler,102,66,72,6.42,26.31,67.65,335.46,42.46,924.52,12050622571.04,459.01,33.48,0.07294
2786,Cotton,Black,Kharif,Drip,91,60,77,7.91,29.44,63.92,694.95,56.71,8.39,90686227.57,722.46,2.64,0.00365
2787,Tomato,Red,Kharif,Sprinkler,52,72,48,5.65,20.57,69.06,428.25,47.99,6.07,32367810.21,538.75,44.13,0.08191
2788,Sugarcane,Alluvial,Kharif,Drip,92,53,50,6.78,35.43,66.21,1044.85,64.64,6.28,21906696.99,2404.48,91.24,0.03795
2789,Rice,Loamy,Kharif,Drip,130,67,56,5.87,31.24,87.52,1512.54,63.52,36.78,213189824.87,1632.62,3.62,0.00222
2790,Wheat,Alluvial,Rabi,Sprinkler,99,39,32,6.14,19.9,68.56,56.81,30.69,9.3,103708199.95,523.56,3.96,0.00756
2791,Groundnut,Red,Kharif,Sprinkler,70,28,52,7.1,28.5,73.69,523.3,56.37,4.97,22993775.24,505.43,3.38,0.00669
2792,Cotton,Black,Kharif,Drip,69,43,35,7.35,31.18,46.35,666.41,52.53,3.14,16453772.93,1100.47,3.32,0.00302
2793,Sugarcane,Black,Kharif,Furrow,131,76,105,6.64,24.32,82.55,870.97,67.98,3.36,18762532.15,1661.73,76.93,0.0463
2794,Wheat,Alluvial,Rabi,Flood,78,41,58,7.11,20.71,67.43,240.9,34.41,80.36,1167266258.15,453.22,5.28,0.01165
2795,Sugarcane,Black,Zaid,Flood,153,61,62,6.9,28.17,75.81,904.62,64.19,2.76,39204994.39,2461.81,85.56,0.03475
2796,Groundnut,Sandy,Kharif,Drip,36,36,48,6.51,30.33,74.17,373.87,40.03,6.74,91948273.58,526.93,1.66,0.00315
2797,Maize,Alluvial,Rabi,Drip,94,52,52,6.94,29.88,75.78,559.57,47.25,2.14,23178015.38,503.02,5.64,0.01121
2798,Tomato,Loamy,Rabi,Drip,89,40,90,6.49,23.23,57.0,442.33,36.58,3.04,11964920.58,439.2,41.91,0.09542
2799,Tomato,Loamy,Rabi,Furrow,94,68,81,5.77,25.88,57.01,552.02,43.07,2.14,23024273.91,515.07,35.17,0.06828
2800,Millet,Loamy,Zaid,Rainfed,34,25,54,6.05,26.85,48.68,159.99,40.1,8.12,94875248.41,397.75,1.71,0.0043
2801,Wheat,Clay,Rabi,Drip,92,58,69,6.72,24.24,60.29,219.0,35.77,80.65,996913496.75,672.98,4.15,0.00617
2802,Cotton,Alluvial,Kharif,Sprinkler,96,33,71,7.45,29.29,62.94,940.14,35.3,8.42,76342410.29,782.78,1.74,0.00222
2803,Rice,Loamy,Kharif,Drip,120,47,62,6.31,29.55,78.58,1239.78,86.99,5.19,45682576.44,1684.87,5.56,0.0033
2804,Tomato,Alluvial,Rabi,Sprinkler,105,38,84,5.62,24.13,68.67,540.81,42.97,2.73,17661597.83,625.06,34.21,0.05473
2805,Groundnut,Sandy,Kharif,Drip,46,27,62,5.7,25.95,52.01,546.41,42.25,992.71,7036501381.42,524.35,2.84,0.00542
2806,Groundnut,Laterite,Rabi,Rainfed,41,58,65,6.52,23.99,60.37,652.28,46.6,3.1,12130999.93,535.1,2.55,0.00477
2807,Cotton,Alluvial,Kharif,Drip,107,29,53,7.44,23.54,68.54,862.93,56.85,5.94,56459616.85,768.93,1.98,0.00258
2808,Wheat,Alluvial,Rabi,Drip,92,61,34,6.49,15.14,46.49,222.96,34.9,38.46,313916285.27,613.97,3.82,0.00622
2809,Sugarcane,Clay,Kharif,Drip,109,81,62,6.1,30.88,84.74,1271.19,70.81,4.75,48286863.4,1714.75,100.61,0.05867
2810,Sugarcane,Loamy,Kharif,Flood,96,71,51,7.37,26.52,74.71,1208.27,74.6,8.3,38099760.28,2256.85,102.34,0.04535
2811,Sugarcane,Black,Zaid,Furrow,96,70,54,7.28,27.46,83.6,1295.69,82.37,35.82,228545317.74,2373.48,63.39,0.02671
2812,Cotton,Black,Kharif,Drip,64,37,77,7.54,27.15,72.15,623.32,42.01,5.24,20606659.98,704.27,2.42,0.00344
2813,Wheat,Loamy,Rabi,Flood,74,48,53,6.79,12.44,40.4,178.96,53.19,9.62,64190636.93,610.95,5.32,0.00871
2814,Rice,Loamy,Kharif,Flood,113,43,53,6.4,28.29,92.02,767.28,72.66,34.33,466185181.72,1373.59,3.6,0.00262
2815,Groundnut,Laterite,Rabi,Rainfed,25,48,56,6.24,22.55,57.41,433.69,37.82,2.8,34097483.64,619.81,2.09,0.00337
2816,Wheat,Loamy,Rabi,Furrow,115,56,51,6.12,16.46,56.94,119.87,42.05,90.47,938049907.8,552.6,4.7,0.00851
2817,Cotton,Alluvial,Kharif,Sprinkler,66,40,65,6.04,33.52,53.51,609.41,43.22,6.17,66050136.5,919.89,2.54,0.00276
2818,Sugarcane,Clay,Kharif,Drip,139,85,103,6.63,24.78,78.92,1453.62,66.33,8.09,111768757.56,2092.48,69.44,0.03319
2819,Millet,Red,Kharif,Rainfed,71,17,22,6.29,33.48,33.81,384.72,27.71,6.32,23207377.94,477.84,1.83,0.00383
2820,Cotton,Loamy,Kharif,Furrow,120,25,49,7.41,33.97,56.04,574.38,35.87,9.03,110764138.58,858.51,2.24,0.00261
2821,Wheat,Alluvial,Rabi,Sprinkler,93,61,33,7.29,16.02,50.39,91.46,36.85,645.36,3569018323.22,535.28,4.95,0.00925
2822,Groundnut,Sandy,Kharif,Rainfed,39,32,71,5.66,30.5,59.56,679.12,44.9,88.7,461986651.55,465.62,1.62,0.00348
2823,Rice,Loamy,Kharif,Drip,107,56,40,6.35,27.63,94.1,1416.59,81.73,1.02,14212426.67,1350.64,3.31,0.00245
2824,Sugarcane,Loamy,Kharif,Furrow,119,53,98,6.58,35.01,93.04,751.28,78.49,16.6,247850496.01,2454.23,71.39,0.02909
2825,Millet,Sandy,Zaid,Rainfed,54,27,38,6.37,26.98,30.7,168.82,36.59,6.83,45443150.29,296.86,1.39,0.00468
2826,Groundnut,Loamy,Rabi,Rainfed,30,40,40,5.71,26.72,53.17,456.81,51.71,808.5,6435444758.03,575.68,1.59,0.00276
2827,Millet,Red,Kharif,Drip,54,29,30,7.48,35.47,33.93,443.78,38.87,392.55,5255002822.78,371.91,1.44,0.00387
2828,Millet,Sandy,Kharif,Rainfed,73,41,57,7.27,27.41,53.77,175.72,41.52,55.54,461437512.89,327.66,2.74,0.00836
2829,Groundnut,Laterite,Rabi,Drip,30,50,72,5.55,25.48,60.81,384.54,52.55,6.39,74032490.83,480.01,1.82,0.00379
2830,Sugarcane,Loamy,Kharif,Furrow,90,70,55,6.79,32.47,83.12,713.47,77.75,7.25,74583570.73,2187.29,65.54,0.02996
2831,Sugarcane,Loamy,Zaid,Furrow,124,40,85,7.52,30.64,82.34,1173.12,62.31,1.43,4873583.6,2440.31,103.2,0.04229
2832,Millet,Sandy,Kharif,Rainfed,48,46,59,7.15,28.67,46.17,437.73,35.2,2.9,42322859.8,410.05,1.63,0.00398
2833,Sugarcane,Clay,Kharif,Furrow,102,57,90,7.62,34.15,92.03,738.39,61.5,1.3,14777759.83,1763.26,72.84,0.04131
2834,Rice,Clay,Kharif,Flood,127,58,37,6.5,28.91,77.82,1210.28,83.99,61.25,826072748.95,1607.12,6.15,0.00383
2835,Groundnut,Red,Rabi,Sprinkler,51,47,45,6.37,30.37,74.89,614.65,53.7,4.35,40752112.09,527.41,2.5,0.00474
2836,Sugarcane,Black,Zaid,Drip,100,84,50,7.49,33.63,88.8,1311.28,67.7,7.3,68189162.45,1629.61,70.51,0.04327
2837,Maize,Red,Rabi,Drip,112,61,65,5.82,21.37,77.77,419.64,61.92,7.41,52684467.45,694.32,5.49,0.00791
2838,Cotton,Alluvial,Kharif,Drip,105,36,76,6.26,25.28,50.04,977.59,52.14,8.77,92442708.11,737.51,2.52,0.00342
2839,Maize,Alluvial,Kharif,Furrow,98,57,44,6.97,20.46,62.91,340.48,52.16,9.26,59007798.61,733.01,4.97,0.00678
2840,Millet,Red,Kharif,Rainfed,73,24,64,5.67,31.79,44.25,254.2,35.44,17.81,176970379.14,325.65,3.02,0.00927
2841,Rice,Alluvial,Kharif,Furrow,92,58,65,6.02,25.37,73.45,1110.25,71.51,4.63,57649770.35,1720.32,6.23,0.00362
2842,Tomato,Loamy,Rabi,Drip,70,56,79,6.35,19.39,66.1,540.58,50.45,8.63,78284781.42,428.33,59.05,0.13786
2843,Groundnut,Sandy,Rabi,Sprinkler,36,42,63,5.63,29.49,51.6,447.0,37.7,62.41,586140505.88,652.5,2.3,0.00352
2844,Groundnut,Red,Kharif,Rainfed,36,48,43,7.06,31.08,51.82,670.88,35.46,31.71,379005343.46,471.99,2.02,0.00428
2845,Maize,Loamy,Kharif,Sprinkler,99,64,61,6.16,21.17,78.73,649.83,59.56,1.95,22887016.92,520.09,4.2,0.00808
2846,Tomato,Alluvial,Kharif,Drip,82,47,74,6.47,19.79,69.64,352.42,45.38,723.81,5123098306.23,393.64,35.1,0.08917
2847,Rice,Alluvial,Kharif,Flood,113,49,60,5.57,33.22,79.35,834.79,63.9,53.2,284006942.99,1790.54,3.86,0.00216
2848,Cotton,Loamy,Kharif,Sprinkler,79,45,53,6.01,21.63,74.88,833.27,36.64,8.01,22685642.68,917.03,3.35,0.00365
2849,Millet,Loamy,Kharif,Rainfed,40,20,33,6.75,32.88,35.96,191.05,27.16,9.71,143225006.66,444.95,1.48,0.00333
2850,Wheat,Clay,Rabi,Flood,85,32,39,6.92,19.53,42.8,218.76,44.69,0.6,8988675.22,535.1,4.4,0.00822
2851,Wheat,Loamy,Rabi,Furrow,73,32,70,6.28,23.87,64.19,159.38,58.55,52.08,716548062.09,638.62,4.04,0.00633
2852,Wheat,Loamy,Rabi,Flood,76,36,34,6.43,13.34,51.65,151.34,32.61,1.56,23137301.0,436.7,3.91,0.00895
2853,Tomato,Loamy,Rabi,Drip,61,43,80,6.06,29.71,66.46,341.69,45.94,4.36,21361146.63,617.86,35.97,0.05822
2854,Wheat,Clay,Rabi,Drip,95,51,60,6.75,21.85,65.23,233.33,41.35,66.24,181927932.38,561.34,4.28,0.00762
2855,Cotton,Alluvial,Kharif,Furrow,105,38,80,6.75,34.86,50.13,979.1,52.69,9.83,75010883.08,812.22,2.75,0.00339
2856,Wheat,Loamy,Rabi,Furrow,70,31,53,6.79,22.11,67.55,101.77,50.79,2.16,20245853.56,500.79,2.54,0.00507
2857,Sugarcane,Loamy,Zaid,Furrow,140,61,59,7.68,34.05,83.7,1501.95,89.62,8.17,68693359.02,2297.24,66.75,0.02906
2858,Cotton,Alluvial,Kharif,Furrow,63,34,54,7.73,21.23,48.36,995.62,40.34,5.31,22424643.81,726.22,2.13,0.00293
2859,Cotton,Alluvial,Kharif,Sprinkler,83,40,80,7.94,32.37,57.18,741.09,39.7,8.6,39833398.42,1024.74,2.52,0.00246
2860,Cotton,Alluvial,Kharif,Sprinkler,60,52,46,6.57,30.37,50.21,952.36,52.26,9.42,41643163.19,1064.51,2.47,0.00232
2861,Sugarcane,Black,Zaid,Furrow,134,52,97,7.41,28.92,74.06,1467.42,85.51,35.7,510534995.27,1901.99,83.69,0.044
2862,Groundnut,Red,Rabi,Sprinkler,28,45,51,6.17,24.31,74.87,397.53,39.43,6.42,48857862.74,438.64,2.27,0.00518
2863,Maize,Red,Kharif,Furrow,90,64,58,5.96,26.83,69.6,462.88,47.93,9.07,27332882.92,541.91,6.81,0.01257
2864,Sugarcane,Clay,Kharif,Drip,153,53,75,7.36,33.84,72.65,1289.0,82.11,538.06,7525903278.94,1725.45,80.47,0.04664
2865,Tomato,Alluvial,Zaid,Sprinkler,82,40,50,6.53,19.68,58.25,545.7,64.09,3.65,22831841.67,517.37,52.74,0.10194
2866,Cotton,Loamy,Kharif,Furrow,50,25,71,7.66,31.97,54.1,816.19,45.96,85.92,462988057.62,1112.04,2.79,0.00251
2867,Rice,Loamy,Kharif,Drip,96,51,57,5.98,31.9,93.44,889.98,86.06,5.34,26919277.98,1363.89,3.53,0.00259
2868,Sugarcane,Black,Kharif,Flood,140,45,63,6.89,34.46,85.13,852.31,82.03,1.59,9545655.88,2531.24,54.38,0.02148
2869,Sugarcane,Clay,Zaid,Flood,127,49,88,7.51,24.14,65.47,1478.49,68.99,9.02,91383778.24,2052.13,71.28,0.03473
2870,Maize,Red,Rabi,Sprinkler,101,47,61,7.07,27.69,75.32,304.81,54.41,1.54,19700663.06,567.11,3.34,0.00589
2871,Maize,Loamy,Rabi,Sprinkler,91,51,59,6.63,23.03,54.72,532.92,46.93,9.38,82903748.52,696.15,5.76,0.00827
2872,Cotton,Black,Kharif,Furrow,83,58,58,7.05,27.89,68.65,695.37,38.26,80.2,849138519.22,765.16,4.0,0.00523
2873,Maize,Alluvial,Kharif,Sprinkler,76,64,51,6.23,29.49,59.74,666.79,44.81,8.53,24885259.72,582.3,6.13,0.01053
2874,Rice,Loamy,Kharif,Flood,107,48,45,5.61,33.07,82.61,689.57,79.01,4.2,43014613.19,1577.54,3.26,0.00207
2875,Wheat,Loamy,Rabi,Sprinkler,120,57,38,7.05,12.75,53.4,162.31,49.42,8.83,129806172.16,609.6,3.72,0.0061
2876,Sugarcane,Alluvial,Zaid,Drip,147,41,60,6.45,32.75,65.15,1399.46,62.1,1.78,15690730.48,2247.25,88.45,0.03936
2877,Millet,Red,Zaid,Drip,62,34,45,6.14,33.01,31.76,440.39,35.16,3.03,16116496.54,338.86,1.46,0.00431
2878,Sugarcane,Alluvial,Zaid,Drip,145,78,84,7.06,28.88,68.73,1092.49,68.81,24.64,230497269.68,2322.82,72.72,0.03131
2879,Rice,Alluvial,Kharif,Furrow,84,46,40,6.55,32.3,85.2,615.63,69.51,5.9,16222783.24,1269.62,4.42,0.00348
2880,Rice,Loamy,Kharif,Furrow,96,57,59,6.51,30.11,94.74,1242.93,83.18,45.15,302046438.73,1390.68,5.43,0.0039
2881,Groundnut,Sandy,Rabi,Drip,42,47,75,6.53,25.36,62.7,623.21,54.18,91.88,1000476734.79,605.13,1.65,0.00273
2882,Rice,Clay,Kharif,Furrow,107,69,51,5.69,30.28,81.55,1354.76,78.99,8.61,38466041.35,1745.7,4.23,0.00242
2883,Rice,Alluvial,Kharif,Drip,95,39,35,6.32,28.84,77.49,1387.1,83.74,4.76,46653080.81,1777.83,5.31,0.00299
2884,Millet,Red,Zaid,Drip,77,25,39,5.73,28.77,35.94,311.69,29.85,2.28,12898283.81,276.73,3.11,0.01124
2885,Rice,Alluvial,Kharif,Furrow,118,49,57,6.62,26.53,81.77,768.18,66.56,85.03,635348727.69,1348.35,5.27,0.00391
2886,Maize,Black,Kharif,Furrow,117,43,58,6.37,24.09,71.7,346.66,56.3,0.79,3875442.97,590.64,5.7,0.00965
2887,Groundnut,Red,Rabi,Sprinkler,64,57,75,5.55,30.98,71.11,628.9,40.69,544.07,6645886989.61,491.46,2.67,0.00543
2888,Rice,Loamy,Kharif,Flood,82,62,69,6.22,25.88,70.4,1152.24,77.82,4.43,65080113.01,1496.3,4.73,0.00316
2889,Groundnut,Laterite,Kharif,Sprinkler,65,46,45,5.81,23.52,73.52,358.15,36.57,0.4,5422328.45,477.98,2.86,0.00598
2890,Cotton,Loamy,Kharif,Drip,64,65,66,6.07,21.97,71.01,874.11,53.83,5.04,42504661.18,737.81,1.83,0.00248
2891,Millet,Sandy,Zaid,Rainfed,47,19,54,7.44,35.9,56.3,401.16,22.59,0.82,2628131.49,407.78,2.97,0.00728
2892,Tomato,Red,Zaid,Furrow,89,56,48,6.73,27.88,66.92,236.39,47.02,8.76,131202734.74,479.79,33.29,0.06938
2893,Cotton,Black,Kharif,Furrow,93,59,53,7.47,33.07,54.39,550.67,65.0,44.78,345953650.84,820.76,2.67,0.00325
2894,Tomato,Loamy,Kharif,Drip,66,41,71,6.86,26.4,70.82,578.87,50.62,987.23,6548702316.4,404.99,43.56,0.10756
2895,Sugarcane,Loamy,Kharif,Drip,97,84,63,6.04,31.75,68.21,1498.86,77.52,7.58,95476261.86,2596.41,80.85,0.03114
2896,Sugarcane,Clay,Kharif,Furrow,116,73,54,7.17,29.92,93.9,1150.84,66.65,4.79,68737847.49,1959.37,85.52,0.04365
2897,Cotton,Black,Kharif,Furrow,118,56,69,6.2,24.93,72.28,900.67,39.3,6.37,43946065.9,693.84,2.26,0.00326
2898,Groundnut,Laterite,Kharif,Rainfed,49,26,41,6.74,30.09,66.0,666.08,53.71,7.27,18477844.82,654.55,1.68,0.00257
2899,Rice,Alluvial,Kharif,Furrow,110,64,49,6.1,28.84,91.34,1059.97,83.62,2.89,22552811.93,1681.84,4.11,0.00244
2900,Tomato,Alluvial,Zaid,Sprinkler,100,55,84,5.87,26.73,56.99,247.86,42.48,57.64,190346293.38,656.82,44.74,0.06812
2901,Millet,Loamy,Zaid,Sprinkler,56,37,56,6.72,33.64,41.85,430.21,40.34,6.23,76236055.24,371.49,1.64,0.00441
2902,Wheat,Loamy,Rabi,Drip,82,51,34,6.77,12.37,67.37,86.66,47.25,5.09,47259546.53,405.0,3.12,0.0077
2903,Rice,Alluvial,Kharif,Flood,95,61,35,6.49,24.63,82.41,711.18,72.27,2.67,20222832.28,1607.77,3.45,0.00215
2904,Sugarcane,Loamy,Kharif,Drip,130,83,52,7.42,24.49,93.89,1407.46,68.29,8.62,40286039.84,1927.65,73.33,0.03804
2905,Sugarcane,Black,Zaid,Flood,90,72,84,7.05,27.72,89.73,1537.67,76.01,872.12,10662367217.95,2292.27,65.36,0.02851
2906,Maize,Alluvial,Rabi,Drip,102,37,51,5.92,26.62,61.1,663.97,58.77,38.0,293812944.41,590.06,4.28,0.00725
2907,Cotton,Black,Kharif,Drip,73,47,43,5.85,25.21,59.01,914.87,40.41,0.94,8224158.38,818.41,2.94,0.00359
2908,Rice,Alluvial,Kharif,Furrow,126,36,67,6.68,25.01,72.8,1096.79,77.68,9.82,139359421.14,1506.31,7.12,0.00473
2909,Wheat,Clay,Rabi,Sprinkler,87,30,35,6.49,15.38,66.65,242.34,35.09,60.28,400614181.93,550.0,3.05,0.00555
2910,Cotton,Alluvial,Kharif,Sprinkler,68,51,32,6.65,22.39,58.91,899.61,36.43,6.63,86597599.02,746.95,1.39,0.00186
2911,Tomato,Loamy,Kharif,Furrow,75,38,89,5.67,27.13,71.8,327.67,36.81,8.51,82655808.68,610.47,65.01,0.10649
2912,Tomato,Red,Rabi,Drip,94,36,50,6.95,27.3,58.04,449.41,41.38,2.06,13127309.34,563.87,65.79,0.11668
2913,Groundnut,Laterite,Rabi,Rainfed,66,37,52,5.83,31.98,51.18,542.38,36.59,975.52,12105286178.78,709.72,2.86,0.00403
2914,Wheat,Loamy,Rabi,Sprinkler,88,64,36,7.21,11.7,50.86,130.37,59.86,6.41,25652041.45,556.93,4.36,0.00783
2915,Wheat,Alluvial,Rabi,Drip,70,52,49,7.44,13.53,46.32,186.75,44.68,10.96,63764569.51,623.09,5.8,0.00931
2916,Cotton,Alluvial,Kharif,Furrow,68,42,64,6.24,28.35,46.9,867.42,63.26,1.37,9315356.97,1169.81,2.99,0.00256
2917,Sugarcane,Black,Kharif,Drip,117,52,109,6.68,27.47,65.13,1217.8,67.52,95.69,1030736867.43,1995.55,88.38,0.04429
2918,Tomato,Loamy,Zaid,Furrow,105,59,56,5.99,22.39,64.93,555.09,41.22,9.55,137522247.28,585.13,46.81,0.08
2919,Wheat,Clay,Rabi,Flood,117,57,41,6.93,10.6,42.15,89.05,52.49,2.08,8150180.71,594.29,5.1,0.00858
2920,Sugarcane,Alluvial,Zaid,Furrow,112,57,57,6.31,26.4,79.86,1146.72,62.92,9.25,73893511.1,1863.15,97.54,0.05235
2921,Wheat,Loamy,Rabi,Drip,107,61,32,7.05,23.66,53.18,52.65,37.42,0.33,4384981.13,690.07,3.77,0.00546
2922,Maize,Black,Kharif,Sprinkler,70,35,53,6.94,23.43,55.18,752.33,63.04,9.45,75176513.67,540.64,5.17,0.00956
2923,Tomato,Red,Rabi,Sprinkler,76,51,44,6.54,25.27,58.48,377.6,56.21,2.75,35756020.62,449.15,72.14,0.16061
2924,Cotton,Alluvial,Kharif,Drip,93,54,59,6.1,27.25,59.52,730.71,42.26,600.71,6547627039.84,1038.13,3.65,0.00352
2925,Sugarcane,Black,Kharif,Drip,105,45,56,7.1,29.69,67.89,1250.17,65.46,3.43,47879475.12,1708.05,111.49,0.06527
2926,Tomato,Red,Rabi,Sprinkler,78,45,40,6.47,19.33,66.11,287.46,41.76,5.59,48052298.35,436.9,66.34,0.15184
2927,Groundnut,Sandy,Rabi,Rainfed,47,46,53,6.34,30.57,67.04,360.72,33.54,5.13,38526447.11,571.91,2.49,0.00435
2928,Sugarcane,Alluvial,Kharif,Drip,131,55,110,7.38,35.38,84.17,1016.42,81.64,3.75,41104670.93,1744.53,74.82,0.04289
2929,Groundnut,Red,Kharif,Sprinkler,31,37,55,7.18,22.51,62.89,677.54,58.77,3.32,33032345.28,491.58,2.44,0.00496
2930,Maize,Red,Kharif,Sprinkler,117,52,34,6.83,26.22,53.58,701.88,61.42,6.65,82065235.18,556.65,4.39,0.00789
2931,Tomato,Alluvial,Rabi,Furrow,86,36,55,6.22,27.61,58.61,213.24,37.32,4.24,57233038.72,617.7,36.8,0.05958
2932,Millet,Loamy,Zaid,Drip,46,46,57,6.75,33.11,46.91,172.45,44.0,2.12,18492198.55,272.11,3.31,0.01216
2933,Rice,Clay,Kharif,Furrow,82,44,57,6.59,27.8,85.3,1043.81,61.96,6.91,86591194.76,1346.69,5.88,0.00437
2934,Maize,Red,Rabi,Sprinkler,127,32,60,6.81,23.66,63.26,672.78,61.66,0.86,10458127.38,499.6,5.3,0.01061
2935,Rice,Clay,Kharif,Furrow,116,53,62,6.51,24.93,75.55,1418.91,80.78,4.18,23343250.51,1540.03,4.34,0.00282
2936,Rice,Loamy,Kharif,Furrow,120,47,64,6.44,32.43,74.9,685.12,63.55,0.48,6294330.74,1834.06,4.73,0.00258
2937,Maize,Alluvial,Rabi,Sprinkler,87,42,51,6.6,27.95,52.64,737.36,50.46,2.62,27713530.84,866.26,6.07,0.00701
2938,Rice,Alluvial,Kharif,Furrow,138,51,55,6.54,33.05,73.75,869.16,72.05,41.05,438394039.07,1863.13,4.15,0.00223
2939,Maize,Loamy,Rabi,Drip,111,41,64,6.27,24.64,70.76,514.91,45.33,8.7,68687381.79,661.34,5.27,0.00797
2940,Maize,Loamy,Kharif,Furrow,96,36,56,7.07,20.54,51.85,676.05,66.81,2.85,32065439.31,788.59,5.75,0.00729
2941,Groundnut,Laterite,Kharif,Drip,45,29,65,7.17,25.57,58.01,365.03,52.11,7.44,106442380.61,504.52,1.69,0.00335
2942,Wheat,Clay,Rabi,Flood,83,48,43,6.93,19.85,59.02,208.34,54.42,567.93,4276716378.41,595.98,4.85,0.00814
2943,Tomato,Red,Zaid,Furrow,75,35,54,6.87,26.1,50.52,409.07,45.98,6.12,60852298.36,634.43,46.34,0.07304
2944,Wheat,Alluvial,Rabi,Flood,108,57,62,6.54,14.0,59.92,123.56,40.36,8.33,95114324.58,597.9,3.02,0.00505
2945,Sugarcane,Alluvial,Zaid,Furrow,113,54,61,7.19,30.37,94.47,1102.93,63.16,3.84,19066201.14,1641.0,91.83,0.05596
2946,Wheat,Alluvial,Rabi,Flood,60,59,43,6.39,16.73,65.29,247.74,55.5,73.6,261410206.22,444.01,5.78,0.01302
2947,Millet,Red,Zaid,Sprinkler,49,48,40,6.82,28.35,54.55,283.86,28.71,9.44,46543210.46,400.93,2.2,0.00549
2948,Wheat,Loamy,Rabi,Sprinkler,78,43,30,6.8,17.24,43.74,248.05,52.84,40.66,340776999.9,607.23,3.11,0.00512
2949,Rice,Alluvial,Kharif,Flood,108,35,69,6.47,30.27,91.09,1428.72,86.65,8.03,76540289.02,1747.4,5.61,0.00321
2950,Rice,Alluvial,Kharif,Furrow,120,37,38,6.7,32.39,83.4,1343.91,70.55,5.37,17040987.17,1639.17,3.41,0.00208
2951,Maize,Red,Rabi,Sprinkler,75,53,54,6.38,26.0,65.01,320.24,63.88,6.59,79126759.8,650.1,3.71,0.00571
2952,Cotton,Alluvial,Kharif,Furrow,85,55,36,7.67,33.52,47.27,764.82,42.4,77.21,1117254267.86,1210.0,2.1,0.00174
2953,Groundnut,Laterite,Kharif,Sprinkler,69,57,43,6.73,24.58,54.71,502.46,31.17,5.34,20779633.34,559.63,3.35,0.00599
2954,Maize,Alluvial,Kharif,Sprinkler,75,38,46,6.5,26.99,59.57,656.54,50.24,9.67,41587498.16,690.99,6.23,0.00902
2955,Millet,Red,Zaid,Rainfed,31,40,62,7.47,30.51,37.45,387.38,43.22,6.17,35543427.07,416.53,3.56,0.00855
2956,Wheat,Alluvial,Rabi,Furrow,70,32,62,7.31,12.56,55.04,55.61,49.26,55.11,231924769.8,489.8,2.62,0.00535
2957,Wheat,Loamy,Rabi,Sprinkler,92,62,67,7.15,15.9,69.51,86.8,59.93,8.61,117511174.28,493.88,5.23,0.01059
2958,Rice,Clay,Kharif,Furrow,89,57,39,6.08,29.62,80.58,811.99,66.53,4.5,60363839.14,1240.72,4.89,0.00394
2959,Cotton,Black,Kharif,Drip,61,61,69,6.88,28.15,52.68,696.88,61.34,2.33,21349243.59,911.63,2.0,0.00219
2960,Groundnut,Loamy,Kharif,Rainfed,28,26,52,6.2,31.21,67.45,663.88,57.85,507.38,3462724681.74,573.4,1.41,0.00246
2961,Tomato,Loamy,Kharif,Furrow,104,45,47,6.23,25.84,50.16,291.55,37.21,12.79,164233564.61,661.6,65.67,0.09926
2962,Tomato,Loamy,Zaid,Drip,103,71,63,5.86,28.45,75.04,309.88,52.42,1.02,6118366.97,515.3,30.53,0.05925
2963,Millet,Red,Kharif,Drip,47,33,48,6.36,26.22,47.7,231.04,20.01,5.37,35151118.86,354.81,1.66,0.00468
2964,Wheat,Loamy,Rabi,Furrow,81,64,62,6.91,21.87,67.07,99.93,57.43,5.13,17563704.83,539.44,2.8,0.00519
2965,Cotton,Loamy,Kharif,Furrow,73,26,40,5.99,21.34,74.35,606.05,64.54,1.62,11416502.45,661.97,1.64,0.00248
2966,Tomato,Loamy,Rabi,Sprinkler,100,72,58,6.29,24.01,69.79,598.96,48.31,802.84,6094801622.1,585.13,52.01,0.08889
2967,Tomato,Alluvial,Rabi,Sprinkler,87,49,42,6.74,22.49,66.06,509.99,41.27,14.69,41362929.02,452.57,32.11,0.07095
2968,Cotton,Loamy,Kharif,Sprinkler,83,46,65,6.64,29.7,50.74,918.21,45.88,8.22,120245046.95,967.74,2.32,0.0024
2969,Wheat,Alluvial,Rabi,Drip,113,42,46,6.16,20.31,45.49,209.97,40.05,5.46,59040056.35,645.44,4.84,0.0075
2970,Sugarcane,Clay,Zaid,Drip,136,63,85,7.45,26.2,70.45,1361.64,76.19,59.28,395940824.83,2286.02,57.09,0.02497
2971,Tomato,Laterite,Zaid,Furrow,57,66,74,5.51,28.36,76.44,328.26,35.52,2.48,31512571.31,533.03,63.26,0.11868
2972,Cotton,Loamy,Kharif,Drip,98,34,72,7.31,29.93,50.03,719.96,48.54,2.43,22669498.65,789.59,2.22,0.00281
2973,Millet,Loamy,Kharif,Drip,41,48,56,7.12,32.27,36.64,339.81,37.83,4.36,21348464.27,301.86,2.69,0.00891
2974,Maize,Alluvial,Rabi,Furrow,75,48,65,7.17,20.48,73.59,475.9,62.59,6.39,75689695.83,622.75,3.91,0.00628
2975,Tomato,Loamy,Zaid,Furrow,72,71,82,6.32,19.64,78.85,595.13,50.38,9.69,61121717.61,407.28,60.92,0.14958
2976,Wheat,Alluvial,Rabi,Sprinkler,91,43,35,6.52,10.07,68.61,97.4,50.82,29.81,434704322.35,514.14,2.58,0.00502
2977,Rice,Alluvial,Kharif,Drip,121,48,61,6.8,27.63,94.87,1499.19,81.58,7.26,44322302.73,1485.28,4.53,0.00305
2978,Millet,Red,Kharif,Sprinkler,53,45,35,6.63,28.6,35.6,169.79,30.15,17.56,221235215.8,325.21,1.66,0.0051
2979,Wheat,Loamy,Rabi,Drip,120,57,55,7.41,20.95,68.92,183.07,38.04,5.74,71686031.03,509.81,5.2,0.0102
2980,Rice,Alluvial,Kharif,Flood,132,39,43,6.8,32.05,79.67,727.66,70.48,1.31,14206417.05,1532.32,4.11,0.00268
2981,Millet,Loamy,Kharif,Drip,83,28,31,6.55,35.04,42.36,291.81,43.32,330.49,3526968510.67,439.81,3.54,0.00805
2982,Sugarcane,Black,Kharif,Flood,99,66,71,6.62,30.49,88.36,1570.22,67.56,642.38,5781335956.35,1480.96,89.17,0.06021
2983,Wheat,Alluvial,Rabi,Flood,120,39,43,7.17,16.88,51.94,201.64,38.1,1.6,23184567.78,529.99,4.27,0.00806
2984,Rice,Loamy,Kharif,Flood,121,41,45,6.62,30.25,93.76,925.95,76.14,5.94,29684741.28,1612.58,5.65,0.0035
2985,Sugarcane,Black,Kharif,Drip,137,70,79,7.38,30.31,93.39,1387.34,86.6,247.12,3281555851.75,1908.15,73.7,0.03862
2986,Sugarcane,Alluvial,Kharif,Flood,112,63,66,7.48,24.79,76.73,1055.05,64.58,86.68,1252845625.1,2368.14,106.38,0.04492
2987,Cotton,Loamy,Kharif,Furrow,55,28,50,5.98,30.49,74.17,518.34,50.79,8.37,64916106.6,822.74,2.93,0.00356
2988,Maize,Black,Kharif,Drip,85,46,45,6.88,25.76,68.1,538.91,48.5,9.97,134837680.24,493.77,7.51,0.01521
2989,Sugarcane,Alluvial,Kharif,Furrow,144,42,110,7.41,30.62,91.4,819.23,88.46,5.35,43832756.74,1770.23,58.38,0.03298
2990,Cotton,Alluvial,Kharif,Sprinkler,109,29,49,6.83,33.73,72.21,894.04,35.9,4.5,16596214.55,1069.38,1.66,0.00155
2991,Cotton,Black,Kharif,Sprinkler,90,42,53,6.66,32.34,71.84,995.71,38.69,31.65,81960834.05,885.66,1.56,0.00176
2992,Tomato,Red,Kharif,Furrow,57,64,76,6.43,18.46,67.87,227.26,41.07,38.29,520835737.26,393.12,33.61,0.0855
2993,Millet,Loamy,Zaid,Sprinkler,49,27,29,6.68,35.21,64.57,193.99,25.66,5.51,74944951.93,315.21,2.86,0.00907
2994,Millet,Red,Kharif,Sprinkler,45,31,24,7.48,26.65,36.07,225.65,28.52,8.05,102414542.8,306.03,2.49,0.00814
2995,Wheat,Alluvial,Rabi,Drip,109,47,36,6.58,12.68,57.32,78.03,38.3,51.92,497642610.45,507.76,2.81,0.00553
2996,Tomato,Alluvial,Kharif,Furrow,110,45,65,5.98,20.56,69.42,426.57,44.81,63.65,674766876.75,423.7,62.9,0.14845
2997,Groundnut,Laterite,Rabi,Rainfed,51,43,59,5.78,25.35,72.27,397.99,47.69,895.01,10171057656.42,539.03,3.02,0.0056
2998,Rice,Alluvial,Kharif,Furrow,132,41,66,5.95,32.76,83.33,1365.82,65.01,45.57,527208507.8,1578.83,3.5,0.00222
2999,Maize,Black,Kharif,Furrow,82,40,62,7.08,21.65,61.14,779.66,65.05,8.42,118308524.75,758.13,4.84,0.00638
3000,Maize,Alluvial,Kharif,Sprinkler,114,57,61,6.93,28.8,55.4,679.79,51.71,5.18,56067675.59,620.91,6.49,0.01045
3001,Rice,Clay,Kharif,Drip,118,36,68,5.82,32.04,76.78,791.53,64.59,73.73,598542164.18,1476.92,4.57,0.00309
3002,Maize,Alluvial,Rabi,Drip,96,65,31,6.92,31.73,61.43,334.55,62.41,7.44,52744520.45,725.32,4.43,0.00611
3003,Groundnut,Loamy,Rabi,Sprinkler,36,53,33,6.2,22.58,74.49,506.67,56.47,8.96,76966790.08,362.49,1.93,0.00532
3004,Millet,Loamy,Zaid,Drip,65,42,46,6.74,29.48,49.42,322.24,35.88,2.18,24450127.46,281.75,3.72,0.0132
3005,Sugarcane,Alluvial,Kharif,Flood,113,48,75,7.74,24.03,91.39,1563.36,83.99,1.38,3611175.23,1419.97,84.32,0.05938
3006,Cotton,Black,Kharif,Drip,58,51,42,7.07,29.67,50.49,644.43,51.42,8.61,74224586.92,1007.37,1.85,0.00184
3007,Sugarcane,Clay,Kharif,Flood,138,65,60,6.34,34.32,78.82,771.78,69.06,318.76,3767434365.87,2146.32,53.99,0.02515
3008,Groundnut,Red,Kharif,Sprinkler,45,56,60,7.0,28.54,52.0,462.55,40.53,3.16,11312642.96,560.24,2.56,0.00457
3009,Tomato,Laterite,Zaid,Sprinkler,103,39,55,5.91,24.28,68.55,322.29,45.54,50.74,504777335.98,515.2,52.61,0.10212
3010,Groundnut,Red,Kharif,Drip,58,54,30,6.32,31.23,65.4,520.24,53.16,1.42,16534283.04,421.12,2.41,0.00572
3011,Millet,Sandy,Zaid,Rainfed,55,48,58,5.99,32.03,31.91,301.02,23.09,5.78,34046990.0,320.57,2.39,0.00746
3012,Groundnut,Laterite,Rabi,Sprinkler,31,30,74,6.68,23.11,58.93,410.41,37.03,85.77,746973099.9,569.03,1.81,0.00318
3013,Maize,Red,Rabi,Furrow,117,59,64,6.54,20.57,55.79,328.04,45.4,68.79,815121552.01,667.27,4.77,0.00715
3014,Tomato,Red,Zaid,Furrow,77,66,81,5.97,29.14,53.49,455.07,50.02,7.56,63942135.73,546.28,65.77,0.1204
3015,Millet,Loamy,Zaid,Drip,53,35,57,5.77,28.1,37.98,415.9,39.54,2.36,22133875.76,331.52,1.52,0.00458
3016,Rice,Clay,Kharif,Furrow,119,54,65,5.92,30.8,82.09,603.98,68.52,46.18,150690951.34,1342.77,4.9,0.00365
3017,Sugarcane,Black,Zaid,Drip,115,78,89,6.4,32.57,75.33,747.13,75.31,510.78,4834666316.46,2251.66,70.21,0.03118
3018,Tomato,Alluvial,Kharif,Sprinkler,106,39,59,6.95,19.52,59.36,230.82,47.08,4.87,25197598.74,585.39,56.98,0.09734
3019,Cotton,Alluvial,Kharif,Sprinkler,106,48,59,6.49,34.11,55.92,524.96,39.08,4.58,44291159.13,1068.33,2.42,0.00227
3020,Groundnut,Loamy,Rabi,Rainfed,41,54,60,5.52,24.63,53.09,509.34,34.37,0.93,11717805.62,519.49,2.27,0.00437
3021,Maize,Black,Kharif,Rainfed,72,55,30,6.13,23.64,59.08,671.19,46.03,4.13,21484856.17,800.42,5.92,0.0074
3022,Millet,Red,Kharif,Rainfed,46,38,45,5.61,34.31,42.82,325.35,43.18,7.85,99685950.68,368.43,3.26,0.00885
3023,Tomato,Alluvial,Zaid,Furrow,93,50,68,7.0,27.09,78.71,494.65,44.9,0.52,2998274.55,429.16,62.17,0.14486
3024,Wheat,Loamy,Rabi,Drip,108,37,63,6.1,11.08,48.98,186.25,55.27,7.72,108729446.85,551.02,4.89,0.00887
3025,Millet,Red,Zaid,Drip,62,20,56,6.12,33.65,57.34,406.56,26.06,93.69,967364061.31,254.23,2.69,0.01058
3026,Maize,Loamy,Rabi,Drip,76,59,40,7.07,31.93,70.16,514.97,59.05,16.3,69152489.78,623.85,5.84,0.00936
3027,Tomato,Alluvial,Zaid,Furrow,86,35,75,5.6,22.44,62.19,440.96,38.07,504.83,1914580529.39,423.53,45.17,0.10665
3028,Millet,Loamy,Kharif,Rainfed,66,23,51,6.94,25.84,59.8,178.84,39.64,7.56,29609679.48,265.42,2.82,0.01062
3029,Tomato,Alluvial,Rabi,Sprinkler,92,53,85,6.46,18.89,69.16,529.0,37.51,41.78,191858059.45,535.87,46.14,0.0861
3030,Cotton,Black,Kharif,Furrow,112,55,67,6.57,29.81,55.38,937.08,63.7,91.6,1114444733.16,1024.7,1.63,0.00159
3031,Cotton,Black,Kharif,Drip,110,58,74,5.96,29.25,51.8,539.92,53.29,97.23,592693712.5,1051.01,2.56,0.00244
3032,Rice,Loamy,Kharif,Flood,134,36,65,5.84,28.55,74.47,1586.55,66.22,5.51,25028380.45,1803.78,3.5,0.00194
3033,Millet,Red,Kharif,Drip,60,17,60,6.7,34.04,59.26,180.58,42.76,3.6,36930317.35,392.6,2.05,0.00522
3034,Tomato,Alluvial,Zaid,Sprinkler,50,67,70,6.36,19.85,77.19,263.71,43.61,7.08,33890743.59,447.84,33.81,0.0755
3035,Cotton,Loamy,Kharif,Drip,118,41,46,6.1,27.75,60.07,990.51,56.4,0.41,2756927.66,901.46,3.19,0.00354
3036,Rice,Alluvial,Kharif,Furrow,125,52,38,6.26,27.97,75.74,783.16,83.84,5.05,41365459.07,1401.93,5.38,0.00384
3037,Tomato,Red,Rabi,Furrow,75,40,63,6.54,21.73,52.43,349.76,55.29,60.57,584037272.33,615.5,54.71,0.08889
3038,Wheat,Clay,Rabi,Sprinkler,70,43,41,6.68,24.78,58.26,238.98,37.76,396.66,1344394505.47,596.65,4.72,0.00791
3039,Wheat,Alluvial,Rabi,Furrow,60,33,67,6.25,12.75,64.77,127.25,37.68,3.01,27820349.4,410.51,3.02,0.00736
3040,Rice,Clay,Kharif,Furrow,131,43,62,5.87,29.34,84.43,1266.45,72.57,4.82,68749455.73,1249.41,4.86,0.00389
3041,Millet,Loamy,Kharif,Sprinkler,67,36,42,5.55,25.69,39.26,352.48,36.04,5.77,79063288.02,311.7,2.42,0.00776
3042,Millet,Loamy,Zaid,Drip,38,30,59,7.06,29.81,33.81,175.53,28.17,3.02,31810890.64,265.97,2.55,0.00959
3043,Tomato,Laterite,Kharif,Sprinkler,97,49,74,5.87,26.79,64.59,429.91,45.71,2.53,29351285.16,618.61,45.1,0.07291
3044,Maize,Loamy,Kharif,Sprinkler,81,35,30,6.76,26.47,71.07,654.13,65.34,49.22,462140084.55,694.74,6.51,0.00937
3045,Millet,Loamy,Zaid,Drip,52,25,51,6.7,35.99,32.7,329.43,25.81,4.91,46297472.13,440.29,1.97,0.00447
3046,Sugarcane,Alluvial,Kharif,Furrow,123,77,97,6.46,31.3,65.56,1348.08,74.11,7.24,85213946.02,2445.16,78.06,0.03192
3047,Wheat,Loamy,Rabi,Furrow,99,37,52,6.35,10.35,52.41,212.98,39.67,3.66,28868533.23,417.32,3.59,0.0086
3048,Rice,Alluvial,Kharif,Drip,88,61,64,6.74,25.21,75.77,1232.5,88.53,496.13,3501829964.68,1770.35,3.73,0.00211
3049,Rice,Alluvial,Kharif,Drip,122,46,55,6.54,30.21,90.52,943.89,68.64,1.96,24516111.58,1388.56,6.43,0.00463
3050,Millet,Red,Kharif,Rainfed,76,17,53,7.12,27.21,50.29,328.26,43.65,12.02,40535090.7,334.86,2.79,0.00833
3051,Tomato,Laterite,Rabi,Sprinkler,71,53,65,6.37,27.44,61.06,542.75,60.99,9.92,130404812.39,641.29,30.15,0.04701
3052,Rice,Alluvial,Kharif,Flood,130,63,42,6.16,31.04,80.26,843.62,75.01,1.28,12665641.81,1496.55,5.92,0.00396
3053,Rice,Clay,Kharif,Furrow,110,63,50,6.79,33.25,86.82,1144.77,68.13,98.34,582734025.16,1340.88,6.51,0.00486
3054,Cotton,Loamy,Kharif,Drip,111,39,66,6.03,30.89,59.07,685.63,42.52,1.79,5553548.99,939.27,2.49,0.00265
3055,Maize,Red,Rabi,Sprinkler,128,46,60,5.9,28.25,55.88,537.08,48.83,73.12,986793289.64,653.04,5.35,0.00819
3056,Rice,Alluvial,Kharif,Furrow,133,60,38,5.87,24.72,91.7,831.29,87.95,4.42,64242625.77,1336.57,3.65,0.00273
3057,Wheat,Loamy,Rabi,Furrow,78,51,59,6.2,14.33,56.57,171.4,37.91,8.35,93438386.55,436.03,3.77,0.00865
3058,Tomato,Laterite,Rabi,Sprinkler,91,57,54,6.59,22.32,71.97,365.6,36.9,175.29,2278187159.65,540.45,60.75,0.11241
3059,Rice,Clay,Kharif,Furrow,109,69,43,5.75,27.96,86.03,914.67,74.65,7.47,73937492.76,1529.67,4.94,0.00323
3060,Wheat,Loamy,Rabi,Flood,82,42,52,7.15,20.59,62.13,91.88,53.39,1.39,14303053.77,616.95,5.39,0.00874
3061,Cotton,Loamy,Kharif,Drip,89,42,73,7.02,30.04,46.69,834.83,52.93,3.6,36037316.47,789.99,2.78,0.00352
3062,Millet,Red,Kharif,Sprinkler,85,32,43,6.96,32.3,54.49,244.1,30.38,5.58,61583261.89,428.51,2.21,0.00516
3063,Cotton,Loamy,Kharif,Drip,100,46,33,7.67,32.11,54.46,959.82,39.42,3.25,17928148.13,932.29,1.4,0.0015
3064,Wheat,Alluvial,Rabi,Drip,68,30,32,7.1,20.48,63.57,188.84,31.84,4.64,23461171.34,622.87,3.45,0.00554
3065,Tomato,Alluvial,Kharif,Furrow,59,70,89,6.13,29.45,76.66,554.96,41.37,6.98,65937837.92,414.88,36.29,0.08747
3066,Maize,Alluvial,Rabi,Furrow,126,60,53,6.66,22.92,62.64,564.7,64.36,3.1,25956110.29,645.03,3.97,0.00615
3067,Rice,Loamy,Kharif,Drip,100,42,46,6.21,24.53,84.94,1103.26,64.51,7.84,112154304.42,1195.55,5.59,0.00468
3068,Rice,Alluvial,Kharif,Furrow,104,62,67,5.84,29.83,78.52,684.55,83.81,81.51,806072679.96,1630.31,5.34,0.00328
3069,Rice,Alluvial,Kharif,Furrow,112,37,57,5.73,24.2,77.81,927.17,65.78,9.22,118261472.75,1600.43,5.8,0.00362
3070,Cotton,Black,Kharif,Furrow,91,58,48,6.21,26.63,54.96,942.71,50.73,9.08,73269659.29,735.07,3.26,0.00443
3071,Tomato,Alluvial,Zaid,Sprinkler,74,53,83,6.04,27.95,68.94,524.74,51.09,5.76,23101025.01,588.14,60.43,0.10275
3072,Tomato,Laterite,Kharif,Drip,71,38,40,6.47,25.36,71.77,599.33,48.84,6.84,99717975.59,441.24,44.96,0.10189
3073,Groundnut,Loamy,Rabi,Drip,67,25,39,5.7,22.89,50.59,659.04,31.01,9.13,127920640.27,634.21,1.96,0.00309
3074,Wheat,Loamy,Rabi,Sprinkler,88,31,63,6.18,11.72,67.65,55.89,41.49,9.74,76942938.71,419.11,3.21,0.00766
3075,Sugarcane,Alluvial,Zaid,Furrow,124,62,96,7.19,30.0,80.32,818.67,72.08,8.44,105706866.07,2352.25,85.26,0.03625
3076,Sugarcane,Loamy,Zaid,Flood,105,85,108,6.69,35.56,81.58,1314.07,70.86,425.49,2360484332.34,2206.82,93.75,0.04248
3077,Maize,Loamy,Kharif,Drip,85,42,67,6.21,31.36,61.02,736.03,57.99,70.08,346322603.91,657.94,5.46,0.0083
3078,Wheat,Alluvial,Rabi,Furrow,88,52,69,6.72,15.26,51.47,56.22,58.31,3.7,40959667.7,516.23,4.78,0.00926
3079,Wheat,Loamy,Rabi,Flood,85,59,55,7.31,24.35,69.67,75.76,44.6,15.42,200179661.88,629.58,4.72,0.0075
3080,Tomato,Alluvial,Kharif,Furrow,57,51,84,6.57,22.76,73.52,309.32,40.51,0.76,9490648.46,573.22,67.4,0.11758
3081,Rice,Clay,Kharif,Flood,100,40,56,5.52,24.02,76.48,1125.31,78.01,96.36,1233236770.19,1233.81,5.66,0.00459
3082,Maize,Black,Rabi,Sprinkler,100,62,50,6.85,22.51,68.27,430.68,42.55,68.54,909493633.17,534.26,4.58,0.00857
3083,Wheat,Loamy,Rabi,Flood,71,55,42,6.29,22.9,67.56,120.41,39.45,8.67,37077621.47,452.61,2.99,0.00661
3084,Cotton,Alluvial,Kharif,Sprinkler,102,38,77,7.21,22.5,47.37,644.22,53.59,7.66,113277633.0,950.19,2.55,0.00268
3085,Groundnut,Sandy,Rabi,Drip,66,36,32,7.06,22.38,58.72,535.76,47.09,21.55,293488729.34,558.65,1.56,0.00279
3086,Sugarcane,Clay,Zaid,Furrow,92,71,110,6.56,28.37,74.3,1200.84,81.34,5.56,57136754.52,1923.71,99.48,0.05171
3087,Wheat,Loamy,Rabi,Furrow,74,62,69,6.15,21.8,57.51,62.5,58.28,7.84,56183093.15,591.43,3.46,0.00585
3088,Cotton,Loamy,Kharif,Sprinkler,101,43,59,7.37,27.62,45.55,842.33,37.09,63.81,296804679.63,941.34,3.1,0.00329
3089,Sugarcane,Alluvial,Kharif,Drip,154,45,109,6.33,30.36,69.53,785.03,74.13,5.08,47589188.25,2456.75,76.06,0.03096
3090,Wheat,Loamy,Rabi,Drip,73,48,35,6.22,24.59,42.6,80.3,36.17,7.95,98851757.9,612.29,4.96,0.0081
3091,Sugarcane,Clay,Zaid,Furrow,121,54,110,7.68,22.22,81.92,1291.41,85.29,8.24,88311726.44,1421.09,63.56,0.04473
3092,Cotton,Alluvial,Kharif,Drip,84,56,56,6.18,32.11,70.12,526.52,47.9,8.07,85138135.04,816.23,1.36,0.00167
3093,Maize,Alluvial,Rabi,Furrow,88,32,35,6.32,30.56,52.47,611.88,61.09,2.64,24903726.06,815.85,5.9,0.00723
3094,Maize,Red,Kharif,Drip,77,56,35,6.35,24.68,53.85,340.6,42.42,94.15,455145164.45,652.75,4.36,0.00668
3095,Rice,Alluvial,Kharif,Drip,136,64,54,5.81,24.31,77.72,985.36,60.09,1.0,12134780.81,1578.65,4.0,0.00253
3096,Cotton,Black,Kharif,Sprinkler,97,56,56,6.48,22.71,51.8,519.38,55.16,2.7,19998430.52,819.63,2.76,0.00337
3097,Sugarcane,Alluvial,Kharif,Furrow,129,41,52,6.96,33.74,74.18,791.64,63.92,6.0,18186748.64,1777.85,69.65,0.03918
3098,Cotton,Black,Kharif,Furrow,55,40,77,7.57,23.52,62.94,566.01,63.09,6.87,41894786.33,653.02,1.83,0.0028
3099,Sugarcane,Black,Zaid,Flood,114,74,55,7.74,28.55,90.69,753.56,85.34,57.35,788408115.01,2008.42,58.54,0.02915
3100,Cotton,Alluvial,Kharif,Drip,109,27,75,7.74,28.2,68.42,940.96,49.01,3.64,52736644.38,681.1,2.97,0.00436
3101,Rice,Loamy,Kharif,Flood,117,63,61,5.85,29.85,87.01,1197.34,63.81,4.09,60206624.57,1511.53,4.83,0.0032
3102,Sugarcane,Black,Zaid,Drip,149,41,91,7.72,24.78,89.87,1527.66,60.39,8.31,92577707.67,1368.87,79.73,0.05825
3103,Tomato,Alluvial,Kharif,Drip,52,65,78,5.68,18.95,77.62,569.21,57.23,8.74,61947680.26,546.1,40.09,0.07341
3104,Rice,Clay,Kharif,Furrow,129,60,42,6.51,26.5,83.04,792.55,82.03,9.52,57881780.82,1394.11,5.17,0.00371
3105,Tomato,Red,Zaid,Sprinkler,51,36,84,6.54,20.27,76.71,392.87,42.38,7.07,93118373.94,383.31,39.7,0.10357
3106,Cotton,Loamy,Kharif,Sprinkler,70,41,61,6.58,28.14,62.07,629.51,51.04,6.04,80185174.75,820.9,1.83,0.00223
3107,Cotton,Black,Kharif,Sprinkler,54,41,50,7.28,21.09,69.34,668.26,62.61,76.33,948865454.45,818.44,1.71,0.00209
3108,Wheat,Loamy,Rabi,Flood,109,44,53,7.17,17.41,58.93,118.32,42.73,28.05,360892873.84,622.92,5.94,0.00954
3109,Cotton,Black,Kharif,Drip,114,62,52,7.76,27.22,48.05,524.79,36.91,9.8,136341497.03,836.61,3.02,0.00361
3110,Sugarcane,Clay,Kharif,Furrow,151,46,97,7.75,23.68,79.37,1008.55,68.53,338.21,1551426806.64,2265.32,85.52,0.03775
3111,Millet,Loamy,Zaid,Rainfed,48,25,21,6.77,25.71,62.32,238.15,43.18,2.93,36549946.17,336.6,2.39,0.0071
3112,Sugarcane,Loamy,Zaid,Drip,94,51,76,6.89,27.02,77.59,1134.35,76.62,845.09,10625466542.41,2259.84,95.19,0.04212
3113,Maize,Black,Rabi,Furrow,84,64,37,6.39,29.8,76.07,524.49,65.44,9.07,118946651.02,644.61,6.45,0.01001
3114,Rice,Clay,Kharif,Furrow,85,47,66,5.71,32.14,88.89,1337.18,87.63,6.01,42417059.8,1626.95,3.88,0.00238
3115,Wheat,Loamy,Rabi,Flood,89,36,66,6.95,23.46,54.25,239.4,53.75,9.98,76127524.15,688.97,4.91,0.00713
3116,Maize,Alluvial,Kharif,Sprinkler,125,63,40,6.52,29.09,52.31,702.84,46.33,30.98,180295498.54,704.24,3.62,0.00514
3117,Millet,Sandy,Zaid,Drip,61,45,34,5.96,25.51,47.59,230.69,34.14,2.16,29153615.98,308.38,1.66,0.00538
3118,Maize,Alluvial,Rabi,Drip,115,46,69,5.91,24.0,73.09,767.59,47.4,6.76,96091445.15,621.9,4.87,0.00783
3119,Cotton,Alluvial,Kharif,Sprinkler,62,46,74,6.14,28.43,46.52,813.51,51.04,48.93,307840018.02,1033.52,2.57,0.00249
3120,Sugarcane,Loamy,Kharif,Flood,139,43,95,7.47,35.61,79.68,815.17,62.65,49.8,350360342.66,2572.99,67.53,0.02625
3121,Wheat,Loamy,Rabi,Drip,101,59,32,7.02,22.0,40.66,61.76,45.66,198.62,2466162561.9,677.87,5.21,0.00769
3122,Sugarcane,Clay,Zaid,Flood,93,63,109,7.48,30.51,67.0,916.14,70.4,480.28,6578085426.72,2617.68,57.55,0.02199
3123,Sugarcane,Black,Zaid,Drip,133,51,86,7.2,25.12,88.44,984.9,78.06,0.74,8587897.93,1968.4,71.15,0.03615
3124,Sugarcane,Alluvial,Kharif,Drip,123,85,80,7.47,31.7,73.19,945.71,69.75,84.85,1114077089.01,1877.04,81.37,0.04335
3125,Maize,Red,Kharif,Furrow,82,55,58,6.23,27.95,59.26,751.46,48.99,3.82,45378004.16,636.96,4.22,0.00663
3126,Cotton,Loamy,Kharif,Furrow,73,51,30,6.49,24.81,61.34,700.89,64.41,8.13,105408464.25,688.86,2.45,0.00356
3127,Tomato,Laterite,Zaid,Drip,53,66,89,6.24,28.26,62.62,384.64,45.87,5.0,47294923.42,495.78,41.86,0.08443
3128,Sugarcane,Alluvial,Kharif,Furrow,93,56,105,7.34,35.24,72.29,1134.62,70.46,1.15,3386220.28,2354.23,64.25,0.02729
3129,Maize,Red,Rabi,Furrow,123,42,65,6.59,20.22,60.29,473.13,61.63,2.4,16474584.81,685.47,5.59,0.00815
3130,Wheat,Loamy,Rabi,Drip,78,55,41,7.33,22.37,57.49,67.26,35.02,2.8,22258473.96,644.5,3.9,0.00605
3131,Rice,Loamy,Kharif,Flood,100,68,63,6.0,33.83,81.56,1179.68,71.46,66.58,950676758.2,1433.58,5.11,0.00356
3132,Cotton,Black,Kharif,Drip,114,58,76,6.94,34.1,65.65,557.09,56.3,2.52,7606643.04,836.75,2.44,0.00292
3133,Rice,Clay,Kharif,Drip,112,61,56,6.26,28.97,94.83,1412.33,88.38,0.9,10811466.65,1608.41,3.91,0.00243
3134,Sugarcane,Alluvial,Kharif,Furrow,138,52,102,6.51,35.59,70.81,838.04,61.31,62.77,881469715.03,1921.86,60.25,0.03135
3135,Maize,Red,Kharif,Rainfed,78,42,37,6.41,26.53,68.04,336.62,66.02,6.21,47378670.59,790.79,3.91,0.00494
3136,Wheat,Clay,Rabi,Drip,73,65,37,6.99,10.63,50.08,247.44,58.93,55.05,189133072.94,531.76,4.66,0.00876
3137,Tomato,Alluvial,Zaid,Drip,106,65,62,6.07,21.19,74.3,589.82,47.7,720.5,10305472728.57,522.3,54.58,0.1045
3138,Sugarcane,Alluvial,Zaid,Furrow,133,54,93,6.87,26.02,72.55,1353.62,67.28,0.62,4646598.05,1951.84,88.76,0.04548
3139,Millet,Red,Kharif,Sprinkler,56,16,47,7.22,32.35,57.21,378.98,36.55,0.7,6633266.36,281.38,3.15,0.01119
3140,Cotton,Loamy,Kharif,Furrow,93,63,49,7.63,27.28,52.8,540.04,59.86,7.26,49960295.96,967.79,2.69,0.00278
3141,Cotton,Loamy,Kharif,Furrow,59,32,45,6.98,21.97,69.65,522.32,46.17,1.72,13461386.89,904.49,1.61,0.00178
3142,Maize,Red,Kharif,Drip,75,33,67,6.36,24.58,55.41,553.17,49.6,41.71,298948709.44,604.06,7.3,0.01208
3143,Sugarcane,Loamy,Kharif,Furrow,111,66,98,7.14,27.62,65.52,1572.94,63.45,5.94,59985495.78,1588.21,81.15,0.0511
3144,Sugarcane,Black,Kharif,Flood,150,80,61,6.07,35.22,85.41,1109.47,81.75,8.79,109963419.91,2154.59,75.99,0.03527
3145,Tomato,Red,Rabi,Sprinkler,68,40,40,6.85,26.38,63.69,294.08,52.94,7.43,66033121.55,476.88,42.56,0.08925
3146,Cotton,Black,Kharif,Sprinkler,64,40,46,7.57,22.59,53.26,766.51,47.03,71.01,196359374.95,787.62,2.17,0.00276
3147,Wheat,Clay,Rabi,Flood,96,61,34,7.24,24.8,62.13,132.92,53.92,429.95,1176537500.45,618.52,4.44,0.00718
3148,Millet,Loamy,Zaid,Drip,48,43,24,6.37,26.16,36.48,418.54,21.59,98.01,1431131091.79,336.92,2.47,0.00733
3149,Rice,Clay,Kharif,Flood,138,56,51,6.74,32.62,73.29,628.64,70.77,9.59,76734498.64,1870.81,3.61,0.00193
3150,Maize,Red,Rabi,Rainfed,109,50,68,6.91,30.41,72.83,551.83,44.25,7.77,43328673.01,730.12,4.76,0.00652
3151,Groundnut,Laterite,Rabi,Drip,64,27,48,5.8,28.43,57.46,574.94,47.7,9.76,128758726.68,615.89,2.99,0.00485
3152,Tomato,Alluvial,Kharif,Furrow,104,35,80,5.66,26.08,51.79,213.28,62.2,4.71,68543499.58,662.38,31.47,0.04751
3153,Tomato,Alluvial,Kharif,Drip,56,45,86,5.65,26.57,66.61,408.65,37.93,532.89,2557162801.44,642.42,43.13,0.06714
3154,Groundnut,Sandy,Kharif,Sprinkler,48,59,58,5.9,23.41,67.74,623.08,57.04,3.31,32392812.94,598.8,2.13,0.00356
3155,Cotton,Alluvial,Kharif,Sprinkler,71,42,46,7.37,28.69,63.71,735.25,35.79,26.22,353166079.34,949.89,3.12,0.00328
3156,Groundnut,Sandy,Rabi,Drip,55,37,62,6.05,23.54,61.82,431.13,50.61,932.5,7900542626.47,416.48,1.86,0.00447
3157,Rice,Loamy,Kharif,Flood,107,69,42,6.41,33.78,86.83,1470.78,67.22,8.84,70872904.47,1267.16,4.86,0.00384
3158,Maize,Alluvial,Rabi,Sprinkler,92,36,35,5.9,20.12,59.57,702.82,41.24,43.22,378363724.51,615.7,5.72,0.00929
3159,Millet,Red,Zaid,Rainfed,83,37,22,6.88,30.97,42.41,297.76,42.0,6.26,50618551.41,360.47,3.8,0.01054
3160,Groundnut,Laterite,Kharif,Sprinkler,28,60,32,6.76,27.99,57.99,681.51,43.67,8.39,101332532.55,498.64,2.42,0.00485
3161,Wheat,Alluvial,Rabi,Flood,77,55,64,7.27,12.58,43.65,170.1,37.0,258.0,1596065797.04,542.85,3.77,0.00694
3162,Tomato,Laterite,Zaid,Drip,72,54,53,6.65,27.74,66.19,559.72,39.1,9.85,142828529.55,570.31,32.87,0.05764
3163,Sugarcane,Clay,Kharif,Furrow,150,41,82,7.51,22.71,72.57,1586.52,79.23,7.6,89446640.46,2332.34,51.33,0.02201
3164,Cotton,Loamy,Kharif,Sprinkler,87,54,50,7.79,31.67,69.06,706.87,35.75,1.59,6942348.51,1001.45,3.2,0.0032
3165,Wheat,Loamy,Rabi,Flood,103,47,30,7.16,16.11,55.2,242.94,57.6,56.18,364929135.37,603.58,4.23,0.00701
3166,Cotton,Loamy,Kharif,Drip,57,45,77,7.78,24.86,62.49,689.18,39.67,36.02,496482993.71,860.75,1.65,0.00192
3167,Maize,Black,Rabi,Rainfed,103,35,69,6.93,22.63,56.03,681.24,42.39,44.15,548792979.86,627.25,3.77,0.00601
3168,Maize,Red,Rabi,Drip,78,51,64,6.71,20.98,77.26,364.47,51.07,33.84,259535653.16,508.04,4.01,0.00789
3169,Rice,Clay,Kharif,Flood,127,35,53,6.22,25.62,92.84,948.89,71.32,646.35,3172058657.26,1122.49,4.86,0.00433
3170,Cotton,Alluvial,Kharif,Furrow,63,64,60,6.48,25.89,68.6,762.19,38.39,86.15,1123748244.9,935.35,1.92,0.00205
3171,Cotton,Loamy,Kharif,Sprinkler,58,48,30,6.08,32.53,46.14,732.59,42.41,78.94,1110676703.72,956.57,3.34,0.00349
3172,Tomato,Red,Rabi,Furrow,89,36,71,6.01,26.83,78.15,326.49,43.58,9.68,59708802.15,536.72,56.96,0.10613
3173,Tomato,Red,Kharif,Drip,76,41,59,6.16,24.92,61.62,382.05,61.28,584.69,2223759196.97,572.79,41.58,0.07259
3174,Maize,Loamy,Kharif,Furrow,114,61,66,6.53,22.01,73.91,758.77,60.11,272.42,3070822159.25,500.28,4.72,0.00943
3175,Millet,Red,Zaid,Rainfed,31,22,65,7.37,34.41,30.23,413.03,35.67,9.72,46731256.18,289.9,2.53,0.00873
3176,Groundnut,Red,Rabi,Sprinkler,59,25,42,6.75,29.65,70.07,613.87,30.98,0.44,1995177.86,544.39,2.32,0.00426
3177,Groundnut,Loamy,Rabi,Drip,63,31,61,5.65,28.0,66.1,488.34,57.51,50.01,686012215.62,594.34,2.44,0.00411
3178,Rice,Loamy,Kharif,Drip,139,47,40,6.6,29.26,73.46,1225.33,63.94,68.89,1001318819.57,1404.53,6.51,0.00464
3179,Cotton,Loamy,Kharif,Drip,100,29,48,6.87,25.73,70.48,654.44,42.15,6.31,88711310.48,950.42,1.76,0.00185
3180,Tomato,Red,Zaid,Sprinkler,52,67,58,6.72,28.89,55.05,314.3,62.06,1.31,14312965.96,473.42,59.31,0.12528
3181,Millet,Red,Kharif,Rainfed,65,28,61,5.81,25.23,33.49,181.76,44.62,7.99,40575305.39,325.53,1.82,0.00559
3182,Sugarcane,Black,Kharif,Flood,99,58,54,7.22,28.16,69.45,1413.2,60.57,5.6,18796219.6,1726.07,75.95,0.044
3183,Maize,Black,Rabi,Furrow,114,60,62,5.91,23.65,63.38,440.58,50.13,824.36,10152594397.44,550.03,4.89,0.00889
3184,Millet,Sandy,Zaid,Sprinkler,79,32,48,6.86,28.98,54.96,319.71,35.46,0.7,5911432.69,267.94,2.59,0.00967
3185,Rice,Clay,Kharif,Flood,136,36,49,6.1,33.68,82.16,1372.55,73.29,3.88,25453993.44,1853.05,3.92,0.00212
3186,Maize,Alluvial,Rabi,Rainfed,86,54,62,6.65,24.06,78.36,476.26,48.76,960.91,12846062155.74,600.52,4.4,0.00733
3187,Sugarcane,Loamy,Zaid,Furrow,153,84,96,6.72,25.43,87.79,1087.53,89.36,7.17,54621789.21,2071.41,68.02,0.03284
3188,Sugarcane,Clay,Kharif,Furrow,103,73,78,6.24,22.6,74.82,1158.95,61.15,63.81,344785679.31,1921.54,82.87,0.04313
3189,Rice,Alluvial,Kharif,Drip,116,49,66,6.65,28.52,74.59,1307.37,88.52,327.01,1028871901.23,1759.67,3.51,0.00199
3190,Groundnut,Laterite,Kharif,Sprinkler,55,26,35,6.16,22.12,52.17,423.03,46.63,0.23,741018.5,607.7,2.63,0.00433
3191,Groundnut,Laterite,Kharif,Drip,44,60,53,6.42,29.7,54.32,677.98,30.7,8.01,53084169.16,629.23,1.76,0.0028
3192,Groundnut,Laterite,Rabi,Sprinkler,61,43,74,5.67,29.33,62.89,459.2,30.43,33.81,204652488.65,562.34,2.92,0.00519
3193,Maize,Black,Kharif,Drip,120,34,57,6.51,27.03,67.39,339.7,41.01,2.36,21456704.93,517.99,3.73,0.0072
3194,Cotton,Black,Kharif,Furrow,79,49,69,7.5,28.87,45.92,768.35,42.58,638.98,3263687760.89,1163.24,2.37,0.00204
3195,Millet,Red,Zaid,Rainfed,39,29,23,5.52,35.21,45.81,431.66,41.6,8.59,85850743.29,411.07,2.22,0.0054
3196,Tomato,Laterite,Kharif,Sprinkler,63,72,85,5.77,18.97,58.18,524.07,37.91,9.14,80865510.81,589.12,43.97,0.07464
3197,Groundnut,Sandy,Rabi,Drip,63,34,41,6.42,31.32,65.09,675.53,43.26,91.5,317736682.07,631.66,1.75,0.00277
3198,Tomato,Laterite,Zaid,Sprinkler,93,65,74,6.7,21.76,68.63,464.56,48.12,590.22,5194711203.85,428.39,40.25,0.09396
3199,Maize,Alluvial,Rabi,Drip,111,40,66,6.75,30.53,71.83,518.73,56.15,7.08,35758221.89,524.54,5.17,0.00986
3200,Millet,Sandy,Zaid,Sprinkler,81,50,32,7.09,29.61,37.75,157.97,22.21,6.34,38351697.31,272.44,1.61,0.00591
3201,Rice,Clay,Kharif,Drip,133,52,49,6.26,31.11,76.7,734.95,77.41,37.74,261140581.23,1433.55,3.65,0.00255
3202,Maize,Loamy,Kharif,Sprinkler,128,55,31,6.07,20.34,75.62,535.75,46.84,9.48,99385028.85,623.04,5.17,0.0083
3203,Rice,Alluvial,Kharif,Drip,119,52,46,5.57,30.67,83.76,906.7,66.47,186.24,2018630686.92,1319.79,5.71,0.00433
3204,Sugarcane,Black,Kharif,Furrow,110,62,56,7.57,23.77,69.27,777.31,86.26,756.31,3073926411.87,2211.67,52.32,0.02366
3205,Cotton,Black,Kharif,Furrow,116,60,54,7.99,25.52,63.64,786.4,37.04,508.48,5725786976.56,846.41,3.39,0.00401
3206,Wheat,Clay,Rabi,Flood,110,37,48,6.67,17.1,69.07,235.84,48.68,253.84,1950015656.09,435.93,5.05,0.01158
3207,Millet,Sandy,Kharif,Drip,33,38,34,7.07,32.25,32.96,210.54,38.13,652.54,6501566584.16,367.25,2.66,0.00724
3208,Rice,Loamy,Kharif,Drip,128,52,35,6.42,25.79,80.59,904.61,83.92,49.37,558874013.95,1500.43,4.23,0.00282
3209,Sugarcane,Clay,Zaid,Furrow,159,84,51,6.97,33.58,87.41,1151.42,72.25,6.0,24133643.31,2341.17,99.5,0.0425
3210,Groundnut,Laterite,Kharif,Sprinkler,27,25,63,5.86,26.93,56.67,462.67,48.86,209.45,1911780269.87,510.11,2.9,0.00569
3211,Millet,Red,Zaid,Sprinkler,40,25,54,7.14,30.83,59.96,169.3,27.18,4.92,43336709.29,238.74,3.17,0.01328
3212,Maize,Black,Kharif,Furrow,127,47,43,5.8,30.95,67.02,590.31,64.45,54.24,749213642.59,756.28,4.9,0.00648
3213,Millet,Sandy,Zaid,Drip,37,47,33,7.36,28.36,38.2,366.25,43.05,97.57,1326487618.6,369.01,1.54,0.00417
3214,Rice,Loamy,Kharif,Furrow,88,44,44,6.73,25.97,79.58,635.53,62.35,9.01,92601932.31,1693.8,3.96,0.00234
3215,Tomato,Red,Kharif,Furrow,104,59,64,5.79,22.15,60.89,431.92,47.04,4.14,22886243.37,579.85,37.91,0.06538
3216,Cotton,Loamy,Kharif,Furrow,90,54,37,6.07,27.71,61.81,512.88,58.73,8.65,125776668.44,922.4,1.99,0.00216
3217,Millet,Red,Kharif,Drip,66,29,27,7.33,33.7,52.51,388.66,22.37,2.89,17638755.26,301.68,1.64,0.00544
3218,Wheat,Loamy,Rabi,Flood,76,55,32,7.01,17.68,43.83,189.44,35.34,784.83,7700352322.49,599.71,3.12,0.0052
3219,Sugarcane,Loamy,Zaid,Flood,120,61,68,6.85,35.32,88.6,1248.98,81.14,65.56,172954435.22,2311.53,81.29,0.03517
3220,Millet,Sandy,Zaid,Sprinkler,70,28,59,6.79,35.22,55.65,173.97,21.42,0.47,3202735.56,262.11,1.68,0.00641
3221,Cotton,Black,Kharif,Sprinkler,63,26,74,7.99,32.26,51.98,587.92,52.35,8.08,119964568.85,976.42,2.89,0.00296
3222,Groundnut,Loamy,Rabi,Sprinkler,27,50,46,6.45,24.24,60.08,570.36,46.57,389.93,2185007688.61,616.85,2.36,0.00383
3223,Wheat,Loamy,Rabi,Flood,70,63,44,7.27,17.52,52.59,182.74,35.96,7.17,30459922.67,579.16,3.27,0.00565
3224,Cotton,Black,Kharif,Sprinkler,84,49,37,7.18,34.99,48.69,736.91,62.73,8.12,96076692.08,907.12,2.26,0.00249
3225,Tomato,Red,Rabi,Furrow,53,44,54,5.76,23.09,61.84,585.14,51.26,9.97,34300641.58,526.98,52.94,0.10046
3226,Groundnut,Sandy,Kharif,Rainfed,39,53,43,6.04,26.5,57.18,622.54,35.37,1.31,8095888.32,414.63,3.27,0.00789
3227,Rice,Clay,Kharif,Flood,135,35,67,6.26,28.98,72.61,1494.72,80.23,8.0,113316693.85,1320.8,3.45,0.00261
3228,Millet,Sandy,Zaid,Drip,86,31,48,6.83,34.24,51.58,217.19,39.48,2.68,31482377.08,364.63,1.8,0.00494
3229,Rice,Loamy,Kharif,Furrow,83,62,55,6.54,26.98,84.57,1403.45,60.86,7.29,93567815.29,1544.4,4.49,0.00291
3230,Wheat,Loamy,Rabi,Sprinkler,73,43,47,6.59,20.02,68.62,141.54,49.17,7.34,107680138.23,579.93,6.15,0.0106
3231,Sugarcane,Loamy,Zaid,Drip,126,76,102,7.33,29.34,65.9,1579.32,88.96,0.74,5637317.52,2475.19,76.27,0.03081
3232,Wheat,Clay,Rabi,Furrow,77,40,30,7.14,23.39,54.88,110.04,32.3,41.8,456346395.54,526.48,4.69,0.00891
3233,Sugarcane,Loamy,Zaid,Flood,111,73,95,7.77,29.62,83.25,740.79,60.35,9.46,141808793.76,2208.39,80.52,0.03646
3234,Groundnut,Loamy,Rabi,Sprinkler,29,34,61,6.59,30.86,63.61,435.95,51.98,4.26,26818317.3,634.85,2.56,0.00403
3235,Groundnut,Red,Rabi,Sprinkler,37,34,37,6.07,23.36,58.78,603.27,42.04,56.39,702165430.08,496.2,1.96,0.00395
3236,Maize,Loamy,Rabi,Furrow,103,58,31,6.28,22.84,76.57,310.53,61.0,1.82,25342139.69,527.28,3.3,0.00626
3237,Wheat,Loamy,Rabi,Sprinkler,84,46,70,7.04,15.01,50.38,61.66,57.31,7.57,62560358.74,601.9,5.76,0.00957
3238,Groundnut,Laterite,Kharif,Drip,27,33,45,6.94,27.21,63.5,389.3,34.0,293.07,968024887.95,517.46,1.85,0.00358
3239,Rice,Alluvial,Kharif,Flood,102,49,69,5.75,25.01,71.34,1122.04,75.58,3.32,42207813.81,1215.22,6.31,0.00519
3240,Groundnut,Laterite,Kharif,Sprinkler,39,45,56,6.06,22.27,64.74,602.57,40.02,4.78,23840779.8,548.72,2.61,0.00476
3241,Wheat,Loamy,Rabi,Drip,74,64,32,6.76,15.42,58.01,226.17,56.59,56.02,759323923.99,580.22,5.01,0.00863
3242,Millet,Sandy,Kharif,Drip,51,17,39,7.07,25.22,48.13,333.13,40.5,6.86,26191464.11,380.92,2.22,0.00583
3243,Tomato,Loamy,Zaid,Drip,89,59,57,6.06,19.23,73.23,294.85,48.05,1.69,11751556.77,413.06,49.3,0.11935
3244,Rice,Clay,Kharif,Drip,104,50,63,5.96,24.39,76.27,685.11,65.02,275.29,838608411.59,1598.88,3.68,0.0023
3245,Groundnut,Sandy,Kharif,Sprinkler,29,39,52,6.58,23.46,70.02,557.03,52.24,7.11,73974351.94,472.23,2.16,0.00457
3246,Wheat,Clay,Rabi,Furrow,101,54,56,6.45,23.23,61.97,63.64,31.13,9.26,47248267.56,604.93,2.6,0.0043
3247,Millet,Sandy,Zaid,Rainfed,62,28,42,7.37,32.79,61.5,376.97,36.52,8.42,117373831.29,284.3,2.59,0.00911
3248,Groundnut,Sandy,Kharif,Sprinkler,37,40,69,5.97,27.84,53.79,351.16,37.78,623.64,9222076625.75,528.33,2.07,0.00392
3249,Groundnut,Laterite,Kharif,Drip,69,47,73,6.67,27.25,70.54,463.37,41.04,8.54,66662794.17,385.42,2.41,0.00625
3250,Wheat,Alluvial,Rabi,Furrow,116,43,50,7.23,19.95,60.67,210.71,41.55,2.53,30380523.84,637.59,4.19,0.00657
3251,Millet,Loamy,Zaid,Rainfed,49,16,43,7.4,35.19,55.0,344.32,23.02,5.72,76583414.62,440.77,1.91,0.00433
3252,Groundnut,Laterite,Rabi,Sprinkler,41,33,44,6.4,30.09,69.58,660.21,45.65,1.84,6340972.92,482.52,1.51,0.00313
3253,Tomato,Alluvial,Rabi,Drip,107,55,83,5.78,21.84,60.1,536.05,40.52,5.36,64634374.67,400.11,48.04,0.12007
3254,Groundnut,Red,Kharif,Drip,50,35,60,5.59,23.73,61.58,410.17,33.5,63.54,521978365.99,610.44,2.23,0.00365
3255,Millet,Sandy,Zaid,Drip,67,26,56,5.84,25.74,54.62,254.7,20.79,8.96,56421050.11,376.17,1.97,0.00524
3256,Maize,Alluvial,Kharif,Rainfed,130,41,63,7.1,20.2,67.95,433.32,51.24,7.96,119128676.61,489.82,4.37,0.00892
3257,Cotton,Alluvial,Kharif,Drip,110,64,54,6.04,31.95,61.82,594.35,40.62,618.5,4176875638.53,804.54,1.86,0.00231
3258,Tomato,Red,Rabi,Sprinkler,97,59,62,6.07,27.62,78.91,278.81,47.43,4.14,12483209.09,403.14,61.77,0.15322
3259,Tomato,Red,Zaid,Furrow,70,63,76,5.62,26.05,69.6,528.58,41.14,1.42,20684892.7,486.97,37.47,0.07695
3260,Tomato,Laterite,Zaid,Drip,82,39,83,6.09,19.79,66.76,205.54,47.77,6.32,56303710.92,377.1,62.92,0.16685
3261,Rice,Loamy,Kharif,Drip,104,63,69,6.75,26.4,84.43,1430.31,81.27,9.2,97152876.18,1286.59,5.25,0.00408
3262,Tomato,Loamy,Rabi,Drip,71,74,68,6.54,29.14,63.44,441.28,39.25,5.55,26438581.24,450.88,42.32,0.09386
3263,Rice,Clay,Kharif,Flood,118,67,67,6.14,31.89,91.75,1293.14,67.97,7.75,52106351.09,1361.98,3.85,0.00283
3264,Rice,Loamy,Kharif,Drip,124,50,48,5.96,24.34,81.56,711.89,76.07,1.64,12562366.19,1489.49,3.74,0.00251
3265,Cotton,Alluvial,Kharif,Sprinkler,109,31,53,6.66,27.39,47.83,837.74,43.48,3.11,23169786.4,1051.7,1.73,0.00164
3266,Cotton,Alluvial,Kharif,Drip,114,57,70,6.63,29.7,56.18,777.49,57.16,2.11,22669257.28,953.98,3.0,0.00314
3267,Cotton,Loamy,Kharif,Sprinkler,118,30,31,7.44,23.05,71.5,733.27,58.73,9.68,36530717.66,818.58,3.64,0.00445
3268,Wheat,Alluvial,Rabi,Sprinkler,72,43,64,6.19,22.83,68.77,126.57,34.34,4.53,19212793.87,571.72,5.62,0.00983
3269,Groundnut,Red,Rabi,Sprinkler,56,50,56,6.21,30.48,61.9,695.48,31.87,1.53,13769571.56,510.95,1.87,0.00366
3270,Maize,Red,Kharif,Sprinkler,80,52,41,5.92,22.35,51.83,776.27,44.83,34.03,455842492.21,780.51,5.21,0.00668
3271,Tomato,Alluvial,Rabi,Furrow,68,59,58,6.95,23.58,74.26,245.0,56.02,2.73,31866316.51,565.63,61.88,0.1094
3272,Cotton,Loamy,Kharif,Furrow,119,47,34,7.29,29.98,51.17,606.46,54.51,4.73,30856718.62,1041.08,2.01,0.00193
3273,Cotton,Black,Kharif,Furrow,92,51,61,7.59,26.83,67.92,958.86,47.77,370.23,3596879217.82,936.01,2.27,0.00243
3274,Cotton,Black,Kharif,Drip,111,55,37,5.88,23.9,71.29,671.8,55.52,5.32,39062313.37,713.83,2.09,0.00293
3275,Rice,Clay,Kharif,Furrow,86,59,50,6.23,24.9,78.95,1062.7,87.98,571.94,2117978029.75,1629.06,5.55,0.00341
3276,Wheat,Clay,Rabi,Sprinkler,81,32,59,7.32,20.68,42.65,174.21,52.32,6.87,22515035.83,564.24,5.69,0.01008
3277,Maize,Black,Rabi,Sprinkler,128,31,45,7.19,30.28,66.68,673.62,68.09,4.43,12266865.05,579.89,4.81,0.00829
3278,Wheat,Loamy,Rabi,Sprinkler,67,41,31,7.31,11.84,58.91,163.86,59.37,6.35,80312328.07,512.52,3.0,0.00585
3279,Wheat,Loamy,Rabi,Sprinkler,108,40,64,7.08,14.88,47.08,170.99,37.55,8.53,71562799.51,573.72,4.44,0.00774
3280,Rice,Clay,Kharif,Furrow,83,70,67,5.71,32.66,83.37,1595.06,80.52,0.37,3343890.23,1813.85,2.94,0.00162
3281,Cotton,Loamy,Kharif,Furrow,108,33,48,6.43,21.39,53.41,948.15,52.67,7.56,19123774.66,941.56,3.06,0.00325
3282,Wheat,Loamy,Rabi,Drip,110,39,54,6.45,24.43,65.23,177.46,44.83,3.39,37345665.54,642.45,3.76,0.00585
3283,Wheat,Loamy,Rabi,Drip,92,65,32,6.12,15.52,69.46,54.8,32.43,409.1,5441184115.86,529.36,4.8,0.00907
3284,Wheat,Loamy,Rabi,Sprinkler,81,33,44,6.39,21.94,64.06,84.05,41.37,3.77,27742943.22,653.59,2.68,0.0041
3285,Maize,Red,Rabi,Rainfed,105,48,59,6.32,29.82,62.5,584.18,55.07,3.91,12235318.91,772.69,4.65,0.00602
3286,Groundnut,Red,Kharif,Sprinkler,38,51,56,6.92,27.54,61.46,372.86,59.1,90.13,843367980.75,480.19,2.84,0.00591
3287,Maize,Red,Kharif,Sprinkler,75,30,67,6.25,25.76,51.52,323.47,43.35,563.89,4589657253.42,636.29,4.2,0.0066
3288,Millet,Red,Kharif,Rainfed,68,20,43,6.26,32.55,43.71,391.96,34.96,9.2,134804942.95,432.74,2.91,0.00672
3289,Maize,Black,Rabi,Rainfed,121,62,46,6.67,24.7,75.95,798.49,62.37,18.58,216572438.82,599.2,4.98,0.00831
3290,Tomato,Alluvial,Rabi,Furrow,82,51,59,5.83,29.07,72.02,445.41,37.56,1.66,10251637.76,431.15,31.64,0.07339
3291,Millet,Red,Zaid,Rainfed,49,41,38,6.52,35.86,46.87,410.9,24.73,9.91,80344948.7,460.64,2.86,0.00621
3292,Millet,Sandy,Zaid,Drip,44,35,47,5.82,31.33,37.78,325.73,30.72,3.3,28891257.68,295.11,1.87,0.00634
3293,Maize,Black,Rabi,Rainfed,127,45,68,6.56,25.81,54.04,439.51,56.7,1.09,7355174.44,777.89,4.65,0.00598
3294,Maize,Alluvial,Rabi,Drip,84,37,69,6.52,21.93,62.18,430.32,45.06,9.01,36943028.85,542.17,4.27,0.00788
3295,Millet,Red,Zaid,Drip,49,40,26,6.48,25.22,30.15,272.12,23.76,933.13,5678744591.75,351.13,2.31,0.00658
3296,Maize,Red,Kharif,Rainfed,76,55,68,6.74,23.44,72.78,422.5,62.54,388.18,2124954507.3,619.03,6.03,0.00974
3297,Sugarcane,Black,Kharif,Flood,104,62,104,7.6,25.82,68.58,1257.87,69.54,5.47,33793561.81,2076.19,68.78,0.03313
3298,Groundnut,Red,Rabi,Drip,33,47,63,6.3,26.69,74.42,671.28,31.95,25.6,364544742.29,408.71,2.46,0.00602
3299,Maize,Red,Rabi,Sprinkler,97,42,66,6.21,20.77,61.84,653.64,59.86,5.39,19064722.88,583.6,3.92,0.00672
3300,Millet,Loamy,Kharif,Rainfed,74,47,57,6.29,28.62,51.27,156.53,34.24,9.44,36933407.65,272.89,2.32,0.0085
3301,Millet,Loamy,Zaid,Sprinkler,70,43,48,6.52,31.04,45.93,157.59,26.95,6.66,58888524.64,453.94,2.96,0.00652
3302,Millet,Red,Zaid,Sprinkler,88,39,32,6.41,32.93,49.78,417.95,34.15,29.19,113713568.65,264.44,2.71,0.01025
3303,Maize,Loamy,Kharif,Furrow,89,40,48,6.68,25.86,61.42,567.86,65.84,8.26,59501403.06,771.07,4.66,0.00604
3304,Millet,Red,Zaid,Sprinkler,37,35,49,7.37,25.42,47.4,208.27,33.29,536.08,7361127471.1,359.54,2.61,0.00726
3305,Sugarcane,Loamy,Zaid,Furrow,154,84,63,6.24,24.09,90.57,747.55,84.3,7.51,32488618.02,1709.31,71.23,0.04167
3306,Groundnut,Red,Rabi,Sprinkler,69,48,31,5.89,30.74,51.74,353.55,56.33,741.18,6119578772.86,472.19,2.75,0.00582
3307,Wheat,Clay,Rabi,Sprinkler,89,54,45,6.63,13.72,58.41,80.77,54.3,0.91,7596214.1,574.73,3.87,0.00673
3308,Maize,Alluvial,Kharif,Furrow,106,48,59,7.03,24.13,55.61,734.53,54.42,8.65,70019360.27,800.67,3.51,0.00438
3309,Tomato,Alluvial,Kharif,Sprinkler,51,63,55,6.24,23.19,67.07,302.95,41.29,614.36,6105289533.63,409.12,75.59,0.18476
3310,Wheat,Loamy,Rabi,Drip,89,60,57,6.14,16.91,42.96,109.53,57.54,58.65,256884136.01,509.32,5.5,0.0108
3311,Cotton,Loamy,Kharif,Furrow,60,42,64,6.19,26.06,48.97,602.26,61.67,88.68,558914128.45,965.66,2.53,0.00262
3312,Cotton,Alluvial,Kharif,Drip,109,25,55,7.57,28.12,56.33,586.3,37.27,161.88,1474483260.8,1101.02,2.48,0.00225
3313,Wheat,Loamy,Rabi,Drip,105,34,32,6.82,18.98,53.02,107.47,30.4,64.54,801456287.7,494.94,3.31,0.00669
3314,Wheat,Clay,Rabi,Sprinkler,65,58,32,7.08,11.25,62.23,194.29,35.26,47.45,123993332.51,515.12,3.05,0.00592
3315,Maize,Loamy,Rabi,Furrow,125,56,66,5.91,22.1,74.97,473.27,55.9,1.12,5009359.82,521.27,6.47,0.01241
3316,Sugarcane,Alluvial,Zaid,Flood,142,82,100,7.46,22.03,87.47,1133.85,83.24,3.19,18104165.76,2104.18,77.28,0.03673
3317,Wheat,Loamy,Rabi,Flood,102,61,47,6.74,18.72,57.37,74.01,31.18,9.44,94238997.94,602.81,3.44,0.00571
3318,Millet,Sandy,Kharif,Sprinkler,76,47,22,7.39,35.41,64.23,234.91,23.44,4.01,44584390.81,352.33,2.13,0.00605
3319,Millet,Loamy,Zaid,Drip,50,36,48,5.64,32.7,57.97,413.93,38.85,7.91,89880975.04,255.9,1.62,0.00633
3320,Sugarcane,Alluvial,Zaid,Drip,101,41,67,6.22,26.55,88.23,1195.26,82.0,9.86,35115042.08,1582.01,81.76,0.05168
3321,Sugarcane,Clay,Kharif,Flood,144,79,55,6.84,30.0,89.24,1461.3,67.17,25.15,137592919.53,2146.63,60.17,0.02803
3322,Cotton,Alluvial,Kharif,Sprinkler,113,38,77,7.43,27.7,66.43,702.92,41.32,9.03,104249166.4,979.24,3.03,0.00309
3323,Sugarcane,Loamy,Zaid,Flood,127,77,90,7.06,25.65,84.18,1307.25,66.44,9.42,80559729.88,2031.26,99.93,0.0492
3324,Cotton,Alluvial,Kharif,Sprinkler,108,47,67,6.76,27.88,52.94,908.44,43.54,59.69,167788514.46,788.43,2.98,0.00378
3325,Tomato,Red,Zaid,Drip,63,70,41,6.01,24.99,66.55,266.96,53.12,17.07,79722043.48,534.16,39.22,0.07342
3326,Millet,Loamy,Kharif,Sprinkler,35,36,39,6.71,35.16,57.81,209.58,35.9,4.4,36505192.5,441.44,2.73,0.00618
3327,Groundnut,Sandy,Rabi,Sprinkler,47,54,66,6.17,22.01,62.5,541.8,33.47,43.92,581053609.46,472.41,3.41,0.00722
3328,Sugarcane,Loamy,Zaid,Flood,92,42,53,6.1,28.47,88.54,784.31,80.67,6.04,36488758.32,1991.14,66.34,0.03332
3329,Cotton,Alluvial,Kharif,Furrow,75,46,77,7.71,28.39,73.9,790.86,38.05,69.64,636234223.22,1010.99,3.83,0.00379
3330,Maize,Black,Rabi,Drip,116,44,63,7.19,23.63,68.84,428.23,65.62,1.98,6870273.45,607.02,6.6,0.01087
3331,Maize,Red,Kharif,Rainfed,129,51,53,6.04,24.61,77.94,645.98,42.1,2.77,31532684.82,660.97,5.9,0.00893
3332,Maize,Alluvial,Rabi,Furrow,70,65,40,6.28,24.8,52.22,637.69,66.74,5.21,17362054.8,813.07,4.56,0.00561
3333,Sugarcane,Alluvial,Zaid,Flood,92,52,50,7.71,28.76,81.92,1275.88,85.55,9.27,67513728.56,2408.5,69.84,0.029
3334,Tomato,Alluvial,Rabi,Sprinkler,106,58,86,5.65,18.98,55.55,458.74,44.08,9.61,74789101.86,502.99,69.7,0.13857
3335,Sugarcane,Loamy,Zaid,Flood,94,45,67,6.78,30.22,80.24,1559.42,89.79,5.63,33773541.88,2483.06,67.19,0.02706
3336,Wheat,Clay,Rabi,Furrow,74,55,69,6.23,18.47,40.69,170.33,41.77,1.09,14104399.95,507.42,5.41,0.01066
3337,Sugarcane,Black,Zaid,Furrow,99,40,69,6.79,23.38,90.2,1026.64,80.11,13.1,105599360.49,1459.04,61.62,0.04223
3338,Tomato,Laterite,Rabi,Drip,78,51,46,5.81,26.46,57.8,213.66,37.95,9.61,38799994.97,591.54,31.85,0.05384
3339,Rice,Loamy,Kharif,Furrow,139,44,41,5.85,32.42,83.87,826.67,79.93,1.15,11434972.44,1787.2,3.07,0.00172
3340,Tomato,Red,Rabi,Furrow,84,38,58,6.86,19.66,60.01,505.82,41.76,42.37,398464106.78,502.83,65.72,0.1307
3341,Sugarcane,Alluvial,Zaid,Furrow,159,70,107,7.46,26.26,78.32,1317.99,72.12,6.18,81590342.51,2087.84,62.68,0.03002
3342,Tomato,Loamy,Rabi,Drip,104,57,44,6.62,25.07,62.18,569.39,48.7,7.49,25647254.66,502.75,44.65,0.08881
3343,Groundnut,Loamy,Kharif,Drip,66,46,54,6.94,24.7,64.23,691.46,39.41,229.97,1639539744.79,523.7,1.57,0.003
3344,Wheat,Clay,Rabi,Flood,106,38,38,7.34,16.27,44.34,99.2,54.99,2.64,15075204.06,588.48,5.96,0.01013
3345,Rice,Alluvial,Kharif,Drip,83,61,40,6.06,26.08,89.47,1516.54,78.01,24.28,251611438.57,1159.74,5.46,0.00471
3346,Sugarcane,Loamy,Kharif,Drip,149,72,87,6.2,32.92,85.49,1540.49,81.28,4.33,59519579.18,2174.74,78.13,0.03593
3347,Groundnut,Sandy,Rabi,Rainfed,25,25,66,6.12,28.85,65.85,526.29,42.9,6.03,35607636.08,605.4,1.88,0.00311
3348,Rice,Clay,Kharif,Furrow,121,44,41,6.13,33.23,71.52,1509.15,65.71,7.16,44937873.15,1980.0,5.17,0.00261
3349,Maize,Alluvial,Kharif,Furrow,114,61,69,6.74,28.18,78.31,663.71,65.42,2.68,35361953.48,603.55,5.63,0.00933
3350,Maize,Black,Kharif,Sprinkler,118,63,60,6.19,22.56,79.29,514.82,67.6,7.75,70201722.24,608.15,5.24,0.00862
3351,Cotton,Black,Kharif,Sprinkler,83,63,72,6.14,21.71,45.18,747.5,59.54,648.97,6340623945.36,902.39,3.42,0.00379
3352,Maize,Black,Rabi,Drip,70,39,49,6.38,31.44,55.62,312.77,58.95,6.05,46926202.42,673.88,3.34,0.00496
3353,Wheat,Clay,Rabi,Sprinkler,94,57,43,6.97,16.4,44.87,190.13,42.52,903.99,8769399282.26,617.73,4.97,0.00805
3354,Maize,Black,Rabi,Sprinkler,95,42,33,6.63,28.88,64.85,747.77,51.65,7.1,49150591.23,526.18,5.45,0.01036
3355,Millet,Loamy,Kharif,Rainfed,63,37,34,6.81,34.91,47.68,371.77,24.96,296.86,2258810681.72,462.34,2.39,0.00517
3356,Wheat,Loamy,Rabi,Flood,106,48,35,6.36,15.64,62.36,190.15,59.93,27.54,136454447.23,519.56,5.94,0.01143
3357,Rice,Loamy,Kharif,Furrow,123,53,46,5.9,28.49,72.77,1284.19,77.12,3.07,16219862.09,1546.97,3.94,0.00255
3358,Rice,Clay,Kharif,Furrow,124,38,53,6.32,30.78,77.07,1040.58,78.85,723.46,6311326176.87,1622.1,5.48,0.00338
3359,Wheat,Loamy,Rabi,Drip,67,40,38,7.26,23.58,69.24,130.79,58.39,9.2,84402157.34,644.84,4.8,0.00744
3360,Cotton,Loamy,Kharif,Furrow,99,56,77,6.73,22.88,74.94,535.83,39.05,2.82,38754350.77,631.68,2.26,0.00358
3361,Wheat,Alluvial,Rabi,Flood,93,64,32,6.74,15.82,47.65,248.61,48.15,301.55,3748559748.34,645.5,4.13,0.0064
3362,Sugarcane,Alluvial,Kharif,Furrow,101,83,62,6.71,24.24,86.84,1396.63,66.21,5.66,74164068.26,1908.29,53.32,0.02794
3363,Groundnut,Laterite,Rabi,Sprinkler,30,54,31,7.11,27.13,56.15,356.69,32.9,33.87,348802789.96,526.87,1.74,0.0033
3364,Millet,Sandy,Zaid,Drip,43,25,27,6.92,31.41,45.56,320.2,24.24,26.38,195863490.71,435.95,2.36,0.00541
3365,Wheat,Clay,Rabi,Sprinkler,92,39,62,6.25,13.98,68.09,237.56,54.27,4.57,15740657.07,415.95,5.26,0.01265
3366,Rice,Clay,Kharif,Flood,85,65,44,5.7,29.75,89.0,865.18,83.46,2.58,38087526.41,1438.0,5.48,0.00381
3367,Millet,Loamy,Kharif,Rainfed,42,38,64,6.86,30.0,62.07,378.85,38.23,71.21,859641864.6,380.85,3.5,0.00919
3368,Maize,Black,Rabi,Furrow,118,43,67,6.13,21.27,64.49,549.11,43.43,4.67,29802714.85,617.61,6.03,0.00976
3369,Rice,Clay,Kharif,Flood,111,44,50,6.03,24.24,89.28,1566.49,63.93,73.78,783482339.2,1261.15,5.09,0.00404
3370,Sugarcane,Clay,Zaid,Flood,105,53,91,7.46,23.33,93.04,1563.4,81.99,1.71,6431276.7,1555.73,61.18,0.03933
3371,Groundnut,Laterite,Kharif,Sprinkler,49,51,56,6.13,28.16,64.87,515.39,50.83,3.61,52034456.17,643.66,2.95,0.00458
3372,Sugarcane,Black,Zaid,Drip,131,84,88,6.77,26.04,65.17,717.29,89.16,64.62,799762919.64,2251.38,55.57,0.02468
3373,Cotton,Loamy,Kharif,Sprinkler,116,32,32,6.01,30.23,69.97,918.8,44.7,921.15,12598552249.29,806.35,3.23,0.00401
3374,Maize,Black,Kharif,Drip,77,42,59,7.1,28.9,68.53,776.45,65.95,8.98,30557401.5,542.5,5.63,0.01038
3375,Sugarcane,Loamy,Zaid,Flood,145,55,60,6.33,33.66,71.27,829.58,87.23,4.42,65570825.15,1951.15,69.01,0.03537
3376,Millet,Red,Kharif,Drip,46,37,40,6.5,28.16,45.02,338.34,40.3,5.44,54878990.2,319.57,3.28,0.01026
3377,Groundnut,Laterite,Rabi,Sprinkler,60,46,45,6.76,23.01,53.2,428.94,41.99,1.42,8385194.95,529.64,2.1,0.00396
3378,Millet,Sandy,Zaid,Drip,44,33,43,6.28,33.37,39.71,379.37,25.77,9.52,142781484.21,301.36,1.86,0.00617
3379,Groundnut,Red,Kharif,Rainfed,57,41,44,5.64,22.25,53.68,492.83,47.41,6.83,36766987.68,588.6,2.86,0.00486
3380,Cotton,Loamy,Kharif,Sprinkler,119,35,61,7.57,30.62,60.11,684.83,51.91,843.54,6457111053.49,769.63,2.88,0.00374
3381,Groundnut,Sandy,Kharif,Rainfed,52,50,71,6.91,28.3,51.69,370.68,50.59,1.79,13251039.87,486.65,2.64,0.00542
3382,Rice,Clay,Kharif,Drip,91,36,63,5.82,32.1,93.1,764.16,87.53,41.21,348627073.42,1691.05,3.44,0.00203
3383,Millet,Sandy,Kharif,Sprinkler,90,23,63,5.75,30.02,64.52,314.54,32.43,7.2,75148981.34,309.11,2.0,0.00647
3384,Millet,Sandy,Zaid,Rainfed,81,42,39,6.78,34.09,56.84,194.2,41.11,8.26,66808837.83,285.47,3.41,0.01195
3385,Sugarcane,Alluvial,Zaid,Flood,104,55,97,7.05,27.68,78.78,1069.28,84.82,5.41,16909387.99,2226.32,82.1,0.03688
3386,Wheat,Clay,Rabi,Flood,120,42,60,6.31,17.98,69.4,58.7,45.1,2.56,16575711.3,588.74,5.92,0.01006
3387,Maize,Red,Kharif,Furrow,87,30,39,6.17,22.42,76.52,452.19,57.52,1.19,12606575.85,698.6,6.16,0.00882
3388,Maize,Black,Rabi,Furrow,116,33,61,6.63,20.07,76.48,715.46,61.81,1.74,13885023.99,604.77,3.49,0.00577
3389,Maize,Black,Kharif,Sprinkler,84,50,31,6.49,23.14,54.83,525.41,46.78,9.42,57278586.88,565.24,6.52,0.01153
3390,Cotton,Loamy,Kharif,Sprinkler,71,44,54,7.48,21.06,73.7,731.42,57.78,29.83,227697908.2,782.12,2.61,0.00334
3391,Sugarcane,Alluvial,Zaid,Flood,145,72,71,6.86,30.51,73.12,1245.94,64.47,27.46,268146154.04,2258.83,85.03,0.03764
3392,Maize,Red,Rabi,Furrow,105,53,60,5.97,28.12,62.3,636.96,66.25,4.28,17487915.8,690.72,5.81,0.00841
3393,Cotton,Black,Kharif,Furrow,100,61,68,6.06,30.87,55.99,605.61,50.73,8.44,64054693.79,803.86,2.03,0.00253
3394,Cotton,Loamy,Kharif,Drip,53,64,47,7.38,28.33,57.56,737.35,44.38,8.19,44363366.11,1032.03,2.79,0.0027
3395,Rice,Loamy,Kharif,Furrow,113,67,63,5.76,25.32,93.29,745.72,89.67,2.05,9536730.42,1547.92,3.92,0.00253
3396,Cotton,Black,Kharif,Furrow,53,55,31,7.41,23.91,63.02,861.7,49.75,8.22,81235550.6,732.27,3.03,0.00414
3397,Sugarcane,Black,Kharif,Drip,146,41,53,6.66,33.94,90.53,1272.77,63.26,8.05,95064550.84,1930.54,60.9,0.03155
3398,Tomato,Red,Rabi,Furrow,88,35,63,6.81,26.16,68.35,599.07,45.42,1.87,27102829.74,524.29,56.12,0.10704
3399,Groundnut,Red,Rabi,Drip,30,50,73,6.8,29.37,63.79,487.74,33.3,5.49,70463073.32,561.21,2.39,0.00426
3400,Maize,Loamy,Rabi,Rainfed,76,45,46,6.2,20.97,54.25,513.4,52.22,1.66,4614770.98,720.47,5.71,0.00793
3401,Wheat,Alluvial,Rabi,Sprinkler,105,55,55,6.43,11.55,69.83,221.87,51.92,7.16,103580853.67,405.0,5.35,0.01321
3402,Sugarcane,Alluvial,Kharif,Drip,100,49,62,6.66,28.31,78.22,1319.38,74.11,5.29,19587081.67,2424.52,98.42,0.04059
3403,Wheat,Alluvial,Rabi,Sprinkler,76,41,37,6.39,15.78,53.3,200.15,34.99,6.64,24462278.25,459.57,5.04,0.01097
3404,Wheat,Loamy,Rabi,Drip,93,43,39,6.39,18.97,68.6,196.38,53.91,9.63,121412702.01,442.77,3.67,0.00829
3405,Groundnut,Laterite,Rabi,Drip,60,46,64,6.93,30.5,70.58,508.83,41.79,4.89,66781159.67,432.39,3.03,0.00701
3406,Millet,Sandy,Zaid,Rainfed,33,22,50,7.02,34.48,41.52,339.22,26.9,2.99,22378688.05,291.57,1.39,0.00477
3407,Tomato,Red,Rabi,Sprinkler,88,67,45,6.3,26.91,71.37,325.86,58.48,0.49,2239590.55,590.85,36.68,0.06208
3408,Groundnut,Laterite,Rabi,Sprinkler,44,44,72,6.72,29.98,56.75,642.27,42.46,9.17,24947708.66,678.2,1.92,0.00283
3409,Groundnut,Sandy,Kharif,Drip,67,47,44,6.04,23.96,63.09,559.06,35.67,9.91,128914879.91,399.86,3.46,0.00865
3410,Rice,Loamy,Kharif,Flood,113,60,59,5.67,27.51,74.54,1183.32,88.26,7.29,67329502.29,1490.34,5.28,0.00354
3411,Wheat,Clay,Rabi,Furrow,96,44,32,6.82,17.68,45.46,156.95,43.89,4.16,28987710.4,636.45,4.67,0.00734
3412,Millet,Sandy,Zaid,Drip,56,15,42,7.1,32.81,31.48,298.37,23.12,3.92,26095893.38,292.98,2.54,0.00867
3413,Tomato,Alluvial,Kharif,Drip,109,71,49,6.98,22.43,50.01,451.45,41.57,5.41,80763877.62,487.79,70.69,0.14492
3414,Millet,Sandy,Zaid,Sprinkler,73,16,36,5.64,32.36,30.78,282.48,21.32,7.2,39795155.68,326.94,2.38,0.00728
3415,Groundnut,Sandy,Rabi,Drip,28,50,49,7.01,24.52,53.2,559.64,38.27,4.76,22004416.61,483.89,2.21,0.00457
3416,Groundnut,Sandy,Rabi,Rainfed,60,29,65,6.11,31.74,53.15,649.16,59.37,493.26,6729441353.61,488.88,2.1,0.0043
3417,Rice,Loamy,Kharif,Furrow,121,52,62,6.68,29.04,92.21,770.23,78.5,2.28,13159444.35,1182.26,4.98,0.00421
3418,Groundnut,Loamy,Kharif,Rainfed,43,35,42,6.99,28.94,70.13,550.62,58.4,7.29,86698065.49,559.52,2.08,0.00372
3419,Rice,Alluvial,Kharif,Flood,111,65,66,6.77,27.6,82.17,930.82,81.54,594.43,1763156794.91,1341.93,5.23,0.0039
3420,Maize,Loamy,Kharif,Drip,105,63,58,6.54,26.19,59.12,397.02,47.53,6.51,19781221.65,527.59,4.53,0.00859
3421,Sugarcane,Loamy,Kharif,Furrow,153,56,85,7.6,26.27,79.05,1594.7,67.62,34.39,426162677.51,1513.86,62.12,0.04103
3422,Wheat,Alluvial,Rabi,Drip,79,34,47,6.06,22.77,65.9,224.27,35.48,6.01,71816171.03,599.65,3.72,0.0062
3423,Maize,Loamy,Rabi,Sprinkler,105,63,53,5.81,20.12,64.12,579.24,61.22,6.27,79752453.56,539.7,4.93,0.00913
3424,Groundnut,Sandy,Kharif,Sprinkler,31,57,58,6.7,26.29,53.18,545.66,36.36,3.77,28134962.18,516.11,1.72,0.00333
3425,Rice,Alluvial,Kharif,Flood,102,54,49,6.27,28.81,74.31,1187.91,61.05,6.32,42595960.24,1358.84,5.42,0.00399
3426,Maize,Black,Kharif,Drip,95,36,58,6.84,20.49,72.36,739.25,67.42,3.52,21955392.57,551.25,3.97,0.0072
3427,Tomato,Alluvial,Zaid,Sprinkler,98,41,63,6.37,25.36,65.64,288.33,52.59,9.88,103534053.6,552.1,56.12,0.10165
3428,Maize,Alluvial,Kharif,Sprinkler,112,54,56,6.92,21.94,54.91,409.79,68.9,4.92,53762007.39,772.93,3.98,0.00515
3429,Wheat,Alluvial,Rabi,Flood,79,60,33,7.07,18.9,60.15,197.2,55.78,1.99,7079271.18,520.15,5.26,0.01011
3430,Cotton,Black,Kharif,Sprinkler,63,65,77,6.77,30.8,45.9,719.79,58.84,6.15,33837124.01,1082.03,2.03,0.00188
3431,Wheat,Clay,Rabi,Flood,63,30,46,6.28,19.77,56.48,216.74,54.06,1.01,8789583.26,613.2,3.56,0.00581
3432,Wheat,Loamy,Rabi,Drip,78,55,38,6.72,16.54,48.11,208.09,51.22,1.08,10802046.61,548.26,4.13,0.00753
3433,Groundnut,Loamy,Rabi,Sprinkler,62,50,34,6.15,26.15,67.91,373.03,55.14,8.14,67096529.91,475.23,2.13,0.00448
3434,Sugarcane,Alluvial,Zaid,Furrow,96,56,87,7.24,24.66,87.56,789.82,83.24,86.0,1122658863.05,2236.81,78.77,0.03522
3435,Tomato,Laterite,Kharif,Drip,102,43,53,6.45,29.54,71.6,303.83,39.92,6.59,35653585.87,468.97,41.44,0.08836
3436,Tomato,Loamy,Rabi,Furrow,99,44,58,5.62,24.54,50.18,469.48,60.26,1.17,6249833.51,493.8,42.86,0.0868
3437,Sugarcane,Black,Kharif,Drip,127,55,69,6.4,34.97,81.49,1165.33,80.21,102.42,485254108.86,2019.97,69.75,0.03453
3438,Cotton,Alluvial,Kharif,Sprinkler,60,51,66,5.91,32.71,67.58,704.64,47.76,3.99,18991319.03,786.43,2.72,0.00346
3439,Millet,Sandy,Kharif,Rainfed,45,27,37,6.93,31.83,41.55,164.88,20.67,17.38,89622646.74,439.18,2.0,0.00455
3440,Millet,Loamy,Kharif,Rainfed,32,45,53,6.53,25.9,50.67,378.52,26.56,7.54,41419604.89,326.04,3.07,0.00942
3441,Tomato,Laterite,Rabi,Drip,103,43,73,5.61,20.79,68.56,512.52,49.23,9.18,93438513.14,503.06,35.76,0.07108
3442,Tomato,Laterite,Kharif,Drip,107,45,48,6.58,23.72,65.64,235.12,58.5,4.22,32469361.96,547.16,70.88,0.12954
3443,Groundnut,Red,Kharif,Rainfed,61,32,74,6.38,25.02,74.53,378.43,57.81,69.37,249781798.8,545.66,2.16,0.00396
3444,Sugarcane,Black,Kharif,Drip,130,55,101,6.85,22.7,72.78,1459.68,86.75,6.94,81152409.36,1827.19,76.61,0.04193
3445,Wheat,Alluvial,Rabi,Flood,75,47,50,6.49,16.84,48.72,117.93,38.17,6.08,44884091.94,649.04,5.16,0.00795
3446,Millet,Sandy,Kharif,Rainfed,88,40,41,7.06,35.67,57.64,174.15,24.83,1.54,11970016.7,343.72,2.79,0.00812
3447,Cotton,Black,Kharif,Sprinkler,65,35,44,7.11,22.16,65.07,719.71,51.09,2.26,26582632.2,959.24,1.99,0.00207
3448,Sugarcane,Clay,Zaid,Furrow,93,73,100,7.11,33.01,66.34,1250.06,70.15,9.42,123237043.85,2341.31,72.65,0.03103
3449,Tomato,Loamy,Zaid,Drip,72,36,80,5.85,30.0,69.8,558.73,38.14,230.27,2391488090.33,615.22,59.05,0.09598
3450,Wheat,Alluvial,Rabi,Furrow,75,65,38,6.38,22.51,55.8,180.66,38.41,8.12,82879001.33,565.5,2.96,0.00523
3451,Sugarcane,Black,Kharif,Furrow,106,44,51,7.31,24.42,82.93,1403.08,77.96,14.57,122571540.86,1984.83,77.52,0.03906
3452,Cotton,Loamy,Kharif,Furrow,70,41,38,7.94,33.1,72.27,884.38,36.95,3.48,16558686.28,799.57,1.65,0.00206
3453,Cotton,Alluvial,Kharif,Furrow,58,26,66,7.85,26.32,48.18,610.58,57.41,2.22,23731080.68,1041.76,1.91,0.00183
3454,Maize,Red,Rabi,Furrow,126,64,51,6.11,26.8,62.46,758.57,49.3,2.0,26610926.84,537.57,5.13,0.00954
3455,Cotton,Loamy,Kharif,Drip,115,64,66,7.1,34.96,66.48,680.02,59.83,2.53,35879289.9,1154.0,3.17,0.00275
3456,Wheat,Alluvial,Rabi,Furrow,86,44,55,6.39,15.85,64.14,61.28,31.49,44.52,613808230.99,546.62,3.02,0.00552
3457,Cotton,Loamy,Kharif,Sprinkler,64,59,73,6.73,21.72,56.52,896.94,51.26,8.51,31432422.62,822.55,3.19,0.00388
3458,Maize,Red,Rabi,Sprinkler,78,39,61,5.82,23.08,60.11,729.71,62.44,82.91,733636853.6,646.68,4.87,0.00753
3459,Millet,Red,Zaid,Drip,40,35,57,6.93,34.34,58.55,385.63,39.51,82.12,786019437.02,301.26,2.82,0.00936
3460,Groundnut,Loamy,Kharif,Drip,56,28,44,5.5,24.4,62.16,457.43,53.13,0.37,3325717.86,450.0,2.74,0.00609
3461,Millet,Red,Kharif,Rainfed,66,19,22,6.43,35.55,61.64,372.72,27.1,6.82,95768019.8,261.45,2.6,0.00994
3462,Millet,Loamy,Kharif,Rainfed,71,49,62,6.36,32.29,59.6,211.16,20.24,6.32,50722716.39,290.87,3.01,0.01035
3463,Maize,Alluvial,Rabi,Drip,120,41,39,6.92,31.27,62.29,575.99,40.3,8.47,110332209.13,586.53,5.39,0.00919
3464,Sugarcane,Black,Zaid,Flood,128,57,69,7.1,22.54,87.98,864.16,87.7,5.32,48764087.43,1821.45,64.28,0.03529
3465,Groundnut,Laterite,Kharif,Drip,57,55,37,6.84,22.37,71.05,612.44,53.86,9.69,119977023.52,365.19,2.52,0.0069
3466,Sugarcane,Clay,Kharif,Drip,114,85,78,6.5,34.32,74.77,1332.51,69.96,3.33,10925482.43,2531.41,58.81,0.02323
3467,Tomato,Alluvial,Kharif,Sprinkler,101,68,56,5.76,25.05,57.64,594.87,59.62,40.42,559302991.12,596.43,56.96,0.0955
3468,Sugarcane,Black,Zaid,Furrow,94,85,109,6.13,29.02,73.27,1487.55,88.12,3.6,32817313.81,1745.8,93.85,0.05376
3469,Maize,Loamy,Kharif,Rainfed,90,43,60,6.96,29.96,54.49,418.72,46.7,7.46,78314139.55,636.11,5.08,0.00799
3470,Rice,Clay,Kharif,Furrow,106,38,68,5.81,28.89,85.7,901.37,63.81,7.54,82059797.85,1591.54,5.39,0.00339
3471,Wheat,Loamy,Rabi,Furrow,99,40,35,6.9,20.99,64.33,195.31,49.76,95.04,411843086.35,449.06,4.56,0.01015
3472,Sugarcane,Clay,Kharif,Furrow,125,58,75,7.34,29.5,80.79,744.85,73.84,2.54,35304688.99,2054.82,58.13,0.02829
3473,Wheat,Alluvial,Rabi,Flood,78,39,32,6.49,20.42,49.56,129.7,58.06,9.35,43261760.79,586.04,3.13,0.00534
3474,Groundnut,Laterite,Kharif,Sprinkler,66,36,70,5.93,28.23,54.16,431.02,57.62,8.54,92020443.47,642.58,3.12,0.00486
3475,Maize,Red,Kharif,Rainfed,98,58,40,6.72,27.17,77.17,480.77,54.79,479.14,6215175010.4,645.25,5.6,0.00868
3476,Millet,Sandy,Kharif,Rainfed,54,17,22,5.92,28.65,44.06,382.86,24.17,9.32,120420010.16,299.7,2.02,0.00674
3477,Groundnut,Loamy,Kharif,Sprinkler,26,60,71,7.14,26.69,67.86,372.27,43.35,57.92,328564914.05,542.91,1.77,0.00326
3478,Sugarcane,Clay,Zaid,Furrow,138,69,76,6.75,35.5,68.55,1279.45,61.81,77.57,460276111.24,1852.78,66.78,0.03604
3479,Groundnut,Red,Kharif,Rainfed,67,46,51,6.38,26.42,64.64,472.98,57.75,9.16,48790181.99,587.69,2.79,0.00475
3480,Groundnut,Sandy,Kharif,Rainfed,42,40,66,7.02,28.22,65.75,602.44,44.85,68.27,290495452.1,435.29,2.33,0.00535
3481,Groundnut,Red,Kharif,Drip,28,48,52,6.15,30.95,71.71,516.48,51.55,2.89,30436722.12,525.09,2.29,0.00436
3482,Rice,Loamy,Kharif,Flood,126,50,44,5.52,33.14,79.03,852.09,74.28,37.61,223886809.19,1915.33,4.05,0.00211
3483,Rice,Clay,Kharif,Furrow,112,69,35,5.51,26.34,72.04,1360.07,86.15,6.2,51910780.24,1282.54,5.74,0.00448
3484,Groundnut,Laterite,Kharif,Drip,34,31,33,5.98,27.48,71.71,474.18,40.34,3.45,14041556.26,426.34,3.06,0.00718
3485,Sugarcane,Loamy,Zaid,Flood,100,62,107,7.63,35.36,72.12,984.46,88.81,4.42,31368292.29,2533.12,68.36,0.02699
3486,Tomato,Red,Rabi,Drip,94,62,83,5.64,19.71,69.79,325.74,55.05,3.48,17894332.09,411.17,55.65,0.13535
3487,Sugarcane,Black,Zaid,Furrow,126,66,97,7.13,27.99,89.1,714.93,81.05,6.45,44062239.94,2343.38,78.25,0.03339
3488,Maize,Red,Rabi,Drip,96,40,46,6.23,22.75,57.07,687.13,49.71,5.95,52453968.72,675.27,5.57,0.00825
3489,Maize,Loamy,Kharif,Drip,101,52,43,5.88,23.24,62.94,404.15,54.47,3.64,48989844.16,769.76,6.36,0.00826
3490,Tomato,Loamy,Zaid,Furrow,90,52,89,5.78,24.39,72.3,392.94,41.41,2.63,9998498.44,397.08,72.32,0.18213
3491,Tomato,Loamy,Rabi,Furrow,75,54,55,6.79,23.23,73.87,524.52,56.54,21.29,307174147.92,459.9,59.81,0.13005
3492,Tomato,Laterite,Kharif,Furrow,77,37,83,6.46,22.45,58.14,540.44,60.4,4.01,22951026.45,489.59,63.78,0.13027
3493,Sugarcane,Clay,Zaid,Furrow,147,45,83,7.56,33.05,73.02,731.99,72.42,57.54,640676558.86,1913.26,64.58,0.03375
3494,Sugarcane,Loamy,Zaid,Flood,148,70,51,6.75,27.91,82.63,1022.75,72.07,1.2,10580862.64,1711.57,72.24,0.04221
3495,Maize,Red,Rabi,Furrow,74,32,67,6.44,29.98,72.16,382.72,55.37,1.3,7495533.91,585.89,4.15,0.00708
3496,Groundnut,Sandy,Kharif,Rainfed,36,56,55,6.0,29.72,51.31,567.53,53.17,3.41,33293349.9,467.38,2.72,0.00582
3497,Wheat,Alluvial,Rabi,Flood,114,44,37,7.37,14.47,61.97,73.26,52.73,3.99,23951033.14,526.82,4.46,0.00847
3498,Cotton,Loamy,Kharif,Sprinkler,106,61,43,6.25,28.81,64.59,762.99,35.71,4.29,56113527.84,854.31,3.77,0.00441
3499,Cotton,Alluvial,Kharif,Sprinkler,54,56,66,6.28,31.03,67.48,889.04,58.84,7.88,31910147.74,758.15,3.46,0.00456
3500,Maize,Black,Rabi,Rainfed,95,64,55,5.81,24.78,50.78,371.71,46.72,0.28,947204.08,730.08,6.21,0.00851
3501,Millet,Red,Zaid,Drip,44,31,30,6.29,26.18,30.81,424.31,41.59,9.74,74904520.95,404.14,2.53,0.00626
3502,Cotton,Alluvial,Kharif,Sprinkler,68,48,61,7.61,34.11,68.9,947.94,52.03,5.65,54796635.3,743.31,2.07,0.00278
3503,Wheat,Alluvial,Rabi,Sprinkler,97,43,70,7.33,12.96,63.85,83.92,47.29,377.6,5091885444.44,553.18,3.12,0.00564
3504,Sugarcane,Black,Kharif,Flood,106,57,72,6.03,30.76,77.44,1165.76,72.55,8.64,73144399.35,2182.57,104.91,0.04807
3505,Maize,Alluvial,Kharif,Sprinkler,81,40,33,6.57,20.14,54.45,658.53,67.05,8.09,103771345.1,567.91,6.04,0.01064
3506,Millet,Sandy,Kharif,Sprinkler,35,18,43,6.95,25.4,39.94,403.36,37.04,5.12,68178530.4,393.91,2.56,0.0065
3507,Groundnut,Red,Kharif,Sprinkler,47,43,65,6.78,26.56,58.35,493.55,44.8,0.91,10215591.86,549.91,2.88,0.00524
3508,Maize,Black,Kharif,Furrow,106,56,41,6.92,28.97,71.33,683.0,46.94,18.9,163209092.53,576.41,4.78,0.00829
3509,Millet,Red,Kharif,Drip,85,42,54,5.58,30.12,56.69,350.7,33.44,1.62,19942094.59,253.4,3.11,0.01227
3510,Tomato,Alluvial,Rabi,Furrow,54,45,87,6.92,23.92,61.72,323.14,40.47,0.74,3538078.62,442.41,52.84,0.11944
3511,Rice,Loamy,Kharif,Flood,135,70,39,5.69,28.37,92.59,1527.13,88.52,68.26,744289686.23,1147.61,4.97,0.00433
3512,Maize,Red,Kharif,Furrow,110,38,38,6.27,26.65,54.15,379.38,60.96,0.94,11283889.79,620.93,5.99,0.00965
3513,Rice,Loamy,Kharif,Drip,110,37,69,5.61,25.87,89.61,1572.01,68.15,7.89,73606464.29,1429.41,5.0,0.0035
3514,Sugarcane,Black,Zaid,Drip,154,72,76,6.65,35.37,89.83,1144.18,75.02,3.51,21921293.55,1583.44,72.73,0.04593
3515,Rice,Loamy,Kharif,Furrow,87,52,59,6.01,24.95,78.17,740.42,77.96,647.87,4333085483.59,1614.39,4.77,0.00295
3516,Tomato,Laterite,Rabi,Furrow,94,37,90,6.49,28.99,76.01,567.49,52.2,975.72,7819059111.14,639.62,58.16,0.09093
3517,Groundnut,Loamy,Rabi,Rainfed,34,42,47,6.23,25.03,61.05,457.44,42.7,6.83,17210966.54,411.55,1.88,0.00457
3518,Millet,Loamy,Zaid,Rainfed,42,47,58,7.01,32.33,54.72,348.9,40.66,52.34,715097881.33,429.52,2.46,0.00573
3519,Rice,Clay,Kharif,Drip,120,68,37,6.36,30.81,91.0,1071.44,67.22,4.64,48512491.46,1384.45,5.76,0.00416
3520,Rice,Clay,Kharif,Flood,118,39,43,6.66,31.42,81.58,1096.05,63.43,21.37,202517403.54,1305.05,6.85,0.00525
3521,Wheat,Clay,Rabi,Flood,102,43,43,7.35,23.37,54.04,109.12,47.2,9.56,26436156.89,608.41,3.94,0.00648
3522,Tomato,Loamy,Zaid,Furrow,90,72,58,6.43,22.54,62.11,427.03,47.35,7.64,50886547.5,421.72,41.39,0.09815
3523,Tomato,Red,Kharif,Drip,63,56,68,6.01,18.59,75.9,470.16,63.66,9.48,88270509.47,445.57,43.79,0.09828
3524,Groundnut,Laterite,Kharif,Rainfed,42,35,68,5.92,23.44,68.2,644.41,57.83,5.2,26786704.86,414.76,2.9,0.00699
3525,Wheat,Loamy,Rabi,Flood,111,59,41,6.57,24.38,51.76,115.49,36.02,7.4,60893912.25,570.69,3.49,0.00612
3526,Cotton,Loamy,Kharif,Sprinkler,72,47,42,6.9,27.01,46.73,965.28,45.46,110.26,538272959.16,790.14,3.16,0.004
3527,Maize,Black,Kharif,Drip,103,64,42,5.86,20.43,67.33,651.56,51.57,44.51,595016695.27,667.6,4.55,0.00682
3528,Sugarcane,Clay,Zaid,Drip,107,47,104,6.11,22.5,89.75,1467.49,79.42,717.79,10045312338.02,2105.96,56.65,0.0269
3529,Millet,Loamy,Kharif,Drip,87,38,65,6.06,31.9,37.71,268.13,35.6,1.41,20136019.71,412.36,1.71,0.00415
3530,Cotton,Black,Kharif,Sprinkler,78,42,80,6.26,27.88,53.74,824.58,42.92,9.09,29026574.91,885.74,1.91,0.00216
3531,Sugarcane,Black,Kharif,Flood,96,64,101,6.93,28.3,88.18,904.11,80.3,89.32,383598051.03,1611.03,87.96,0.0546
3532,Groundnut,Sandy,Kharif,Rainfed,55,28,58,6.37,23.29,67.99,406.81,46.29,51.06,699644393.81,485.7,2.31,0.00476
3533,Wheat,Alluvial,Rabi,Furrow,98,58,34,7.04,12.16,43.58,136.84,31.9,0.58,3255830.32,526.13,2.98,0.00566
3534,Wheat,Alluvial,Rabi,Furrow,64,56,53,6.93,23.94,44.99,203.62,42.26,7.88,57935855.35,520.79,4.8,0.00922
3535,Millet,Red,Zaid,Drip,63,34,62,5.58,25.08,44.88,295.08,25.73,26.94,358587687.07,272.66,3.49,0.0128
3536,Maize,Alluvial,Kharif,Sprinkler,130,59,58,7.1,21.78,54.67,320.77,56.16,5.38,62267627.65,767.45,4.13,0.00538
3537,Groundnut,Sandy,Rabi,Sprinkler,36,27,49,6.36,24.57,69.41,677.31,35.29,8.07,95458596.99,387.09,1.92,0.00496
3538,Cotton,Black,Kharif,Drip,80,52,67,6.5,32.35,47.83,859.33,62.11,6.48,60204012.5,838.24,2.0,0.00239
3539,Cotton,Loamy,Kharif,Drip,103,39,58,6.7,31.4,66.95,605.24,35.77,45.72,325104707.56,785.31,2.24,0.00285
3540,Rice,Alluvial,Kharif,Flood,107,66,51,5.89,26.99,89.99,1263.03,80.38,178.23,2101814524.46,1510.42,4.31,0.00285
3541,Groundnut,Laterite,Kharif,Sprinkler,28,29,63,6.46,31.66,68.19,675.39,49.03,13.15,57435376.27,560.75,2.67,0.00476
3542,Tomato,Red,Rabi,Drip,76,62,70,6.94,22.04,63.32,359.62,38.96,0.88,5804063.67,623.2,47.8,0.0767
3543,Tomato,Alluvial,Zaid,Furrow,58,38,57,6.54,29.49,55.78,271.04,39.17,7.49,48176027.55,665.29,49.5,0.0744
3544,Rice,Clay,Kharif,Flood,114,61,38,6.33,26.86,80.23,956.23,81.55,38.35,530663815.12,1502.92,4.89,0.00325
3545,Millet,Loamy,Zaid,Drip,33,35,36,7.32,32.0,51.43,400.06,44.8,6.83,52460170.14,315.19,2.59,0.00822
3546,Wheat,Clay,Rabi,Furrow,68,37,58,6.44,22.29,51.15,59.99,47.96,7.83,23711067.21,657.69,2.5,0.0038
3547,Cotton,Black,Kharif,Sprinkler,65,65,41,7.04,24.21,55.95,726.83,53.02,2.8,8527980.91,819.12,2.55,0.00311
3548,Maize,Red,Kharif,Sprinkler,105,65,68,6.18,22.92,50.52,587.33,69.88,5.8,15620720.9,582.97,6.06,0.0104
3549,Millet,Sandy,Zaid,Sprinkler,88,20,56,5.96,26.51,51.8,230.12,36.77,2.1,19016284.71,357.87,3.01,0.00841
3550,Sugarcane,Clay,Kharif,Flood,125,74,98,6.99,33.39,81.49,1565.57,85.6,9.13,77311426.91,1929.02,50.02,0.02593
3551,Cotton,Alluvial,Kharif,Sprinkler,61,60,79,6.84,23.63,65.81,648.48,63.8,0.68,6597356.88,1006.62,3.47,0.00345
3552,Wheat,Clay,Rabi,Sprinkler,69,40,65,6.03,21.56,45.0,135.07,50.1,82.52,830317551.3,611.17,3.03,0.00496
3553,Rice,Alluvial,Kharif,Drip,109,51,45,5.62,33.89,82.15,612.79,70.2,734.71,10713140429.19,1642.2,3.56,0.00217
3554,Groundnut,Laterite,Kharif,Rainfed,40,38,46,6.51,24.19,68.78,443.52,46.77,7.66,49516966.73,575.26,1.77,0.00308
3555,Sugarcane,Clay,Zaid,Flood,151,57,78,6.56,22.15,70.82,1161.44,84.87,432.32,6189446427.21,1602.52,79.87,0.04984
3556,Wheat,Alluvial,Rabi,Drip,110,47,38,6.43,17.93,65.99,101.22,56.83,45.41,426515659.32,531.77,3.56,0.00669
3557,Maize,Alluvial,Rabi,Furrow,77,36,58,6.96,21.64,72.55,463.46,57.83,58.77,352033186.56,480.47,4.79,0.00997
3558,Wheat,Loamy,Rabi,Sprinkler,94,32,36,6.51,10.95,49.68,152.44,58.09,3.9,39372051.56,541.8,3.62,0.00668
3559,Groundnut,Sandy,Kharif,Rainfed,26,56,72,6.35,29.77,59.92,641.0,53.54,8.26,61514765.6,488.95,2.51,0.00513
3560,Rice,Loamy,Kharif,Drip,108,58,54,6.08,27.28,72.35,748.32,86.7,37.52,332610606.8,1346.36,3.29,0.00244
3561,Tomato,Laterite,Zaid,Sprinkler,80,72,59,6.96,28.27,62.26,325.69,60.03,39.27,325124694.22,571.46,38.53,0.06742
3562,Rice,Clay,Kharif,Drip,113,48,38,5.99,29.33,73.63,1353.65,65.72,6.95,86015844.55,1509.83,4.93,0.00327
3563,Groundnut,Sandy,Rabi,Rainfed,42,43,60,6.16,25.56,60.64,598.64,48.45,5.04,18247074.72,562.88,2.1,0.00373
3564,Rice,Clay,Kharif,Furrow,80,70,39,5.99,26.39,70.44,885.4,64.83,4.16,58011613.09,1401.13,4.12,0.00294
3565,Millet,Loamy,Zaid,Sprinkler,40,21,65,7.12,31.19,42.07,400.27,36.75,0.22,920746.09,270.82,1.96,0.00724
3566,Rice,Loamy,Kharif,Drip,136,48,64,5.55,24.15,84.65,976.48,84.05,1.94,15088475.57,1615.99,4.64,0.00287
3567,Maize,Alluvial,Kharif,Furrow,112,44,45,6.13,28.9,55.58,319.64,54.93,953.77,13495692304.74,589.28,3.54,0.00601
3568,Sugarcane,Loamy,Kharif,Drip,142,56,81,7.48,25.13,84.95,1386.42,71.42,1.65,18775358.4,1820.33,55.47,0.03047
3569,Rice,Alluvial,Kharif,Flood,129,66,44,6.39,25.14,79.74,1065.05,74.05,2.92,12167064.18,1257.65,6.66,0.0053
3570,Tomato,Laterite,Kharif,Furrow,57,35,60,5.88,25.39,60.37,314.53,64.07,8.92,55538092.58,668.31,64.44,0.09642
3571,Maize,Alluvial,Kharif,Furrow,86,41,44,6.52,28.49,77.38,356.39,46.69,5.67,63751195.42,711.31,5.59,0.00786
3572,Groundnut,Loamy,Kharif,Rainfed,32,26,31,6.98,26.52,65.89,375.53,51.23,1.02,5253267.13,474.79,2.75,0.00579
3573,Sugarcane,Clay,Kharif,Flood,126,60,109,6.08,28.88,66.92,1265.3,89.45,96.9,1145749354.66,2625.82,107.75,0.04103
3574,Groundnut,Sandy,Kharif,Rainfed,41,48,56,6.63,24.17,57.84,476.5,31.97,6.33,17607585.17,545.6,1.57,0.00288
3575,Sugarcane,Black,Zaid,Flood,98,47,63,7.54,30.08,76.56,1567.26,61.98,5.57,69801920.68,2556.14,90.01,0.03521
3576,Millet,Red,Zaid,Sprinkler,74,24,62,6.87,30.78,50.3,420.36,22.62,6.12,68032248.18,326.41,2.7,0.00827
3577,Millet,Red,Kharif,Rainfed,57,21,50,5.55,34.05,61.73,173.38,26.42,16.39,120509927.19,347.99,2.73,0.00785
3578,Cotton,Alluvial,Kharif,Drip,95,31,57,6.91,31.85,59.32,709.9,35.76,5.87,85312829.57,1017.36,2.2,0.00216
3579,Rice,Loamy,Kharif,Flood,113,53,62,5.9,29.49,80.46,997.25,61.88,9.14,30047849.99,1336.82,5.85,0.00438
3580,Maize,Red,Rabi,Drip,128,33,32,6.84,21.3,54.06,768.04,61.04,0.81,9157562.27,617.28,4.67,0.00757
3581,Maize,Loamy,Rabi,Furrow,101,54,53,6.86,31.48,77.23,343.97,42.96,8.6,76806292.13,613.48,3.67,0.00598
3582,Groundnut,Red,Kharif,Rainfed,68,52,35,7.04,30.91,51.26,621.4,40.13,459.01,4157447022.79,508.18,2.21,0.00435
3583,Millet,Sandy,Kharif,Drip,35,15,53,5.53,30.74,52.45,365.5,25.2,0.68,7594273.19,426.01,2.53,0.00594
3584,Sugarcane,Loamy,Kharif,Furrow,92,49,50,7.02,34.3,84.42,704.99,79.14,61.88,282378421.19,2316.53,52.48,0.02265
3585,Rice,Loamy,Kharif,Drip,133,53,36,6.26,31.44,86.59,1276.26,65.25,5.28,75521807.49,1394.75,3.84,0.00275
3586,Millet,Loamy,Zaid,Rainfed,45,50,48,6.69,26.4,49.74,176.38,43.3,6.44,59726097.42,238.42,2.78,0.01166
3587,Tomato,Loamy,Rabi,Drip,62,71,47,6.23,24.44,63.17,318.24,47.29,4.08,10211781.52,516.19,64.15,0.12428
3588,Maize,Loamy,Rabi,Rainfed,73,31,60,6.92,31.81,79.74,596.12,47.78,9.86,89500618.86,662.08,3.67,0.00554
3589,Millet,Red,Zaid,Drip,41,44,50,7.49,30.23,31.02,269.86,23.16,4.69,53776677.62,386.75,2.44,0.00631
3590,Maize,Alluvial,Kharif,Drip,116,62,38,5.87,20.41,64.06,519.71,53.57,0.8,8014573.24,675.25,4.07,0.00603
3591,Maize,Alluvial,Rabi,Rainfed,96,62,68,5.9,22.27,61.69,417.95,44.76,93.91,1279204544.27,540.43,6.4,0.01184
3592,Sugarcane,Black,Kharif,Furrow,118,66,50,7.47,26.45,74.97,1308.23,76.56,0.42,3171749.51,1589.28,60.91,0.03833
3593,Sugarcane,Loamy,Zaid,Furrow,100,72,109,6.81,35.07,70.7,1022.68,80.14,144.21,1951870154.6,2019.09,79.11,0.03918
3594,Cotton,Black,Kharif,Drip,61,31,30,7.47,23.21,59.93,590.65,41.25,6.66,79255141.88,722.66,2.17,0.003
3595,Millet,Red,Zaid,Drip,58,27,23,6.32,25.91,40.82,307.4,22.61,2.21,7871179.38,246.16,1.86,0.00756
3596,Rice,Alluvial,Kharif,Furrow,102,67,40,6.21,25.94,93.87,1164.8,83.9,4.61,47463320.31,1311.96,6.66,0.00508
3597,Maize,Alluvial,Kharif,Drip,84,60,33,6.8,20.0,73.84,663.94,64.77,3.41,28061631.6,666.16,4.6,0.00691
3598,Maize,Alluvial,Kharif,Drip,75,36,41,6.28,25.41,58.14,604.43,65.14,6.84,42260574.35,731.37,4.78,0.00654
3599,Cotton,Alluvial,Kharif,Sprinkler,103,37,58,6.66,21.78,64.59,646.47,52.31,2.68,30314805.48,708.99,3.16,0.00446
3600,Millet,Loamy,Zaid,Sprinkler,89,50,56,6.71,34.51,43.64,414.66,30.76,3.55,35419407.84,345.1,3.27,0.00948
3601,Maize,Black,Kharif,Rainfed,79,59,54,6.83,26.57,60.45,754.03,44.84,8.95,74390476.95,737.6,3.7,0.00502
3602,Rice,Loamy,Kharif,Furrow,90,45,40,6.49,30.22,75.44,967.67,69.28,7.73,42766663.01,1697.73,4.68,0.00276
3603,Groundnut,Sandy,Kharif,Drip,50,53,71,5.69,25.59,64.98,463.59,38.69,8.81,73939469.47,609.29,2.22,0.00364
3604,Maize,Loamy,Rabi,Furrow,92,43,32,6.64,21.62,59.55,385.3,46.16,707.88,5376859523.4,558.72,5.12,0.00916
3605,Rice,Loamy,Kharif,Drip,132,68,60,5.69,30.04,74.93,974.33,88.94,7.34,19070991.87,1468.06,6.39,0.00435
3606,Sugarcane,Loamy,Zaid,Furrow,148,61,67,7.39,22.44,81.19,1583.43,83.65,97.79,305023395.99,1548.85,60.19,0.03886
3607,Wheat,Loamy,Rabi,Sprinkler,62,48,49,6.92,14.59,69.46,103.07,54.09,2.15,16187900.19,560.73,4.45,0.00794
3608,Tomato,Red,Kharif,Sprinkler,96,37,51,6.33,26.32,78.53,433.4,43.14,1.65,4584047.64,468.53,36.77,0.07848
3609,Rice,Loamy,Kharif,Flood,80,62,41,6.57,27.51,92.56,1484.94,85.9,4.79,16759026.23,1359.48,3.68,0.00271
3610,Groundnut,Loamy,Rabi,Drip,53,52,61,6.12,24.97,64.65,582.21,51.33,3.61,27813214.05,394.24,3.27,0.00829
3611,Groundnut,Loamy,Rabi,Sprinkler,63,47,65,5.88,27.96,54.51,469.36,47.53,1.07,7384958.9,463.69,3.01,0.00649
3612,Groundnut,Laterite,Rabi,Sprinkler,37,35,30,6.18,24.21,69.46,637.69,50.13,6.58,51803413.87,470.46,2.52,0.00536
3613,Cotton,Loamy,Kharif,Drip,56,57,58,7.86,28.58,59.62,750.77,58.38,3.54,22443751.93,914.75,3.33,0.00364
3614,Tomato,Laterite,Rabi,Drip,81,75,68,6.21,22.11,63.58,326.5,64.75,47.29,663732286.75,554.15,58.34,0.10528
3615,Rice,Alluvial,Kharif,Flood,117,38,36,5.67,29.41,79.27,1209.14,71.53,86.06,431079152.12,1818.34,4.82,0.00265
3616,Rice,Alluvial,Kharif,Furrow,97,66,68,6.28,33.22,92.26,845.28,72.83,9.98,121311479.64,1306.66,3.66,0.0028
3617,Tomato,Red,Rabi,Sprinkler,95,45,50,6.29,26.01,62.96,586.47,56.17,3.1,14946595.15,468.48,63.51,0.13557
3618,Wheat,Loamy,Rabi,Furrow,82,65,65,7.19,13.41,55.65,89.43,38.13,52.66,195231971.56,579.98,4.42,0.00762
3619,Millet,Sandy,Zaid,Rainfed,77,18,34,6.12,26.15,57.14,302.22,36.11,5.33,24023980.02,239.66,1.53,0.00638
3620,Sugarcane,Alluvial,Zaid,Furrow,154,71,76,6.08,28.45,91.63,870.95,67.14,2.02,26801820.24,1608.19,83.34,0.05182
3621,Sugarcane,Loamy,Kharif,Drip,116,56,105,6.24,32.21,84.46,1022.9,77.76,2.55,7128155.29,2491.27,85.78,0.03443
3622,Tomato,Red,Rabi,Sprinkler,63,56,76,6.34,20.35,65.18,407.9,47.61,269.64,1665162988.53,491.68,66.62,0.13549
3623,Maize,Alluvial,Kharif,Furrow,113,50,30,6.69,26.04,78.82,651.59,60.66,6.5,88423629.87,634.6,7.09,0.01117
3624,Groundnut,Laterite,Rabi,Sprinkler,47,27,57,5.99,30.45,67.77,673.39,48.15,3.89,25604585.5,534.95,1.79,0.00335
3625,Rice,Loamy,Kharif,Furrow,128,64,66,5.83,31.67,71.87,893.15,70.09,70.65,700059685.07,1738.67,4.39,0.00252
3626,Maize,Alluvial,Kharif,Furrow,121,53,32,6.55,25.65,56.71,342.0,41.24,7.14,57734612.49,676.67,5.35,0.00791
3627,Millet,Sandy,Kharif,Rainfed,41,24,65,6.16,33.46,38.68,290.38,32.48,8.39,30264327.35,377.88,1.98,0.00524
3628,Wheat,Loamy,Rabi,Drip,62,65,38,6.97,13.17,52.96,121.4,59.32,6.12,86188537.82,444.89,3.78,0.0085
3629,Groundnut,Laterite,Kharif,Rainfed,56,56,48,5.82,31.62,74.79,631.85,43.54,9.23,105765209.69,452.7,2.84,0.00627
3630,Rice,Loamy,Kharif,Furrow,139,67,64,6.56,31.05,84.42,641.88,89.18,43.96,363961486.76,1495.74,5.58,0.00373
3631,Wheat,Clay,Rabi,Drip,72,49,50,6.23,17.41,56.38,77.33,50.95,75.63,776594715.86,474.36,5.18,0.01092
3632,Wheat,Clay,Rabi,Drip,106,41,59,6.94,20.92,65.57,163.86,34.36,6.93,30289287.59,502.83,5.35,0.01064
3633,Groundnut,Sandy,Rabi,Sprinkler,27,56,48,6.37,22.17,64.93,391.87,37.24,543.37,1616458097.69,558.73,1.81,0.00324
3634,Groundnut,Sandy,Rabi,Rainfed,63,35,70,7.12,27.05,64.82,532.16,37.46,1.41,3550974.27,509.78,3.15,0.00618
3635,Wheat,Alluvial,Rabi,Flood,91,35,67,7.42,11.47,42.68,229.82,45.36,4.77,68513253.35,566.69,4.27,0.00753
3636,Groundnut,Laterite,Kharif,Rainfed,39,27,39,7.14,27.79,64.17,361.67,57.55,3.4,24604599.59,453.03,2.8,0.00618
3637,Tomato,Laterite,Rabi,Drip,109,52,51,6.63,21.58,67.4,540.68,53.34,60.05,642254092.51,618.53,48.6,0.07857
3638,Rice,Loamy,Kharif,Furrow,106,59,66,6.77,28.1,74.08,639.78,69.67,1.62,23153143.46,1542.41,3.71,0.00241
3639,Groundnut,Red,Kharif,Rainfed,56,42,31,6.59,31.38,57.06,635.68,32.47,3.24,20027668.66,618.91,2.67,0.00431
3640,Rice,Clay,Kharif,Drip,122,45,59,6.14,30.56,92.22,1413.51,75.74,9.99,57743225.97,1388.35,4.05,0.00292
3641,Tomato,Red,Kharif,Furrow,81,59,66,5.58,22.27,64.75,465.32,63.59,5.78,74802367.37,563.3,65.67,0.11658
3642,Maize,Black,Kharif,Sprinkler,113,61,48,7.02,27.95,54.78,599.19,49.32,9.56,72750167.85,851.93,4.47,0.00525
3643,Cotton,Alluvial,Kharif,Furrow,101,30,73,6.67,25.8,63.63,528.66,54.4,47.57,262373941.07,713.2,1.92,0.00269
3644,Tomato,Loamy,Rabi,Furrow,90,50,75,6.36,22.4,64.89,314.05,48.62,5.2,56398946.62,544.24,72.38,0.13299
3645,Groundnut,Loamy,Kharif,Sprinkler,60,37,63,6.98,31.14,70.98,564.9,55.29,2.45,29921039.22,442.83,2.35,0.00531
3646,Tomato,Alluvial,Zaid,Drip,109,65,43,6.1,28.76,62.96,447.36,60.76,1.62,20038750.52,571.73,33.64,0.05884
3647,Maize,Alluvial,Rabi,Sprinkler,73,44,60,6.79,24.83,60.82,441.02,41.85,58.77,373320354.73,549.33,6.26,0.0114
3648,Groundnut,Laterite,Rabi,Drip,67,47,52,6.2,22.68,72.3,472.23,32.5,53.02,409087839.87,497.65,3.03,0.00609
3649,Sugarcane,Black,Zaid,Furrow,145,48,93,6.04,29.23,88.56,920.39,67.78,547.68,1425702758.98,1559.2,89.49,0.05739
3650,Sugarcane,Clay,Zaid,Furrow,125,77,84,6.77,33.76,70.58,757.1,88.97,95.93,800546391.57,2551.21,72.61,0.02846
3651,Tomato,Red,Rabi,Sprinkler,88,64,87,5.71,26.35,75.88,343.63,56.25,5.39,53389796.1,402.1,49.16,0.12226
3652,Rice,Clay,Kharif,Furrow,100,35,55,6.46,27.79,88.14,1414.97,83.91,61.28,200470119.81,1415.68,5.64,0.00398
3653,Cotton,Alluvial,Kharif,Drip,120,59,66,7.22,29.08,47.83,659.7,45.19,4.1,54011182.43,892.59,3.35,0.00375
3654,Sugarcane,Clay,Zaid,Drip,96,77,65,6.86,30.03,70.75,1026.05,74.73,1.72,15724440.18,2037.94,94.53,0.04639
3655,Groundnut,Laterite,Rabi,Drip,64,55,40,6.45,26.17,67.17,655.99,44.31,809.64,8858499505.42,419.02,2.49,0.00594
3656,Rice,Clay,Kharif,Furrow,96,69,44,6.29,29.23,75.53,1413.67,82.29,934.0,4114050261.54,1754.38,5.54,0.00316
3657,Groundnut,Loamy,Rabi,Sprinkler,68,36,54,7.16,24.31,54.99,648.18,30.39,7.44,55179556.94,522.86,3.07,0.00587
3658,Cotton,Loamy,Kharif,Sprinkler,103,40,62,6.55,33.02,52.59,972.96,42.81,303.86,1058186808.92,868.8,1.94,0.00223
3659,Groundnut,Red,Kharif,Sprinkler,48,60,33,5.75,26.22,54.5,620.72,39.67,1.63,8284371.41,467.79,2.32,0.00496
3660,Maize,Alluvial,Kharif,Furrow,81,48,44,7.07,28.26,55.96,524.6,61.89,7.92,53886832.97,599.42,6.4,0.01068
3661,Millet,Sandy,Zaid,Rainfed,89,35,60,7.44,29.36,45.25,198.86,31.82,9.27,57604389.99,285.82,3.63,0.0127
3662,Rice,Alluvial,Kharif,Drip,115,47,39,5.87,26.57,74.68,662.67,72.46,4.19,46273691.1,1335.81,3.65,0.00273
3663,Cotton,Alluvial,Kharif,Furrow,96,26,75,7.87,24.0,52.16,790.05,47.82,1.53,5990931.13,910.58,2.56,0.00281
3664,Tomato,Laterite,Rabi,Drip,50,58,83,5.94,25.79,50.01,548.58,44.51,7.9,80765069.1,454.08,43.45,0.09569
3665,Millet,Red,Kharif,Rainfed,73,45,64,6.05,31.82,42.97,302.83,22.08,0.21,2282915.07,326.26,4.01,0.01229
3666,Sugarcane,Black,Zaid,Flood,143,79,69,7.67,31.23,80.58,1185.63,88.33,7.74,98992679.14,1574.81,109.13,0.0693
3667,Sugarcane,Alluvial,Zaid,Drip,127,77,100,6.26,35.2,66.47,733.53,75.72,7.88,103444758.33,2407.12,51.41,0.02136
3668,Cotton,Alluvial,Kharif,Sprinkler,106,65,67,7.77,26.09,73.41,570.75,37.34,971.08,11554889331.66,816.67,2.55,0.00312
3669,Millet,Red,Kharif,Sprinkler,63,19,28,5.79,32.22,38.42,229.0,36.87,71.22,869878066.51,329.41,1.54,0.00468
3670,Tomato,Laterite,Zaid,Furrow,94,46,59,5.95,24.27,77.21,302.7,64.98,7.41,30620480.84,502.07,68.9,0.13723
3671,Wheat,Alluvial,Rabi,Flood,94,59,62,7.13,15.72,54.78,182.29,34.97,8.51,103440614.97,464.36,3.57,0.00769
3672,Groundnut,Loamy,Rabi,Rainfed,28,58,63,6.23,22.44,65.18,482.31,53.95,2.82,24571337.29,413.05,2.33,0.00564
3673,Maize,Loamy,Kharif,Rainfed,111,46,51,6.49,25.77,65.13,736.08,45.13,6.2,70761827.18,750.22,6.6,0.0088
3674,Maize,Loamy,Kharif,Rainfed,72,30,61,5.92,27.96,62.81,455.65,49.38,3.27,24998578.0,672.37,5.84,0.00869
3675,Sugarcane,Loamy,Kharif,Flood,133,48,98,7.52,27.6,90.98,1268.95,85.81,9.67,42552818.11,2256.03,86.57,0.03837
3676,Rice,Loamy,Kharif,Drip,129,66,39,6.17,33.98,82.07,790.03,61.16,9.22,30295261.36,1778.9,4.84,0.00272
3677,Millet,Sandy,Zaid,Drip,68,17,20,6.59,30.83,41.08,288.17,43.01,9.35,43849736.08,292.78,1.99,0.0068
3678,Tomato,Loamy,Zaid,Drip,64,41,43,5.96,24.58,56.68,242.74,54.51,7.61,43874979.69,674.43,55.42,0.08217
3679,Cotton,Loamy,Kharif,Drip,118,56,71,6.44,24.0,64.4,739.95,60.12,3.83,40194300.14,827.46,1.89,0.00228
3680,Rice,Alluvial,Kharif,Flood,90,56,36,6.68,33.0,82.96,1499.25,76.13,102.34,315181833.1,1434.15,4.25,0.00296
3681,Rice,Loamy,Kharif,Furrow,95,55,54,5.68,24.17,76.64,651.5,61.06,823.05,5926931358.55,1376.44,5.11,0.00371
3682,Wheat,Alluvial,Rabi,Sprinkler,105,53,44,7.3,12.54,40.48,103.65,47.83,8.53,91112461.56,590.06,4.84,0.0082
3683,Tomato,Alluvial,Rabi,Furrow,55,55,70,6.69,25.07,51.18,404.24,52.91,0.68,8525221.93,532.3,57.78,0.10855
3684,Cotton,Black,Kharif,Drip,71,61,65,6.91,29.03,57.85,862.53,35.47,0.46,3256397.39,854.17,2.92,0.00342
3685,Wheat,Loamy,Rabi,Sprinkler,107,59,63,6.42,12.43,69.42,58.75,54.41,6.49,62036767.5,473.02,2.58,0.00545
3686,Sugarcane,Clay,Kharif,Furrow,100,85,83,7.49,29.68,79.98,1589.36,71.69,16.09,51640381.78,1649.67,60.95,0.03695
3687,Rice,Clay,Kharif,Furrow,134,50,42,6.03,28.81,72.77,655.14,69.43,1.44,6963980.33,1313.35,5.49,0.00418
3688,Cotton,Loamy,Kharif,Furrow,113,63,78,7.78,22.84,64.72,824.38,48.48,8.59,23334404.4,689.83,2.28,0.00331
3689,Cotton,Black,Kharif,Drip,95,30,55,5.91,27.03,67.12,778.34,45.7,3.41,27772123.32,757.97,2.12,0.0028
3690,Rice,Alluvial,Kharif,Flood,82,46,63,6.29,33.9,85.7,696.98,79.97,599.07,6313200787.5,1326.52,3.19,0.0024
3691,Sugarcane,Loamy,Zaid,Drip,150,42,90,6.17,28.24,93.32,1294.36,80.83,5.81,36607195.06,2045.37,80.95,0.03958
3692,Tomato,Alluvial,Rabi,Furrow,92,50,81,6.04,25.51,69.93,571.55,58.62,440.44,4069712884.12,587.46,47.7,0.0812
3693,Cotton,Loamy,Kharif,Furrow,85,48,77,6.5,31.66,60.98,967.43,35.26,7.66,94223676.93,1088.99,2.47,0.00227
3694,Sugarcane,Black,Zaid,Drip,92,45,65,6.59,22.4,65.06,1364.76,84.99,6.39,68982186.95,2395.98,65.39,0.02729
3695,Tomato,Loamy,Kharif,Drip,107,71,89,6.44,24.79,78.11,511.23,38.56,46.08,271717549.0,379.57,46.53,0.12259
3696,Cotton,Alluvial,Kharif,Sprinkler,71,43,59,6.79,26.21,52.44,884.25,58.63,2.36,28691007.38,980.88,3.17,0.00323
3697,Wheat,Alluvial,Rabi,Sprinkler,88,61,30,6.73,14.01,51.21,106.75,32.98,2.13,19626013.53,602.89,3.95,0.00655
3698,Maize,Alluvial,Kharif,Furrow,78,38,40,7.16,24.18,75.43,769.59,63.61,0.53,7658278.44,667.63,5.18,0.00776
3699,Rice,Loamy,Kharif,Flood,82,53,40,6.01,33.89,72.12,917.88,76.56,0.87,5290898.19,1667.72,3.35,0.00201
3700,Cotton,Loamy,Kharif,Drip,85,30,67,7.27,30.58,61.52,890.62,36.87,40.22,114147593.99,814.12,3.27,0.00402
3701,Groundnut,Sandy,Rabi,Sprinkler,63,52,32,6.02,24.15,55.17,440.33,38.91,3.36,21248880.36,568.24,1.86,0.00327
3702,Tomato,Alluvial,Rabi,Sprinkler,94,41,53,5.73,19.16,72.49,337.5,61.84,2.09,8505344.25,561.1,43.88,0.0782
3703,Tomato,Loamy,Rabi,Sprinkler,68,39,90,6.96,26.3,57.07,271.71,36.8,2.14,7394155.45,635.37,52.29,0.0823
3704,Tomato,Red,Rabi,Furrow,96,43,58,5.84,19.64,77.81,567.97,49.8,4.09,14507469.25,403.28,44.52,0.11039
3705,Millet,Sandy,Kharif,Drip,75,23,54,6.39,29.91,51.1,429.93,23.75,7.97,111684780.55,333.94,3.34,0.01
3706,Tomato,Loamy,Rabi,Furrow,51,53,67,6.35,20.45,57.22,371.9,48.5,3.09,31749013.15,556.01,46.54,0.0837
3707,Cotton,Loamy,Kharif,Sprinkler,62,37,44,7.76,24.68,59.75,971.16,38.55,53.69,184164480.89,1037.92,2.81,0.00271
3708,Groundnut,Loamy,Kharif,Sprinkler,34,58,46,5.71,26.95,54.23,439.29,31.79,6.45,70628556.48,589.44,1.78,0.00302
3709,Maize,Alluvial,Rabi,Furrow,126,37,61,6.48,27.56,51.7,493.16,53.14,617.08,6506313554.08,790.4,6.91,0.00874
3710,Groundnut,Loamy,Kharif,Drip,62,28,41,5.88,31.12,64.94,507.37,51.0,8.74,50278829.78,581.81,3.13,0.00538
3711,Sugarcane,Black,Zaid,Drip,101,58,98,6.46,27.84,87.15,1326.63,88.17,8.66,124930963.73,2300.81,101.18,0.04398
3712,Groundnut,Laterite,Kharif,Sprinkler,56,53,66,6.6,25.2,70.4,429.65,42.94,52.47,460450600.8,499.26,2.86,0.00573
3713,Maize,Alluvial,Rabi,Drip,113,36,58,6.16,31.66,51.81,764.2,41.8,683.07,6731347343.16,677.29,3.53,0.00521
3714,Wheat,Alluvial,Rabi,Flood,63,32,32,6.41,12.69,52.1,225.33,41.36,9.89,66548340.44,458.34,4.96,0.01082
3715,Tomato,Red,Kharif,Furrow,77,71,57,6.57,18.4,59.64,432.09,64.73,5.59,60593693.92,607.88,37.34,0.06143
3716,Cotton,Alluvial,Kharif,Furrow,92,64,36,6.28,30.2,71.35,610.26,62.71,9.44,26347521.07,1045.93,3.29,0.00315
3717,Maize,Red,Rabi,Sprinkler,122,54,58,6.45,31.78,72.45,679.68,52.81,0.77,7610419.45,795.18,4.92,0.00619
3718,Cotton,Black,Kharif,Drip,73,38,67,6.7,32.33,47.39,623.72,43.5,7.08,88097610.8,964.88,3.36,0.00348
3719,Wheat,Loamy,Rabi,Flood,104,36,57,6.67,18.3,48.64,98.82,30.79,4.78,33886190.47,637.83,3.92,0.00615
3720,Rice,Alluvial,Kharif,Furrow,107,48,52,5.85,30.0,70.72,1086.12,79.47,239.53,1472499063.86,1576.18,7.22,0.00458
3721,Sugarcane,Clay,Zaid,Flood,102,58,81,6.76,34.84,81.73,1119.09,77.6,2.51,24358613.18,2033.25,104.62,0.05145
3722,Rice,Clay,Kharif,Drip,108,55,44,6.18,28.29,86.14,1236.83,79.8,7.67,42677833.31,1667.14,6.08,0.00365
3723,Tomato,Alluvial,Zaid,Sprinkler,68,39,75,5.98,20.74,69.42,361.05,39.98,0.61,9048966.81,568.14,47.48,0.08357
3724,Wheat,Loamy,Rabi,Drip,120,49,70,6.7,23.81,63.47,216.9,33.68,7.53,92611686.42,513.77,5.14,0.01
3725,Millet,Loamy,Zaid,Drip,60,32,39,5.79,27.6,64.73,369.24,39.23,3.61,45563632.01,225.0,3.17,0.01409
3726,Groundnut,Loamy,Kharif,Rainfed,60,37,72,6.48,28.57,66.25,418.85,50.6,6.26,84911327.97,504.22,3.3,0.00654
3727,Wheat,Clay,Rabi,Drip,95,42,46,7.41,14.05,54.78,120.62,34.61,7.99,86575407.81,576.43,3.08,0.00534
3728,Millet,Red,Kharif,Rainfed,54,26,62,6.23,25.22,55.39,356.28,34.5,6.0,73756923.91,403.04,2.7,0.0067
3729,Wheat,Alluvial,Rabi,Flood,113,50,40,6.75,22.71,57.46,99.49,46.9,8.09,47564632.9,625.42,4.84,0.00774
3730,Maize,Alluvial,Kharif,Furrow,104,34,51,6.24,27.41,75.87,366.88,60.89,97.24,408782542.57,620.75,5.56,0.00896
3731,Tomato,Alluvial,Zaid,Furrow,83,47,81,6.69,26.8,61.91,390.28,62.48,1.33,3573554.99,621.41,77.87,0.12531
3732,Groundnut,Sandy,Kharif,Drip,32,45,51,6.83,30.45,55.12,364.44,45.73,5.7,75781420.58,573.22,2.59,0.00452
3733,Groundnut,Sandy,Kharif,Drip,31,48,62,6.35,26.66,54.06,611.68,56.05,9.82,55569494.37,591.42,3.15,0.00533
3734,Rice,Loamy,Kharif,Drip,89,54,70,5.57,24.61,84.48,1406.69,82.6,6.28,45545390.53,1477.67,2.9,0.00196
3735,Tomato,Loamy,Kharif,Sprinkler,58,69,64,6.94,28.13,53.11,248.81,57.11,3.04,28232940.57,688.61,50.92,0.07395
3736,Tomato,Loamy,Rabi,Drip,110,43,79,6.53,28.4,79.73,525.01,59.19,63.73,656237571.99,550.93,51.02,0.09261
3737,Sugarcane,Alluvial,Zaid,Furrow,121,48,64,6.68,29.51,92.03,798.26,88.66,280.58,2879489705.01,1470.31,74.57,0.05072
3738,Millet,Red,Kharif,Sprinkler,74,21,47,6.53,34.93,41.32,231.46,40.1,3.09,9297037.79,348.15,1.99,0.00572
3739,Groundnut,Sandy,Rabi,Sprinkler,50,36,33,6.9,30.85,54.43,561.9,43.26,6.7,91373125.03,456.27,2.74,0.00601
3740,Tomato,Red,Rabi,Furrow,94,65,82,5.66,25.52,56.19,407.9,45.76,1.4,5856102.4,658.46,44.18,0.0671
3741,Cotton,Loamy,Kharif,Sprinkler,91,25,50,7.62,32.92,67.31,735.67,61.68,31.55,87385691.91,961.67,2.69,0.0028
3742,Sugarcane,Alluvial,Zaid,Flood,158,80,109,7.4,26.44,76.94,1587.63,68.02,7.72,23518066.69,1992.41,76.78,0.03854
3743,Sugarcane,Loamy,Zaid,Drip,142,68,86,6.31,24.67,77.22,1022.39,63.06,5.71,43467912.51,1856.33,84.75,0.04565
3744,Tomato,Red,Zaid,Drip,74,53,82,5.72,26.53,67.4,222.4,46.26,1.36,13285905.08,562.78,52.5,0.09329
3745,Tomato,Laterite,Zaid,Drip,72,63,76,6.76,23.0,62.99,559.38,53.16,0.52,5499426.27,574.36,48.37,0.08422
3746,Cotton,Alluvial,Kharif,Furrow,120,26,77,7.41,26.4,51.03,777.67,35.64,765.28,5701471577.06,1122.03,1.9,0.00169
3747,Millet,Loamy,Zaid,Drip,65,49,27,6.63,27.53,55.86,155.77,42.86,1.81,21957311.89,241.34,1.67,0.00692
3748,Cotton,Loamy,Kharif,Sprinkler,86,57,48,7.01,30.73,51.3,600.25,45.13,2.72,12932638.88,977.05,3.03,0.0031
3749,Cotton,Alluvial,Kharif,Sprinkler,72,54,80,7.19,29.56,53.72,589.2,37.33,293.73,2995730549.2,1152.37,3.11,0.0027
3750,Sugarcane,Clay,Zaid,Furrow,160,78,109,7.02,29.38,85.27,897.8,71.66,3.29,16013922.07,2037.12,96.74,0.04749
3751,Rice,Clay,Kharif,Drip,120,63,61,5.92,24.43,73.08,1023.64,69.88,3.46,46489665.77,1761.17,3.62,0.00206
3752,Groundnut,Sandy,Kharif,Sprinkler,43,46,43,6.84,30.36,66.51,585.61,55.54,20.79,217931487.65,418.9,1.95,0.00466
3753,Tomato,Red,Rabi,Drip,52,69,43,6.97,20.68,62.24,306.61,63.06,6.98,17484705.09,608.32,31.79,0.05226
3754,Groundnut,Red,Rabi,Rainfed,47,38,33,7.01,24.79,71.21,381.24,32.32,18.5,64857047.74,602.84,2.74,0.00455
3755,Cotton,Alluvial,Kharif,Sprinkler,63,50,31,7.68,23.58,60.88,913.4,39.64,2.71,15681874.93,675.46,2.14,0.00317
3756,Groundnut,Sandy,Rabi,Sprinkler,41,44,62,6.2,25.8,70.31,512.37,59.56,47.26,201328299.09,523.6,2.67,0.0051
3757,Tomato,Red,Zaid,Drip,82,52,47,5.78,28.39,52.4,512.48,63.32,5.93,78971511.85,715.0,46.39,0.06488
3758,Maize,Red,Kharif,Sprinkler,129,50,43,6.28,26.08,73.39,396.08,62.27,690.82,8046006422.67,612.59,5.05,0.00824
3759,Wheat,Clay,Rabi,Furrow,105,33,50,7.43,14.09,41.59,198.27,43.63,9.31,46610515.49,513.12,4.41,0.00859
3760,Wheat,Loamy,Rabi,Furrow,88,46,65,6.87,18.62,58.16,132.71,38.7,66.26,673588343.88,528.35,4.11,0.00778
3761,Wheat,Alluvial,Rabi,Sprinkler,80,61,60,6.15,10.84,41.0,55.51,44.91,4.93,12684387.16,464.05,2.51,0.00541
3762,Maize,Alluvial,Rabi,Sprinkler,118,49,60,6.29,20.95,78.04,502.86,52.88,7.16,32619574.18,611.45,4.47,0.00731
3763,Maize,Alluvial,Kharif,Drip,103,52,45,7.2,25.96,76.47,402.31,56.69,6.61,56820152.83,492.57,5.54,0.01125
3764,Tomato,Alluvial,Rabi,Sprinkler,98,46,87,6.2,24.74,60.83,470.6,38.1,31.17,422763233.89,635.46,43.75,0.06885
3765,Rice,Loamy,Kharif,Drip,84,37,62,6.75,26.56,92.83,808.17,70.78,7.61,55055139.24,1183.93,5.53,0.00467
3766,Groundnut,Red,Rabi,Drip,35,48,62,7.06,29.85,73.7,680.31,33.41,7.48,93487640.1,451.25,2.09,0.00463
3767,Millet,Red,Zaid,Drip,56,38,55,6.19,32.63,48.97,405.88,39.65,92.52,972016956.15,286.46,1.68,0.00586
3768,Rice,Clay,Kharif,Flood,110,56,66,6.44,29.83,87.35,773.29,87.92,1.57,12969314.09,1736.56,4.51,0.0026
3769,Tomato,Loamy,Zaid,Furrow,73,44,41,5.6,18.19,66.17,277.39,47.06,13.89,57619914.52,483.99,63.17,0.13052
3770,Groundnut,Sandy,Kharif,Sprinkler,31,58,42,5.7,23.1,52.45,405.33,34.67,3.9,30082592.22,465.07,2.83,0.00609
3771,Millet,Sandy,Zaid,Drip,51,35,33,7.33,28.54,34.27,335.7,27.04,8.13,37466826.76,332.54,2.3,0.00692
3772,Sugarcane,Alluvial,Kharif,Flood,151,58,91,7.24,26.33,92.88,948.03,89.89,6.28,76862345.18,1883.86,82.47,0.04378
3773,Wheat,Alluvial,Rabi,Sprinkler,97,36,65,6.28,17.97,61.36,111.58,36.58,6.73,31273680.47,558.0,4.58,0.00821
3774,Millet,Sandy,Kharif,Drip,43,43,63,6.95,26.91,40.14,405.92,33.93,9.13,41129102.88,422.04,2.81,0.00666
3775,Groundnut,Sandy,Rabi,Sprinkler,36,55,64,6.98,26.2,57.69,694.42,50.64,6.51,33314168.05,586.34,2.56,0.00437
3776,Tomato,Alluvial,Kharif,Drip,101,51,80,5.94,29.64,50.38,511.61,44.51,32.67,217522229.61,683.45,46.43,0.06793
3777,Sugarcane,Alluvial,Kharif,Drip,101,81,100,7.15,23.81,81.15,811.16,62.25,0.26,1581918.0,1835.08,53.98,0.02942
3778,Groundnut,Sandy,Rabi,Drip,62,38,37,5.78,24.33,67.81,416.76,39.64,8.63,111567322.94,497.1,1.59,0.0032
3779,Groundnut,Sandy,Rabi,Drip,30,30,62,6.32,25.87,60.4,478.29,42.72,5.78,86272402.39,615.4,1.73,0.00281
3780,Tomato,Alluvial,Zaid,Furrow,75,70,52,6.35,22.32,76.33,574.08,44.75,7.57,23759640.37,392.37,57.03,0.14535
3781,Groundnut,Loamy,Kharif,Sprinkler,66,42,75,6.01,23.72,52.78,625.22,42.09,8.64,113760973.17,525.19,3.2,0.00609
3782,Sugarcane,Alluvial,Kharif,Drip,94,50,107,6.67,31.78,77.09,1253.16,80.09,1.37,15074505.14,2192.17,74.44,0.03396
3783,Millet,Loamy,Zaid,Rainfed,83,15,25,6.45,32.17,32.63,336.07,39.07,1.59,16194184.16,305.75,2.75,0.00899
3784,Rice,Clay,Kharif,Drip,113,64,53,6.11,28.81,78.36,857.33,67.97,3.87,45602789.87,1530.13,5.62,0.00367
3785,Tomato,Laterite,Zaid,Sprinkler,94,54,55,5.74,27.8,76.23,565.17,60.75,6.56,67258096.17,457.1,67.29,0.14721
3786,Maize,Black,Kharif,Rainfed,90,36,70,6.35,22.56,73.64,653.65,46.51,5.6,75191066.19,645.87,4.28,0.00663
3787,Rice,Clay,Kharif,Flood,116,36,59,6.65,31.72,92.86,675.23,72.76,8.15,23956068.37,1466.88,4.69,0.0032
3788,Groundnut,Sandy,Kharif,Sprinkler,25,46,34,6.74,30.31,57.95,549.15,46.42,8.24,49822289.98,623.71,1.87,0.003
3789,Groundnut,Laterite,Rabi,Sprinkler,55,31,64,6.94,30.38,61.66,634.03,47.75,4.21,23275862.79,509.8,2.13,0.00418
3790,Groundnut,Sandy,Kharif,Sprinkler,52,47,39,5.74,28.9,63.16,473.26,57.24,3.37,44939338.83,477.57,3.15,0.0066
3791,Wheat,Loamy,Rabi,Drip,71,44,41,6.2,20.74,66.37,132.22,56.25,0.99,10378679.14,552.51,4.81,0.00871
3792,Maize,Loamy,Rabi,Sprinkler,99,58,41,6.19,28.32,67.76,774.73,63.53,6.67,47041225.18,510.13,3.63,0.00712
3793,Rice,Alluvial,Kharif,Flood,94,61,64,6.21,32.6,92.22,1405.95,82.86,7.1,51044526.98,1373.17,5.31,0.00387
3794,Tomato,Red,Kharif,Drip,93,59,45,6.58,27.53,77.4,474.05,37.87,7.65,108275303.21,520.85,70.57,0.13549
3795,Cotton,Loamy,Kharif,Drip,105,34,38,6.24,25.63,51.69,755.96,35.02,2.89,20011561.81,780.06,1.88,0.00241
3796,Sugarcane,Clay,Zaid,Flood,130,79,57,7.66,22.66,70.18,1452.24,73.91,8.97,68495282.6,1714.18,79.74,0.04652
3797,Rice,Clay,Kharif,Drip,120,46,62,6.11,30.95,84.61,770.29,77.18,5.04,55983587.44,1468.28,4.65,0.00317
3798,Millet,Sandy,Kharif,Drip,59,42,22,6.03,28.46,55.64,268.89,29.46,70.33,358166488.99,376.33,3.05,0.0081
3799,Millet,Sandy,Zaid,Rainfed,48,25,51,6.78,25.13,33.43,162.34,35.16,42.07,375891613.88,318.91,2.62,0.00822
3800,Rice,Alluvial,Kharif,Drip,122,35,42,6.49,29.07,94.69,1116.81,68.59,7.3,34277941.15,1434.19,4.22,0.00294
3801,Maize,Alluvial,Kharif,Drip,72,63,33,6.48,28.49,54.01,379.48,64.42,8.4,36505066.63,780.83,4.44,0.00569
3802,Sugarcane,Loamy,Kharif,Flood,92,55,108,6.68,31.49,86.92,882.61,81.65,2.11,6222066.76,1833.54,57.62,0.03143
3803,Rice,Loamy,Kharif,Flood,101,57,68,6.33,33.34,70.93,1468.1,64.07,4.23,49668261.45,1466.74,4.74,0.00323
3804,Tomato,Red,Rabi,Sprinkler,67,60,80,5.75,18.48,54.95,298.31,36.51,86.99,324045808.13,638.03,29.49,0.04622
3805,Wheat,Clay,Rabi,Flood,112,50,66,6.35,21.96,68.68,116.34,58.38,2.13,7218840.06,558.45,4.27,0.00765
3806,Rice,Loamy,Kharif,Drip,102,41,63,6.39,27.34,83.51,1571.49,86.26,5.04,71127191.16,1628.83,3.67,0.00225
3807,Tomato,Red,Rabi,Sprinkler,52,75,81,6.66,24.22,58.93,243.56,39.86,4.44,39260165.22,574.88,37.26,0.06481
3808,Maize,Loamy,Rabi,Sprinkler,85,45,47,6.36,30.83,78.26,567.03,47.97,9.94,140350842.43,756.07,4.06,0.00537
3809,Maize,Red,Kharif,Sprinkler,84,46,62,6.02,29.23,60.25,743.61,52.53,741.51,10761431423.94,678.83,5.03,0.00741
3810,Millet,Sandy,Zaid,Rainfed,65,17,36,7.17,31.44,51.76,430.86,26.75,7.28,67009297.7,411.91,1.6,0.00388
3811,Sugarcane,Loamy,Zaid,Drip,142,43,104,6.66,30.7,82.1,1158.8,72.52,84.38,519282364.47,2236.97,117.77,0.05265
3812,Cotton,Black,Kharif,Furrow,111,63,78,7.16,25.66,58.56,663.68,45.53,547.72,5746767256.1,843.76,2.21,0.00262
3813,Maize,Black,Rabi,Rainfed,70,43,59,6.27,22.85,66.05,380.55,48.34,4.78,54546281.24,630.06,4.92,0.00781
3814,Tomato,Laterite,Rabi,Sprinkler,102,65,66,5.92,28.03,57.88,523.74,54.1,5.55,48428347.35,497.15,54.02,0.10866
3815,Wheat,Clay,Rabi,Sprinkler,83,41,45,6.52,22.27,51.53,166.07,59.17,9.27,66797142.85,637.6,2.97,0.00466
3816,Millet,Loamy,Zaid,Rainfed,61,36,56,6.35,34.28,40.17,298.55,22.25,6.17,42682150.56,338.51,1.63,0.00482
3817,Sugarcane,Black,Kharif,Drip,136,64,96,6.26,25.28,71.79,1205.92,65.7,6.33,53059759.2,1498.57,102.31,0.06827
3818,Cotton,Alluvial,Kharif,Furrow,85,59,67,7.3,34.01,56.0,912.68,42.81,4.54,35990991.11,809.2,1.74,0.00215
3819,Groundnut,Red,Rabi,Drip,47,37,30,6.32,25.77,50.34,567.97,39.39,55.32,507082140.06,541.66,2.17,0.00401
3820,Tomato,Loamy,Zaid,Drip,85,47,53,6.87,18.74,60.35,266.58,36.82,5.68,62752545.28,598.73,59.54,0.09944
3821,Cotton,Black,Kharif,Furrow,89,45,40,7.67,27.64,68.14,503.18,48.37,6.81,90569311.34,983.45,2.97,0.00302
3822,Rice,Loamy,Kharif,Flood,129,45,65,6.4,31.6,75.53,1557.25,75.09,8.27,36450513.31,1722.2,4.11,0.00239
3823,Maize,Loamy,Kharif,Rainfed,116,46,58,6.07,28.91,70.25,422.19,49.23,995.27,7619281519.21,712.9,3.76,0.00527
3824,Cotton,Loamy,Kharif,Sprinkler,61,49,51,7.28,34.5,50.0,685.31,52.28,6.07,43783151.33,807.37,3.39,0.0042
3825,Wheat,Loamy,Rabi,Flood,89,47,36,7.25,12.69,47.52,242.49,53.25,4.98,47328280.68,615.73,4.5,0.00731
3826,Wheat,Loamy,Rabi,Drip,95,35,56,6.04,18.82,56.88,111.56,36.96,8.56,85187599.58,620.35,5.89,0.00949
3827,Millet,Red,Zaid,Drip,59,37,51,6.7,25.94,37.61,317.5,22.81,4.3,19238751.84,345.09,2.04,0.00591
3828,Tomato,Alluvial,Zaid,Drip,79,66,45,5.78,18.28,65.19,528.91,59.32,481.07,5884361094.17,584.72,35.34,0.06044
3829,Cotton,Alluvial,Kharif,Drip,72,43,73,6.17,21.81,53.02,502.43,38.81,29.23,434028195.23,998.91,2.05,0.00205
3830,Millet,Red,Kharif,Sprinkler,55,50,53,5.62,26.22,47.95,426.54,22.46,98.48,376740019.96,408.46,1.61,0.00394
3831,Cotton,Black,Kharif,Drip,64,52,44,7.7,30.03,73.27,709.42,47.3,7.95,98354592.12,937.58,3.5,0.00373
3832,Cotton,Black,Kharif,Sprinkler,50,62,42,7.24,27.25,48.52,532.4,63.3,6.47,27090916.2,795.42,2.09,0.00263
3833,Sugarcane,Alluvial,Kharif,Furrow,109,51,109,6.04,29.66,90.62,723.32,76.61,8.18,25141423.69,1875.7,69.63,0.03712
3834,Maize,Alluvial,Kharif,Sprinkler,81,59,49,7.14,29.28,55.13,333.41,53.88,6.78,100710003.32,627.42,4.62,0.00736
3835,Wheat,Clay,Rabi,Drip,103,51,46,7.03,24.75,44.61,137.19,50.91,2.47,25401915.46,659.49,2.67,0.00405
3836,Rice,Clay,Kharif,Drip,117,70,54,5.88,26.39,89.2,664.92,68.54,1.35,12920030.09,1673.73,3.67,0.00219
3837,Maize,Red,Rabi,Drip,79,35,30,6.85,24.29,55.84,751.77,60.89,410.01,1059208465.91,560.75,3.32,0.00592
3838,Cotton,Loamy,Kharif,Furrow,59,60,50,5.9,22.49,65.9,692.44,58.23,26.34,261866479.34,868.09,3.26,0.00376
3839,Tomato,Alluvial,Kharif,Drip,63,43,47,6.4,23.73,58.73,210.41,59.17,5.06,54550088.1,495.99,42.53,0.08575
3840,Wheat,Clay,Rabi,Flood,91,51,33,6.65,18.75,65.85,86.32,40.16,3.98,28503690.08,606.87,3.68,0.00606
3841,Groundnut,Sandy,Rabi,Sprinkler,69,33,62,6.13,29.49,65.96,649.19,33.33,641.57,9395306472.14,440.65,2.32,0.00526
3842,Cotton,Black,Kharif,Furrow,55,45,73,7.59,28.41,74.22,759.51,40.42,2.98,43819624.7,1004.6,3.61,0.00359
3843,Sugarcane,Alluvial,Kharif,Furrow,154,49,93,7.07,28.25,78.38,1107.75,69.67,8.52,62922156.42,2394.88,117.27,0.04897
3844,Tomato,Alluvial,Zaid,Furrow,97,60,83,6.84,22.08,74.38,258.05,64.31,0.51,2180708.99,409.95,48.79,0.11901
3845,Cotton,Alluvial,Kharif,Drip,105,36,53,7.65,28.56,70.57,792.54,62.6,34.74,422249256.66,970.84,1.9,0.00196
3846,Cotton,Alluvial,Kharif,Drip,107,27,70,7.95,29.46,50.12,710.59,35.63,3.48,39065689.9,986.99,3.74,0.00379
3847,Sugarcane,Loamy,Zaid,Furrow,110,59,90,6.2,31.22,68.86,1292.41,73.69,9.04,81888350.15,2398.67,80.34,0.03349
3848,Cotton,Loamy,Kharif,Drip,75,31,50,7.68,26.9,45.13,961.62,52.79,3.89,55392181.63,1002.67,1.52,0.00152
3849,Sugarcane,Loamy,Zaid,Furrow,115,47,65,6.76,33.09,69.76,1541.48,67.69,8.47,104018549.4,2318.46,71.49,0.03084
3850,Cotton,Black,Kharif,Furrow,116,54,72,7.22,33.45,64.51,909.06,64.73,8.99,41989656.64,741.99,1.87,0.00252
3851,Maize,Red,Kharif,Rainfed,110,61,57,7.08,25.69,70.03,351.98,69.37,1.6,21915855.64,761.59,6.5,0.00853
3852,Millet,Loamy,Zaid,Sprinkler,60,17,36,6.25,30.47,61.93,188.61,36.21,7.99,72656332.74,327.36,2.89,0.00883
3853,Wheat,Alluvial,Rabi,Flood,64,35,49,7.37,11.53,41.81,67.5,52.06,7.34,73411600.33,551.46,4.77,0.00865
3854,Millet,Loamy,Kharif,Drip,56,31,58,6.55,29.42,39.14,369.09,35.55,8.7,101192370.82,316.36,2.41,0.00762
3855,Groundnut,Sandy,Rabi,Drip,30,51,54,5.89,22.62,59.08,692.14,56.82,2.5,36816070.5,563.47,1.96,0.00348
3856,Rice,Clay,Kharif,Flood,95,56,63,6.32,33.0,86.48,1253.33,74.62,8.24,51460986.54,1631.42,4.89,0.003
3857,Millet,Sandy,Kharif,Sprinkler,58,19,23,5.77,34.54,39.0,438.93,28.46,30.15,321637632.78,471.17,1.35,0.00287
3858,Groundnut,Laterite,Rabi,Drip,69,59,43,5.89,30.98,58.13,602.93,31.02,9.82,121947375.87,626.2,2.44,0.0039
3859,Millet,Sandy,Kharif,Rainfed,53,39,29,6.54,29.19,44.88,151.29,40.27,6.66,45157224.62,256.22,1.89,0.00738
3860,Tomato,Red,Rabi,Drip,58,75,81,6.31,23.48,53.97,405.64,43.02,0.76,8916540.35,434.3,45.24,0.10417
3861,Groundnut,Laterite,Kharif,Drip,28,30,49,5.81,28.85,70.37,465.08,43.89,3.1,18350261.34,629.78,2.75,0.00437
3862,Millet,Red,Zaid,Sprinkler,62,23,49,6.41,31.47,48.9,294.57,40.07,8.15,108621847.12,293.74,1.84,0.00626
3863,Wheat,Loamy,Rabi,Drip,84,33,51,6.02,21.21,51.91,239.06,40.96,3.38,25260284.43,666.22,4.28,0.00642
3864,Cotton,Loamy,Kharif,Furrow,59,41,73,5.92,25.34,73.45,915.72,61.41,9.01,125685329.14,824.39,2.3,0.00279
3865,Cotton,Loamy,Kharif,Furrow,105,49,53,5.84,23.79,72.84,799.05,36.4,740.79,4583420820.51,719.96,3.41,0.00474
3866,Tomato,Loamy,Kharif,Furrow,88,37,88,5.75,26.6,61.45,566.38,59.09,4.85,71218836.1,592.61,43.18,0.07286
3867,Tomato,Laterite,Rabi,Sprinkler,69,61,71,6.5,20.27,63.63,350.95,47.63,0.45,1342119.51,504.13,60.43,0.11987
3868,Cotton,Loamy,Kharif,Furrow,117,49,35,6.01,22.73,64.96,516.1,38.48,5.06,27518725.24,674.3,2.84,0.00421
3869,Sugarcane,Loamy,Kharif,Drip,98,74,53,6.39,28.63,83.97,1224.09,68.54,68.65,423925013.58,2349.47,82.35,0.03505
3870,Maize,Black,Kharif,Furrow,88,63,36,6.0,30.91,75.73,574.45,59.82,6.76,67960651.35,707.67,6.66,0.00941
3871,Rice,Clay,Kharif,Furrow,89,42,41,5.6,33.36,81.37,1001.69,89.57,2.25,24909124.96,1548.8,6.3,0.00407
3872,Millet,Loamy,Zaid,Drip,75,21,52,5.51,33.81,39.81,161.77,29.86,3.02,44605923.37,305.72,2.23,0.00729
3873,Millet,Loamy,Kharif,Drip,87,36,24,6.4,30.22,38.96,299.2,28.76,4.79,63082180.99,344.91,3.18,0.00922
3874,Wheat,Loamy,Rabi,Sprinkler,76,52,55,7.13,10.55,46.41,132.56,56.68,1.37,10366776.68,475.95,2.85,0.00599
3875,Rice,Clay,Kharif,Drip,110,64,53,6.26,25.63,72.66,1062.72,70.36,3.13,41135766.83,1684.33,4.02,0.00239
3876,Rice,Loamy,Kharif,Furrow,97,41,62,6.35,26.85,75.55,1188.27,80.44,0.24,2428465.63,1409.22,5.82,0.00413
3877,Millet,Sandy,Zaid,Sprinkler,80,22,59,5.95,34.88,40.36,414.6,42.09,16.9,128169060.33,299.52,2.8,0.00935
3878,Maize,Loamy,Rabi,Rainfed,129,42,49,5.81,22.18,63.14,644.99,57.6,1.61,19367334.53,668.23,5.16,0.00772
3879,Wheat,Loamy,Rabi,Drip,73,46,55,7.4,19.09,64.45,54.85,37.54,4.17,33900580.38,502.88,3.86,0.00768
3880,Millet,Loamy,Kharif,Drip,68,16,20,7.04,28.42,63.81,446.08,34.21,2.76,18782956.99,235.89,1.62,0.00687
3881,Rice,Loamy,Kharif,Drip,136,42,69,6.19,29.63,93.26,1347.45,64.86,0.4,4984153.95,1256.8,3.69,0.00294
3882,Sugarcane,Alluvial,Zaid,Drip,150,64,97,6.06,26.63,80.21,768.42,77.39,8.7,119754360.93,2391.31,52.87,0.02211
3883,Groundnut,Loamy,Rabi,Rainfed,59,28,36,5.89,27.21,70.96,678.46,40.01,6.65,21891246.24,414.2,2.67,0.00645
3884,Wheat,Loamy,Rabi,Flood,96,35,63,6.17,12.58,41.89,180.03,48.47,0.43,1090083.47,505.06,5.65,0.01119
3885,Cotton,Loamy,Kharif,Drip,62,57,43,7.56,34.93,63.62,626.66,48.59,7.15,42018653.39,1098.92,2.77,0.00252
3886,Sugarcane,Loamy,Zaid,Furrow,135,46,81,6.52,35.79,72.44,887.81,63.3,1.22,13123410.68,2691.22,84.91,0.03155
3887,Tomato,Laterite,Zaid,Sprinkler,86,64,80,6.19,20.86,67.07,343.29,49.09,6.16,77932057.9,466.12,34.63,0.07429
3888,Tomato,Laterite,Kharif,Furrow,83,47,58,5.64,22.96,62.28,501.32,39.56,6.56,22068697.57,404.04,44.21,0.10942
3889,Rice,Loamy,Kharif,Furrow,117,48,44,6.76,25.67,92.27,1544.58,65.27,323.07,3872136862.64,1368.28,4.79,0.0035
3890,Sugarcane,Clay,Zaid,Furrow,90,78,67,6.22,31.47,75.19,1281.46,74.2,67.64,989955173.38,2238.57,73.64,0.0329
3891,Rice,Alluvial,Kharif,Furrow,121,42,47,6.28,32.17,93.07,1027.1,84.96,8.8,99630717.11,1587.39,6.36,0.00401
3892,Maize,Loamy,Rabi,Rainfed,85,53,60,6.69,26.55,79.25,506.26,47.05,93.54,974162035.9,698.21,7.18,0.01028
3893,Maize,Loamy,Kharif,Drip,105,47,54,6.83,28.6,75.96,503.05,44.35,7.97,36904643.16,640.92,4.63,0.00722
3894,Millet,Sandy,Zaid,Sprinkler,51,22,42,7.18,35.92,50.97,266.75,24.58,3.37,36225989.91,435.52,2.2,0.00505
3895,Groundnut,Loamy,Kharif,Drip,62,45,36,5.8,30.7,52.27,424.56,46.85,9.21,40375899.13,516.55,1.66,0.00321
3896,Tomato,Alluvial,Zaid,Furrow,53,73,80,6.19,21.07,70.22,510.94,63.11,8.68,90082167.88,588.75,58.02,0.09855
3897,Cotton,Loamy,Kharif,Sprinkler,55,52,50,6.77,31.36,74.3,872.9,44.29,1.01,3818520.63,868.83,2.51,0.00289
3898,Groundnut,Red,Kharif,Rainfed,52,28,63,7.12,22.07,56.86,480.11,47.7,8.96,54723032.83,427.01,2.96,0.00693
3899,Maize,Loamy,Kharif,Furrow,70,54,48,6.43,31.36,63.48,753.17,57.56,0.37,3344185.59,643.76,4.64,0.00721
3900,Maize,Red,Kharif,Drip,99,45,69,6.01,31.97,70.74,712.5,59.03,86.34,1159054517.88,756.74,3.39,0.00448
3901,Tomato,Red,Kharif,Sprinkler,108,64,87,6.85,25.65,75.4,441.96,49.77,49.65,438282327.97,457.75,62.23,0.13595
3902,Maize,Red,Rabi,Drip,126,36,55,6.35,28.44,54.71,327.99,44.85,54.33,643110991.21,788.08,3.98,0.00505
3903,Groundnut,Sandy,Kharif,Rainfed,66,39,65,5.65,27.72,60.32,510.82,41.01,5.54,24340571.62,594.04,2.02,0.0034
3904,Wheat,Clay,Rabi,Furrow,100,47,45,6.85,19.2,48.22,179.55,44.87,6.2,79872207.16,604.51,4.53,0.00749
3905,Millet,Loamy,Zaid,Sprinkler,87,48,32,6.17,34.69,44.73,442.29,43.19,6.92,74421891.16,344.26,2.28,0.00662
3906,Rice,Alluvial,Kharif,Furrow,110,46,48,6.54,30.01,87.08,1420.93,83.89,3.76,20621817.23,1514.71,5.15,0.0034
3907,Sugarcane,Clay,Kharif,Flood,106,44,70,7.14,31.77,76.84,1380.13,87.06,4.6,56584349.89,2408.42,83.9,0.03484
3908,Tomato,Red,Zaid,Sprinkler,110,51,66,6.04,24.88,66.92,569.58,48.7,7.37,92311880.85,648.49,32.18,0.04962
3909,Tomato,Alluvial,Kharif,Furrow,99,67,90,5.56,25.17,67.98,409.97,61.26,1.83,6826116.24,621.15,64.93,0.10453
3910,Maize,Loamy,Rabi,Drip,83,54,40,6.12,30.03,62.6,549.74,51.91,2.84,14260958.12,625.66,5.93,0.00948
3911,Maize,Red,Rabi,Furrow,87,35,36,6.93,26.91,75.77,690.72,51.15,2.55,36335135.24,525.38,4.35,0.00828
3912,Tomato,Alluvial,Zaid,Furrow,83,73,50,6.39,22.8,61.88,328.31,56.88,4.6,39755964.7,559.58,69.52,0.12424
3913,Tomato,Laterite,Zaid,Sprinkler,53,75,86,6.29,24.11,61.73,412.91,41.61,2.28,29929985.33,625.92,58.54,0.09353
3914,Millet,Red,Kharif,Rainfed,69,23,30,7.35,33.57,58.26,360.82,38.1,8.35,28719831.45,280.61,3.06,0.0109
3915,Millet,Loamy,Kharif,Sprinkler,77,20,27,6.56,25.46,35.2,227.18,37.6,0.24,2792846.74,310.28,3.1,0.00999
3916,Sugarcane,Alluvial,Kharif,Furrow,156,54,83,6.07,22.02,65.47,787.59,86.23,85.14,589279837.34,2239.93,51.13,0.02283
3917,Cotton,Loamy,Kharif,Furrow,57,63,31,6.19,21.27,65.63,694.42,50.84,1.32,17551786.86,817.06,2.93,0.00359
3918,Tomato,Loamy,Zaid,Drip,106,65,58,6.77,26.67,78.29,315.11,59.11,4.44,63514926.1,597.96,59.84,0.10007
3919,Millet,Red,Kharif,Rainfed,83,21,62,6.21,32.38,32.46,346.24,31.67,0.72,6990545.21,470.32,2.85,0.00606
3920,Millet,Loamy,Zaid,Rainfed,31,43,55,5.92,29.22,52.63,190.36,39.92,2.67,18041295.57,378.6,3.07,0.00811
3921,Groundnut,Red,Rabi,Drip,26,51,61,5.89,25.58,58.56,684.83,48.82,3.77,55452605.17,517.92,2.54,0.0049
3922,Rice,Loamy,Kharif,Drip,89,60,70,5.85,30.22,91.88,1215.76,87.78,6.93,49532280.73,1579.85,6.62,0.00419
3923,Rice,Loamy,Kharif,Flood,128,36,48,5.79,26.13,75.51,1189.22,79.28,2.65,34990148.37,1747.14,4.04,0.00231
3924,Millet,Loamy,Kharif,Sprinkler,45,26,63,6.1,33.97,31.77,266.34,35.37,562.18,6356224256.18,383.95,3.01,0.00784
3925,Sugarcane,Clay,Kharif,Furrow,138,42,97,6.9,26.3,87.77,1498.28,85.36,30.94,275928739.32,1416.98,66.79,0.04714
3926,Wheat,Alluvial,Rabi,Drip,113,36,62,6.57,10.26,48.25,122.09,50.28,7.9,54623896.92,564.07,2.56,0.00454
3927,Cotton,Black,Kharif,Drip,52,51,61,7.66,29.85,68.21,751.43,42.89,52.68,375469565.75,1030.78,2.37,0.0023
3928,Millet,Sandy,Kharif,Rainfed,70,39,47,6.91,26.0,32.92,321.28,33.71,5.51,77678083.02,292.73,1.65,0.00564
3929,Millet,Sandy,Zaid,Rainfed,43,24,52,6.07,32.54,30.83,161.63,25.15,2.46,31894322.18,348.34,2.15,0.00617
3930,Groundnut,Red,Kharif,Sprinkler,25,48,55,5.69,22.59,58.18,445.24,33.35,0.52,5534126.86,603.63,2.56,0.00424
3931,Millet,Red,Kharif,Rainfed,71,29,32,6.91,28.92,59.09,381.71,27.18,5.13,48992441.15,380.56,2.21,0.00581
3932,Wheat,Alluvial,Rabi,Furrow,85,32,58,6.77,18.29,58.29,197.71,48.77,9.28,86601170.65,593.13,5.9,0.00995
3933,Tomato,Laterite,Zaid,Sprinkler,104,47,57,6.71,29.79,56.21,358.79,47.46,7.59,85023530.64,662.09,54.93,0.08296
3934,Tomato,Red,Kharif,Drip,61,58,82,5.71,22.01,56.89,461.05,60.59,1.39,6484079.56,503.28,46.01,0.09142
3935,Maize,Black,Rabi,Furrow,122,40,47,5.95,22.39,75.31,505.08,68.08,7.78,31805540.58,679.49,5.07,0.00746
3936,Groundnut,Laterite,Rabi,Drip,57,35,64,6.75,24.92,60.21,496.72,57.95,7.35,76324229.17,418.41,2.6,0.00621
3937,Sugarcane,Clay,Zaid,Furrow,144,67,83,6.32,34.52,92.1,1078.62,78.28,5.04,62864422.98,1735.05,98.84,0.05697
3938,Groundnut,Loamy,Kharif,Sprinkler,61,25,36,5.7,22.1,50.34,513.1,54.42,479.02,3946397029.63,448.06,2.47,0.00551
3939,Maize,Alluvial,Kharif,Furrow,100,38,48,6.06,28.39,60.51,785.29,52.02,1.85,11519709.73,752.14,4.41,0.00586
3940,Sugarcane,Black,Kharif,Drip,107,60,52,7.03,32.38,94.62,1339.87,68.37,48.77,420882780.35,2089.26,62.38,0.02986
3941,Maize,Red,Rabi,Rainfed,114,43,48,6.28,25.61,67.46,678.43,67.26,1.71,17816354.4,724.61,6.5,0.00897
3942,Tomato,Loamy,Kharif,Sprinkler,71,62,79,6.51,20.54,63.41,476.6,54.69,94.97,379210152.87,442.33,37.12,0.08392
3943,Sugarcane,Alluvial,Kharif,Flood,122,66,68,6.84,23.18,72.41,1012.45,88.02,9.38,119427205.23,1865.78,67.97,0.03643
3944,Rice,Loamy,Kharif,Furrow,126,39,54,6.41,32.45,76.03,1586.65,74.68,46.66,447733867.64,1776.44,3.27,0.00184
3945,Groundnut,Laterite,Kharif,Drip,32,26,69,6.97,31.84,66.85,576.0,36.26,3.9,13893478.2,591.34,2.22,0.00375
3946,Sugarcane,Loamy,Zaid,Flood,143,44,100,6.88,26.94,82.17,815.42,62.74,4.24,47974514.93,2394.74,81.54,0.03405
3947,Maize,Black,Kharif,Drip,116,54,65,6.31,22.2,66.26,338.96,67.12,4.95,22679842.05,565.0,5.95,0.01053
3948,Maize,Red,Rabi,Furrow,87,55,60,6.82,22.93,58.33,567.34,65.83,6.15,41811668.57,640.48,6.04,0.00943
3949,Wheat,Alluvial,Rabi,Furrow,104,64,43,7.0,24.39,51.87,70.21,43.57,94.42,676358371.08,607.85,3.24,0.00533
3950,Cotton,Alluvial,Kharif,Drip,114,49,53,7.19,23.73,58.39,537.14,50.61,82.74,323111786.32,949.71,2.18,0.0023
3951,Maize,Loamy,Rabi,Drip,87,36,61,6.36,23.76,77.55,763.04,68.04,0.38,3364992.23,620.27,4.56,0.00735
3952,Cotton,Black,Kharif,Drip,53,55,35,6.49,24.39,50.36,925.64,35.85,884.54,11105543194.16,846.21,1.66,0.00196
3953,Sugarcane,Alluvial,Kharif,Drip,135,72,103,6.85,24.34,82.36,1373.36,85.97,2.65,12665852.35,1624.76,68.4,0.0421
3954,Wheat,Alluvial,Rabi,Furrow,78,45,56,6.16,16.39,59.74,158.99,53.64,9.1,64137121.33,603.86,5.75,0.00952
3955,Tomato,Laterite,Zaid,Furrow,102,56,52,6.62,29.55,56.63,494.43,35.42,3.86,32696754.85,677.01,55.77,0.08238
3956,Tomato,Laterite,Kharif,Drip,72,44,68,6.77,28.71,63.69,488.06,49.02,5.08,72453727.46,473.9,40.62,0.08571
3957,Cotton,Loamy,Kharif,Furrow,98,32,66,7.4,30.56,52.64,632.48,42.07,900.47,6504044857.56,962.69,2.36,0.00245
3958,Groundnut,Loamy,Rabi,Sprinkler,49,54,59,5.57,22.76,62.03,536.31,58.82,90.59,409693983.19,470.41,2.09,0.00444
3959,Maize,Red,Rabi,Sprinkler,110,53,32,7.04,29.08,73.83,670.16,43.86,2.99,27766184.49,622.42,4.11,0.0066
3960,Groundnut,Laterite,Kharif,Drip,30,43,69,6.1,23.51,61.72,507.7,57.52,2.4,28241707.53,393.12,2.05,0.00521
3961,Maize,Loamy,Rabi,Sprinkler,118,65,52,6.8,22.44,54.65,509.08,50.7,634.88,3931595994.81,572.89,6.7,0.0117
3962,Cotton,Black,Kharif,Furrow,114,33,42,7.83,21.37,67.47,572.8,54.99,14.49,178052368.9,725.72,2.35,0.00324
3963,Maize,Black,Rabi,Furrow,98,45,35,6.5,31.94,70.21,543.53,49.66,297.07,984029226.6,630.95,5.67,0.00899
3964,Groundnut,Laterite,Rabi,Rainfed,60,48,59,6.88,29.71,74.31,508.35,32.52,4.6,12468321.88,568.84,2.93,0.00515
3965,Sugarcane,Black,Kharif,Drip,129,72,51,7.31,23.83,79.95,1065.35,72.03,7.36,81727043.57,2107.03,94.39,0.0448
3966,Cotton,Alluvial,Kharif,Sprinkler,65,37,35,6.15,32.32,73.68,968.41,35.39,27.9,413133186.33,907.68,2.07,0.00228
3967,Sugarcane,Black,Kharif,Flood,157,59,83,6.62,24.25,68.12,1336.02,69.83,3.86,55033711.92,2415.35,88.86,0.03679
3968,Tomato,Loamy,Kharif,Furrow,91,50,57,6.68,28.07,71.45,334.96,54.57,22.52,169941143.7,473.69,65.27,0.13779
3969,Maize,Alluvial,Rabi,Sprinkler,124,31,41,6.51,27.29,54.96,696.19,54.13,14.42,111600039.94,673.15,4.21,0.00625
3970,Groundnut,Laterite,Rabi,Rainfed,56,45,58,6.34,30.32,57.32,454.42,35.0,1.67,12280098.82,428.17,2.34,0.00547
3971,Millet,Red,Zaid,Drip,57,44,55,6.33,25.05,51.33,201.37,20.63,67.76,472760535.38,390.59,2.7,0.00691
3972,Maize,Red,Rabi,Rainfed,120,50,60,6.26,27.19,66.23,321.79,41.02,6.21,16740283.31,728.81,4.02,0.00552
3973,Cotton,Loamy,Kharif,Furrow,96,50,66,7.19,26.75,62.67,849.95,47.19,1.86,13485110.07,980.42,3.29,0.00336
3974,Tomato,Red,Rabi,Sprinkler,91,44,58,6.66,19.52,54.82,363.66,54.67,90.99,252473509.37,626.34,65.7,0.1049
3975,Wheat,Loamy,Rabi,Flood,78,57,47,6.34,10.52,64.66,171.51,30.48,64.19,278187803.74,539.13,5.44,0.01009
3976,Maize,Black,Kharif,Sprinkler,119,37,55,7.1,23.75,67.86,472.05,62.19,1.02,14101887.04,744.22,6.35,0.00853
3977,Rice,Loamy,Kharif,Flood,133,51,56,5.61,24.71,89.65,1117.08,68.31,187.03,2057798390.38,1294.82,5.81,0.00449
3978,Maize,Alluvial,Kharif,Rainfed,77,35,55,6.27,22.05,68.51,750.22,62.55,0.41,2316054.99,473.34,3.54,0.00748
3979,Maize,Loamy,Rabi,Sprinkler,78,49,44,6.14,20.7,65.91,476.31,42.49,8.29,89728536.57,567.61,5.68,0.01001
3980,Sugarcane,Black,Kharif,Drip,129,51,85,6.77,27.7,74.18,764.11,70.48,107.54,1182683601.02,1747.06,85.08,0.0487
3981,Maize,Alluvial,Rabi,Drip,122,47,68,6.18,31.45,69.32,365.73,62.09,5.01,74920013.25,748.12,4.21,0.00563
3982,Maize,Black,Rabi,Drip,111,31,57,6.06,27.71,76.38,577.87,54.39,1.8,5278132.59,670.07,6.77,0.0101
3983,Sugarcane,Loamy,Zaid,Flood,122,53,54,7.38,25.12,77.04,1072.48,84.61,9.99,42579110.87,2032.68,75.53,0.03716
3984,Tomato,Red,Rabi,Drip,82,71,56,6.27,24.52,72.07,449.18,55.94,77.7,256376889.75,432.54,64.03,0.14803
3985,Millet,Red,Zaid,Drip,57,30,54,5.55,29.2,36.25,160.31,29.97,31.44,117337430.51,317.39,3.24,0.01021
3986,Rice,Loamy,Kharif,Furrow,83,63,68,6.33,31.86,75.5,1207.52,63.26,8.27,121106684.01,1696.96,5.14,0.00303
3987,Sugarcane,Loamy,Kharif,Flood,129,74,54,6.19,24.43,68.55,823.58,67.81,9.29,30588805.94,1847.38,80.13,0.04337
3988,Cotton,Loamy,Kharif,Furrow,77,59,39,5.95,33.33,73.01,998.58,46.73,5.94,35210450.83,716.53,2.91,0.00406
3989,Maize,Loamy,Rabi,Rainfed,114,31,54,6.61,31.49,78.21,428.76,58.41,2.37,21070360.62,707.97,4.81,0.00679
3990,Rice,Alluvial,Kharif,Furrow,109,42,39,6.53,27.47,74.62,1040.86,79.29,85.9,807145538.32,1605.44,5.76,0.00359
3991,Tomato,Laterite,Kharif,Furrow,73,40,63,6.29,27.61,72.38,278.23,64.33,572.6,6588462721.05,459.62,32.07,0.06978
3992,Wheat,Alluvial,Rabi,Sprinkler,85,54,49,6.53,15.02,48.17,131.5,47.2,59.37,426486949.57,547.39,4.82,0.00881
3993,Sugarcane,Clay,Kharif,Drip,142,46,71,6.92,30.81,67.06,1086.71,82.85,8.74,108954400.39,2449.62,105.06,0.04289
3994,Millet,Sandy,Kharif,Drip,74,33,59,5.69,30.54,58.89,182.79,23.88,60.47,792079093.87,276.76,2.19,0.00791
3995,Groundnut,Red,Kharif,Rainfed,36,55,59,5.57,26.8,66.35,657.99,47.46,2.61,28006159.28,499.78,1.73,0.00346
3996,Tomato,Alluvial,Kharif,Furrow,55,54,71,6.08,27.4,57.91,373.38,50.45,1.1,4567892.82,697.23,68.88,0.09879
3997,Rice,Alluvial,Kharif,Furrow,117,53,41,5.89,28.75,94.45,695.2,78.62,8.43,42219709.97,1279.98,3.58,0.0028
3998,Tomato,Loamy,Zaid,Drip,57,65,79,6.13,26.36,54.19,289.63,39.57,5.07,58816803.51,688.85,71.72,0.10412
3999,Tomato,Laterite,Zaid,Sprinkler,96,43,89,5.87,20.01,61.74,396.71,59.74,5.87,26111714.93,545.14,67.64,0.12408
4000,Tomato,Loamy,Rabi,Drip,110,61,79,6.12,25.69,72.0,366.95,56.67,0.32,1553343.01,514.21,61.05,0.11873
4001,Wheat,Loamy,Rabi,Sprinkler,118,45,70,6.56,21.0,68.82,154.68,40.02,8.57,50420011.91,488.2,5.27,0.01079
4002,Millet,Red,Kharif,Drip,81,34,29,6.88,29.91,39.69,306.07,39.44,967.07,4153743365.46,367.08,1.86,0.00507
4003,Rice,Clay,Kharif,Furrow,134,40,57,6.39,25.1,73.42,1313.03,67.72,0.97,2658087.98,1575.26,3.85,0.00244
4004,Maize,Alluvial,Rabi,Drip,76,46,37,6.09,30.55,77.57,540.36,48.17,220.22,1456090936.77,584.74,4.6,0.00787
4005,Sugarcane,Black,Zaid,Drip,90,80,62,7.35,24.88,87.92,1074.3,62.43,1.67,20802970.8,1934.29,108.45,0.05607
4006,Cotton,Loamy,Kharif,Drip,85,52,80,7.6,21.71,57.58,866.1,45.78,1.84,21179151.85,967.07,2.88,0.00298
4007,Rice,Clay,Kharif,Flood,98,67,61,6.47,27.65,89.64,1295.89,89.69,7.06,65842935.96,1195.54,3.91,0.00327
4008,Sugarcane,Black,Kharif,Drip,148,62,74,6.52,24.14,74.43,856.29,65.51,57.62,525530132.39,1698.83,85.11,0.0501
4009,Sugarcane,Clay,Zaid,Drip,117,51,75,6.89,24.5,72.34,1321.85,64.85,5.59,35613022.72,1698.59,78.74,0.04636
4010,Millet,Loamy,Zaid,Rainfed,39,38,21,7.15,30.48,32.6,206.42,20.01,7.2,21215787.93,385.91,2.6,0.00674
4011,Groundnut,Red,Rabi,Rainfed,62,44,31,5.72,26.71,51.06,357.45,47.47,8.99,56340450.4,426.4,1.54,0.00361
4012,Sugarcane,Black,Kharif,Drip,121,51,106,6.23,24.83,83.34,719.5,78.07,0.26,3409445.99,1778.75,84.21,0.04734
4013,Rice,Alluvial,Kharif,Drip,128,68,58,6.05,31.89,88.92,783.62,81.47,756.66,10419363394.34,1643.66,3.46,0.00211
4014,Groundnut,Sandy,Kharif,Rainfed,50,55,71,6.57,31.31,51.26,424.88,36.64,2.58,28256513.44,644.74,1.58,0.00245
4015,Groundnut,Loamy,Rabi,Rainfed,49,40,68,5.68,29.95,65.4,601.35,37.51,8.63,50509945.01,460.94,2.74,0.00594
4016,Wheat,Alluvial,Rabi,Furrow,80,47,42,6.09,22.3,53.78,128.61,37.37,0.22,2235541.05,496.88,3.57,0.00718
4017,Sugarcane,Clay,Kharif,Drip,159,44,65,6.27,22.62,85.6,961.56,68.22,4.09,15398693.69,1936.0,67.99,0.03512
4018,Rice,Alluvial,Kharif,Drip,127,70,44,6.8,24.79,80.12,830.23,88.25,3.21,42978780.71,1467.94,4.5,0.00307
4019,Tomato,Alluvial,Rabi,Sprinkler,53,66,61,5.65,27.09,56.26,548.22,44.29,0.28,3202035.83,643.1,66.43,0.1033
4020,Wheat,Clay,Rabi,Drip,94,56,37,6.26,15.84,49.92,131.6,36.75,7.44,70272409.59,566.61,4.96,0.00875
4021,Tomato,Loamy,Zaid,Furrow,105,69,74,5.91,21.23,74.84,391.23,56.15,5.03,43690002.45,580.0,43.89,0.07567
4022,Cotton,Black,Kharif,Sprinkler,120,46,38,6.41,29.46,47.13,727.7,52.97,6.75,42807258.07,1178.89,2.19,0.00186
4023,Maize,Red,Rabi,Furrow,71,65,47,7.11,20.55,78.01,719.16,48.99,4.29,16640832.83,591.93,5.92,0.01
4024,Rice,Alluvial,Kharif,Flood,136,55,66,5.67,30.69,92.26,737.62,79.42,6.55,56143264.96,1673.83,5.02,0.003
4025,Sugarcane,Alluvial,Zaid,Furrow,103,43,89,7.58,32.12,91.36,1266.81,76.54,72.37,631093997.1,2269.45,83.85,0.03695
4026,Wheat,Alluvial,Rabi,Drip,92,31,56,6.58,18.28,45.95,173.24,40.38,64.9,816181837.61,481.03,4.85,0.01008
4027,Groundnut,Red,Rabi,Drip,68,33,66,6.88,31.36,70.34,660.19,44.7,45.51,462522041.35,584.03,1.71,0.00293
4028,Wheat,Loamy,Rabi,Furrow,78,43,38,6.19,16.3,45.95,64.29,36.21,51.66,549182224.18,589.51,4.79,0.00813
4029,Rice,Clay,Kharif,Flood,140,51,56,6.21,32.67,85.52,1058.14,82.27,7.72,37416561.58,1628.95,5.42,0.00333
4030,Groundnut,Sandy,Rabi,Rainfed,62,59,48,7.08,22.48,66.63,431.5,49.46,8.61,82251769.89,477.27,2.04,0.00427
4031,Groundnut,Loamy,Rabi,Rainfed,34,44,74,6.37,24.11,50.49,426.3,55.51,8.32,109573396.16,422.19,2.01,0.00476
4032,Wheat,Alluvial,Rabi,Drip,70,49,41,6.75,18.81,40.21,118.6,51.13,2.62,26513580.28,638.47,4.51,0.00706
4033,Maize,Black,Rabi,Furrow,103,33,50,6.37,29.45,76.66,619.92,48.09,600.4,4679720546.98,701.0,4.82,0.00688
4034,Rice,Clay,Kharif,Flood,81,43,48,5.91,26.55,83.34,1457.24,62.51,6.48,75937832.27,1523.39,3.03,0.00199
4035,Cotton,Black,Kharif,Drip,94,25,31,7.96,25.78,63.76,654.0,49.63,3.71,22245009.57,740.98,2.36,0.00318
4036,Millet,Sandy,Zaid,Rainfed,79,43,28,5.89,27.72,57.63,224.19,40.49,3.91,30291699.64,311.09,2.36,0.00759
4037,Sugarcane,Alluvial,Zaid,Furrow,160,64,92,7.59,34.51,77.81,1397.69,74.12,5.17,75596036.75,1628.36,52.83,0.03244
4038,Cotton,Black,Kharif,Furrow,112,29,61,7.18,25.24,71.81,796.35,58.45,6.32,45978847.27,703.67,3.28,0.00466
4039,Maize,Red,Rabi,Drip,84,54,54,6.58,22.48,76.36,781.01,54.57,7.57,46817051.31,450.54,4.19,0.0093
4040,Maize,Black,Kharif,Furrow,118,41,47,6.54,28.06,73.55,469.05,45.16,4.52,55512114.97,544.93,3.77,0.00692
4041,Maize,Loamy,Rabi,Rainfed,120,64,58,6.26,29.05,76.16,343.61,64.03,6.34,40562408.0,598.43,3.39,0.00566
4042,Maize,Black,Rabi,Furrow,70,37,51,5.82,21.47,52.9,616.54,60.07,286.82,2730178644.11,609.23,3.68,0.00604
4043,Tomato,Laterite,Kharif,Furrow,77,42,88,6.11,23.82,72.1,523.49,60.95,6.56,95849181.4,411.7,43.86,0.10653
4044,Tomato,Alluvial,Kharif,Drip,73,60,87,6.45,21.46,52.59,395.48,52.72,42.63,454782471.44,656.08,75.73,0.11543
4045,Maize,Red,Kharif,Rainfed,83,31,47,7.03,26.13,79.29,674.61,69.85,277.43,2454345822.12,520.02,6.02,0.01158
4046,Tomato,Alluvial,Kharif,Furrow,66,48,61,5.76,29.11,72.33,215.35,35.67,9.49,35105225.2,654.72,50.89,0.07773
4047,Millet,Sandy,Kharif,Rainfed,90,50,41,6.83,33.51,32.64,266.11,25.13,3.55,51191892.97,406.23,3.7,0.00911
4048,Millet,Loamy,Zaid,Drip,83,25,55,5.58,29.46,57.28,440.25,31.56,7.83,89074575.62,416.06,1.81,0.00435
4049,Tomato,Laterite,Zaid,Drip,82,75,47,5.9,29.85,52.39,575.94,60.23,15.44,155332182.47,715.0,46.29,0.06474
4050,Sugarcane,Black,Kharif,Flood,160,69,51,6.92,32.29,68.37,713.47,78.46,3.98,21819431.88,1881.94,57.54,0.03057
4051,Millet,Sandy,Kharif,Sprinkler,48,40,31,7.44,25.05,40.63,390.81,22.25,9.66,32719502.85,284.67,2.44,0.00857
4052,Groundnut,Laterite,Kharif,Drip,42,25,71,7.06,29.95,53.22,580.32,32.77,4.62,41776752.42,642.59,1.96,0.00305
4053,Maize,Alluvial,Kharif,Rainfed,97,35,39,6.74,22.56,68.95,730.11,47.27,942.84,2933898676.43,509.26,5.43,0.01066
4054,Wheat,Loamy,Rabi,Flood,83,40,37,6.67,18.14,44.85,57.57,53.45,9.56,72016998.28,636.98,3.59,0.00564
4055,Wheat,Loamy,Rabi,Sprinkler,104,57,59,7.33,10.2,58.89,106.35,59.24,7.17,74664304.73,536.0,3.87,0.00722
4056,Wheat,Loamy,Rabi,Sprinkler,115,45,53,6.78,22.86,53.3,171.58,39.87,3.49,29957123.06,490.87,4.7,0.00957
4057,Sugarcane,Clay,Zaid,Flood,93,47,84,6.56,22.57,67.91,1344.69,76.17,356.61,3381717016.89,2047.68,73.77,0.03603
4058,Cotton,Loamy,Kharif,Sprinkler,76,61,38,6.38,30.83,52.95,541.68,52.66,49.44,373725738.77,1118.91,2.16,0.00193
4059,Maize,Alluvial,Kharif,Furrow,119,45,46,6.02,24.1,58.04,493.98,67.35,1.46,18226906.65,680.95,5.05,0.00742
4060,Millet,Loamy,Zaid,Rainfed,85,34,36,5.82,34.1,49.8,305.04,43.14,5.88,40865385.52,369.11,2.01,0.00545
4061,Tomato,Loamy,Kharif,Drip,72,68,64,6.83,21.15,57.18,202.82,45.8,6.95,18325583.01,506.3,40.67,0.08033
4062,Cotton,Black,Kharif,Drip,50,27,76,7.69,25.95,52.21,553.46,56.16,2.73,20244290.5,1005.95,1.66,0.00165
4063,Rice,Loamy,Kharif,Furrow,96,53,59,6.39,29.97,78.08,1235.26,61.27,22.44,309954174.04,1746.91,6.69,0.00383
4064,Tomato,Laterite,Kharif,Furrow,51,51,85,5.6,22.55,66.45,288.69,45.34,8.3,117763850.61,448.93,73.46,0.16363
4065,Maize,Black,Kharif,Furrow,83,39,56,5.82,31.53,54.12,513.9,60.18,0.37,4375276.93,807.23,5.32,0.00659
4066,Maize,Loamy,Kharif,Sprinkler,114,53,30,6.03,20.89,59.39,401.8,45.58,8.4,63814140.79,597.58,3.35,0.00561
4067,Groundnut,Loamy,Kharif,Rainfed,62,52,40,5.71,23.92,54.28,492.64,31.14,9.2,65130671.38,469.84,3.3,0.00702
4068,Cotton,Black,Kharif,Drip,61,49,73,6.13,27.94,71.22,579.88,36.12,4.19,12985627.48,940.84,2.74,0.00291
4069,Tomato,Laterite,Rabi,Furrow,94,72,81,6.95,27.9,53.1,270.31,56.62,51.54,431210912.82,552.28,39.93,0.0723
4070,Maize,Red,Kharif,Drip,130,33,32,6.21,26.14,51.76,374.6,43.06,0.37,4000528.24,680.3,4.72,0.00694
4071,Groundnut,Sandy,Kharif,Drip,31,37,40,5.76,24.95,58.91,488.83,36.69,4.53,54441300.71,628.09,2.02,0.00322
4072,Cotton,Alluvial,Kharif,Sprinkler,80,47,72,7.38,29.25,61.78,947.13,40.84,4.79,59468822.92,720.33,1.84,0.00255
4073,Groundnut,Laterite,Kharif,Rainfed,70,45,51,5.94,25.28,60.15,540.39,36.9,1.11,7767258.75,522.72,2.4,0.00459
4074,Cotton,Black,Kharif,Drip,119,48,50,5.85,25.97,62.99,763.89,37.31,10.65,157183110.58,761.07,3.2,0.0042
4075,Cotton,Alluvial,Kharif,Drip,67,30,39,6.72,30.04,50.13,873.97,36.26,7.12,41101401.77,1040.42,2.19,0.0021
4076,Tomato,Loamy,Kharif,Drip,52,39,40,6.12,24.52,74.63,585.07,52.97,32.81,90770767.42,481.38,45.59,0.09471
4077,Maize,Black,Kharif,Sprinkler,70,53,45,6.93,31.11,67.12,422.03,61.16,2.99,15910049.15,663.74,4.36,0.00657
4078,Tomato,Alluvial,Rabi,Furrow,74,52,78,6.79,27.9,55.8,523.9,54.22,4.46,34097097.33,667.93,32.08,0.04803
4079,Millet,Loamy,Kharif,Drip,38,41,56,6.64,30.23,57.02,156.62,34.6,34.8,175071944.25,411.5,2.56,0.00622
4080,Maize,Alluvial,Rabi,Furrow,108,54,31,5.98,26.53,55.43,509.57,61.17,933.94,3758203313.16,651.2,6.32,0.00971
4081,Sugarcane,Black,Zaid,Drip,99,82,70,7.25,33.24,77.29,1151.59,66.0,2.82,25052589.32,1863.47,92.46,0.04962
4082,Maize,Black,Rabi,Rainfed,120,40,67,6.23,23.98,58.44,451.03,61.85,8.51,117594643.89,522.49,4.53,0.00867
4083,Rice,Loamy,Kharif,Furrow,120,46,56,5.68,24.98,76.02,605.39,77.32,5.72,61482137.54,1530.93,4.15,0.00271
4084,Maize,Loamy,Kharif,Rainfed,90,61,42,6.9,24.93,77.1,417.27,68.43,4.46,19068983.95,530.9,4.9,0.00923
4085,Sugarcane,Black,Kharif,Furrow,127,43,74,6.6,26.59,69.83,900.47,75.88,99.0,473213733.59,1856.58,57.96,0.03122
4086,Sugarcane,Black,Zaid,Flood,143,56,69,7.06,35.42,92.42,1041.77,73.14,61.25,856486297.76,1586.78,91.09,0.05741
4087,Cotton,Black,Kharif,Drip,116,45,42,7.46,29.87,48.7,629.79,40.75,8.69,45082427.6,1181.6,2.97,0.00251
4088,Millet,Red,Kharif,Drip,34,21,30,7.19,35.36,63.97,289.34,38.4,1.4,8951722.53,436.03,2.89,0.00663
4089,Cotton,Alluvial,Kharif,Sprinkler,84,25,75,7.86,21.22,56.68,904.14,35.13,1.51,8474340.96,687.58,1.73,0.00252
4090,Wheat,Loamy,Rabi,Flood,116,65,43,6.19,22.11,62.87,143.65,41.56,880.31,7275030400.71,510.37,5.14,0.01007
4091,Wheat,Loamy,Rabi,Sprinkler,118,59,30,7.43,22.29,55.11,150.12,45.21,8.16,92052722.64,658.16,2.86,0.00435
4092,Sugarcane,Clay,Kharif,Flood,107,60,93,6.08,31.08,80.38,755.0,78.65,727.42,9742040871.61,1538.43,54.28,0.03528
4093,Maize,Alluvial,Kharif,Drip,70,43,46,6.02,29.81,78.34,691.71,51.05,9.06,50983016.65,561.19,5.47,0.00975
4094,Wheat,Alluvial,Rabi,Drip,79,52,39,7.47,16.26,67.63,241.03,55.68,1.32,8374546.09,573.39,5.72,0.00998
4095,Tomato,Red,Rabi,Furrow,66,56,82,6.75,22.66,53.19,513.5,43.72,452.72,1231429415.3,591.99,65.58,0.11078
4096,Millet,Loamy,Zaid,Drip,58,15,32,7.25,29.5,58.82,276.17,43.74,7.53,86440267.58,329.76,3.19,0.00967
4097,Cotton,Loamy,Kharif,Sprinkler,65,53,47,7.67,31.33,67.94,955.76,39.14,7.55,86856738.56,873.02,1.63,0.00187
4098,Millet,Sandy,Zaid,Rainfed,81,37,56,6.21,30.89,54.21,300.32,38.27,3.98,52406427.98,272.74,4.11,0.01507
4099,Sugarcane,Clay,Kharif,Flood,107,54,59,7.38,35.87,77.56,1411.83,64.41,5.96,27482525.99,2366.5,52.09,0.02201
4100,Maize,Alluvial,Kharif,Sprinkler,71,49,49,6.39,28.2,62.56,728.24,63.33,54.28,624893130.55,664.0,6.26,0.00943
4101,Tomato,Laterite,Rabi,Sprinkler,52,68,48,6.71,23.3,75.76,340.59,64.27,97.67,675475753.84,413.05,42.72,0.10343
4102,Tomato,Red,Kharif,Furrow,75,69,57,6.29,20.32,71.22,497.21,38.45,9.55,47936916.28,573.32,44.7,0.07797
4103,Maize,Loamy,Rabi,Drip,106,65,63,7.12,25.03,64.67,378.28,50.48,2.39,18620557.34,665.17,5.84,0.00878
4104,Tomato,Alluvial,Rabi,Furrow,99,60,49,6.06,25.41,70.69,459.2,55.87,1.73,19463851.01,403.95,48.23,0.1194
4105,Wheat,Loamy,Rabi,Drip,90,40,33,7.39,18.83,43.74,131.27,39.39,81.14,1159464172.98,565.76,3.8,0.00672
4106,Millet,Sandy,Zaid,Drip,70,50,44,6.38,27.07,38.4,396.53,36.72,1.34,7552979.5,396.41,2.06,0.0052
4107,Cotton,Alluvial,Kharif,Drip,110,41,64,7.21,23.72,71.89,986.12,58.76,56.94,617463909.92,632.59,3.07,0.00485
4108,Maize,Loamy,Rabi,Rainfed,116,45,59,6.12,26.7,73.73,392.76,46.58,92.41,1308405346.7,533.25,4.68,0.00878
4109,Sugarcane,Loamy,Kharif,Drip,126,58,77,7.76,25.68,93.73,1563.24,87.52,4.86,50247806.81,1558.92,83.22,0.05338
4110,Millet,Red,Kharif,Rainfed,34,49,45,6.36,30.66,61.91,173.61,27.66,44.04,649149285.27,411.8,3.25,0.00789
4111,Tomato,Alluvial,Zaid,Drip,81,55,87,6.07,22.71,64.19,478.86,36.9,1.05,13534551.37,628.68,32.89,0.05232
4112,Tomato,Red,Kharif,Drip,79,53,90,5.75,18.63,57.5,461.09,44.12,1.15,13388279.83,533.48,70.5,0.13215
4113,Wheat,Clay,Rabi,Flood,73,56,36,7.06,14.85,55.26,191.7,42.59,4.68,22733578.48,435.25,4.75,0.01091
4114,Wheat,Alluvial,Rabi,Drip,61,41,41,6.66,16.63,41.43,225.07,32.71,260.77,1046696428.27,490.76,5.33,0.01086
4115,Wheat,Loamy,Rabi,Flood,119,34,54,7.42,21.55,57.06,232.86,44.05,77.38,653476218.88,540.85,3.24,0.00599
4116,Wheat,Clay,Rabi,Furrow,67,35,44,6.74,12.36,44.89,74.8,56.27,6.68,63921835.54,541.08,4.81,0.00889
4117,Groundnut,Red,Rabi,Rainfed,46,43,43,6.83,23.59,73.12,679.53,40.35,202.94,1751389137.6,400.39,2.22,0.00554
4118,Tomato,Loamy,Rabi,Sprinkler,60,49,69,6.14,21.37,63.43,309.32,48.08,2.26,13009034.41,487.31,34.34,0.07047
4119,Cotton,Loamy,Kharif,Furrow,95,57,62,6.5,34.43,68.67,951.2,49.08,5.96,47116470.74,1000.0,1.55,0.00155
4120,Sugarcane,Alluvial,Kharif,Flood,147,85,73,7.1,27.17,79.47,1275.07,77.36,5.84,32589111.58,1857.99,64.49,0.03471
4121,Maize,Loamy,Rabi,Drip,101,57,39,6.33,25.47,63.59,369.25,61.28,3.9,31795829.08,656.8,6.47,0.00985
4122,Maize,Red,Rabi,Furrow,91,38,36,6.31,25.99,51.99,759.22,45.96,6.89,52874316.79,553.21,4.32,0.00781
4123,Millet,Loamy,Kharif,Rainfed,56,21,28,5.83,31.41,43.67,442.87,42.66,25.18,318529225.1,354.45,1.86,0.00525
4124,Maize,Red,Rabi,Drip,114,38,39,7.02,25.27,55.98,326.69,58.2,4.15,12103966.1,710.62,4.1,0.00577
4125,Cotton,Alluvial,Kharif,Sprinkler,53,35,75,6.77,21.64,71.85,692.69,37.31,821.32,9846726340.49,810.32,2.5,0.00309
4126,Millet,Loamy,Zaid,Sprinkler,79,43,33,6.17,29.9,37.93,355.51,23.43,519.36,1417455939.87,274.38,3.77,0.01374
4127,Sugarcane,Clay,Kharif,Drip,140,54,93,6.67,29.02,81.75,1390.33,75.28,0.77,5241650.05,1956.83,97.21,0.04968
4128,Groundnut,Loamy,Kharif,Rainfed,54,38,75,6.27,30.13,73.24,379.26,30.59,5.63,66841036.9,499.5,2.68,0.00537
4129,Sugarcane,Clay,Zaid,Furrow,119,82,69,7.73,27.68,71.27,1564.12,81.19,5.67,75337289.51,1822.88,57.97,0.0318
4130,Sugarcane,Loamy,Zaid,Drip,114,50,54,6.79,23.86,81.33,1359.52,60.24,14.57,140947244.78,1461.19,66.42,0.04546
4131,Rice,Clay,Kharif,Flood,109,61,55,6.33,31.32,91.43,1206.66,63.15,7.15,64230387.05,1624.67,5.55,0.00342
4132,Groundnut,Red,Rabi,Rainfed,69,57,46,5.86,31.69,72.97,352.48,42.06,0.56,3011952.46,543.33,1.82,0.00335
4133,Maize,Alluvial,Rabi,Sprinkler,93,30,44,6.98,28.8,54.09,778.61,68.86,499.77,4844043879.27,557.68,4.67,0.00837
4134,Sugarcane,Clay,Kharif,Furrow,150,75,71,7.38,33.01,66.05,1305.83,74.38,72.08,253643888.82,2377.93,86.95,0.03657
4135,Millet,Loamy,Zaid,Drip,61,42,34,7.1,25.88,63.02,387.58,20.08,6.13,71264636.02,265.77,1.78,0.0067
4136,Rice,Clay,Kharif,Furrow,130,52,37,5.53,25.32,79.61,1256.68,74.42,60.33,467128016.26,1459.86,6.26,0.00429
4137,Maize,Alluvial,Rabi,Sprinkler,84,50,36,6.49,28.13,50.65,728.5,48.49,42.3,116189936.06,610.2,4.36,0.00715
4138,Maize,Loamy,Rabi,Rainfed,73,43,32,6.58,25.46,64.79,366.74,51.49,7.97,32161091.29,534.33,6.34,0.01187
4139,Groundnut,Laterite,Rabi,Sprinkler,54,25,60,6.22,29.61,73.2,378.7,35.17,1.02,8251295.03,490.86,1.69,0.00344
4140,Rice,Loamy,Kharif,Flood,105,37,58,6.17,31.37,88.15,669.92,73.14,8.58,57301024.54,1770.85,3.34,0.00189
4141,Sugarcane,Loamy,Zaid,Furrow,93,43,110,7.23,23.67,93.57,1293.08,88.67,1.85,4627493.41,1968.96,94.36,0.04792
4142,Millet,Loamy,Zaid,Rainfed,31,25,47,6.28,31.73,57.38,183.59,43.66,830.46,2995339547.95,272.63,3.04,0.01115
4143,Millet,Red,Kharif,Rainfed,38,36,27,5.65,30.96,39.5,207.93,29.78,6.29,17521154.78,406.71,1.75,0.0043
4144,Groundnut,Red,Kharif,Drip,60,40,56,5.52,29.31,60.42,442.08,52.63,23.47,89171077.83,562.05,3.3,0.00587
4145,Millet,Loamy,Zaid,Rainfed,47,26,57,6.23,34.31,56.76,219.76,36.17,3.14,14857820.2,391.88,2.61,0.00666
4146,Groundnut,Laterite,Kharif,Rainfed,60,37,44,5.67,27.97,53.28,350.91,33.92,9.2,136559172.24,619.38,2.52,0.00407
4147,Cotton,Black,Kharif,Drip,90,25,50,6.39,30.85,64.36,602.61,55.94,3.25,28227933.34,793.85,3.41,0.0043
4148,Wheat,Clay,Rabi,Flood,102,53,39,6.78,16.58,40.94,184.86,36.16,7.94,51755208.14,480.36,4.18,0.0087
4149,Groundnut,Laterite,Kharif,Sprinkler,38,52,47,5.83,23.39,65.54,426.05,30.73,5.61,37407889.97,482.52,1.93,0.004
4150,Wheat,Alluvial,Rabi,Sprinkler,76,35,65,6.69,22.82,69.87,149.12,57.85,6.66,65914440.51,492.37,5.57,0.01131
4151,Tomato,Alluvial,Zaid,Drip,109,62,67,6.61,25.24,62.6,342.6,53.42,7.24,25501042.83,541.95,70.99,0.13099
4152,Cotton,Alluvial,Kharif,Sprinkler,100,47,55,6.07,23.17,71.36,733.41,43.88,9.74,88886014.23,689.42,2.32,0.00337
4153,Groundnut,Loamy,Rabi,Drip,54,30,74,5.73,24.75,62.18,498.32,57.32,1.6,8509710.56,532.67,2.0,0.00375
4154,Rice,Alluvial,Kharif,Furrow,140,37,60,5.89,24.28,89.88,1177.24,69.34,15.71,208697958.84,1485.86,5.16,0.00347
4155,Wheat,Alluvial,Rabi,Flood,118,58,39,7.08,16.37,51.37,177.26,48.28,4.9,61158278.91,651.54,4.13,0.00634
4156,Tomato,Alluvial,Rabi,Furrow,72,50,85,6.67,25.84,71.42,222.8,37.78,80.39,473235657.22,614.97,59.44,0.09666
4157,Millet,Sandy,Kharif,Sprinkler,67,50,31,5.64,34.86,34.72,365.93,29.68,416.03,1121697627.78,370.06,1.88,0.00508
4158,Groundnut,Loamy,Rabi,Sprinkler,41,50,60,5.61,25.5,59.13,626.85,38.25,3.9,22846249.58,582.69,3.03,0.0052
4159,Tomato,Alluvial,Rabi,Sprinkler,60,74,42,5.74,18.02,62.3,290.76,58.22,6.14,69688642.85,385.24,60.77,0.15775
4160,Maize,Loamy,Kharif,Sprinkler,98,47,53,6.0,27.9,78.19,655.98,40.43,3.38,15349140.38,650.79,6.63,0.01019
4161,Tomato,Loamy,Zaid,Drip,103,50,60,5.61,18.42,69.35,472.57,54.76,85.59,872479001.17,501.91,37.86,0.07543
4162,Groundnut,Sandy,Rabi,Rainfed,64,42,33,6.86,26.19,52.45,371.49,59.65,516.73,6805902813.8,636.54,2.71,0.00426
4163,Millet,Loamy,Zaid,Drip,36,18,27,6.75,29.49,56.83,172.18,24.46,5.34,76755693.74,362.3,1.5,0.00414
4164,Groundnut,Loamy,Kharif,Rainfed,40,59,43,7.09,23.87,59.19,667.05,50.1,5.31,55215168.23,450.86,1.9,0.00421
4165,Tomato,Alluvial,Kharif,Sprinkler,96,68,42,5.97,28.39,73.32,397.26,49.74,8.61,63329644.86,423.08,65.54,0.15491
4166,Tomato,Red,Rabi,Furrow,108,65,47,5.57,27.66,79.11,485.88,51.62,72.47,974411051.72,603.97,34.42,0.05699
4167,Tomato,Loamy,Zaid,Drip,91,35,50,6.87,24.4,69.43,338.4,47.75,470.85,2091807845.63,598.41,48.31,0.08073
4168,Groundnut,Laterite,Kharif,Rainfed,33,34,43,6.63,23.41,63.4,351.09,59.49,99.66,1004792730.63,535.77,2.06,0.00384
4169,Sugarcane,Black,Kharif,Flood,142,75,70,6.95,32.08,93.87,800.67,77.69,7.32,27459608.39,1819.4,82.21,0.04519
4170,Cotton,Loamy,Kharif,Furrow,67,59,55,6.13,34.85,56.48,910.84,46.54,4.16,44806110.95,1154.9,1.45,0.00126
4171,Sugarcane,Loamy,Kharif,Furrow,128,78,80,7.24,32.57,81.97,1488.31,79.26,33.38,397354529.71,1696.73,66.22,0.03903
4172,Millet,Loamy,Zaid,Rainfed,54,23,59,5.87,33.06,41.91,363.71,39.32,65.66,189957943.21,446.56,3.01,0.00674
4173,Sugarcane,Alluvial,Zaid,Flood,160,40,92,7.65,27.81,86.05,1210.49,70.06,817.88,8543897886.87,2265.3,109.05,0.04814
4174,Wheat,Clay,Rabi,Flood,118,43,52,6.5,18.92,42.14,208.41,42.65,65.29,677293064.37,544.1,5.3,0.00974
4175,Tomato,Alluvial,Kharif,Furrow,102,54,90,6.81,19.65,64.98,546.34,46.73,4.13,18681920.72,614.14,42.46,0.06914
4176,Maize,Alluvial,Kharif,Rainfed,83,59,70,6.01,21.43,57.92,604.29,47.94,5.88,64011577.98,671.18,6.4,0.00954
4177,Groundnut,Loamy,Kharif,Sprinkler,56,49,33,6.17,31.45,70.21,553.97,43.45,227.35,1539734787.91,535.1,2.08,0.00389
4178,Rice,Clay,Kharif,Drip,105,61,55,5.51,25.54,85.33,1339.35,80.25,5.25,26178826.19,1370.31,5.57,0.00406
4179,Cotton,Alluvial,Kharif,Drip,60,31,55,6.22,27.11,68.72,850.3,56.01,7.26,53559935.95,702.14,3.29,0.00469
4180,Sugarcane,Black,Zaid,Furrow,119,80,78,7.72,34.73,67.73,1480.16,74.84,816.9,5725647895.08,2203.04,55.38,0.02514
4181,Wheat,Clay,Rabi,Furrow,97,39,36,6.53,19.66,59.07,88.7,37.82,4.84,17250309.67,473.64,3.61,0.00762
4182,Rice,Alluvial,Kharif,Flood,128,52,70,6.69,27.98,83.9,1159.66,70.29,4.39,29957465.45,1710.58,5.63,0.00329
4183,Sugarcane,Clay,Kharif,Flood,115,80,57,7.73,24.85,85.53,754.03,76.11,6.24,87736787.08,1768.03,82.62,0.04673
4184,Rice,Loamy,Kharif,Flood,124,61,60,5.59,27.24,75.08,988.55,63.28,1.83,20740389.87,1283.64,4.47,0.00348
4185,Millet,Loamy,Zaid,Drip,59,30,58,6.26,26.08,57.49,371.55,35.26,3.43,15710641.31,336.81,2.72,0.00808
4186,Sugarcane,Alluvial,Kharif,Flood,91,79,63,6.15,31.28,91.08,877.16,78.37,32.76,323226144.01,2069.72,68.82,0.03325
4187,Millet,Sandy,Kharif,Rainfed,84,30,61,6.18,28.83,52.92,235.2,27.6,3.34,47186123.66,253.7,2.3,0.00907
4188,Rice,Loamy,Kharif,Drip,85,42,65,6.58,32.73,77.63,1342.16,75.7,1.94,18044819.38,1809.21,4.21,0.00233
4189,Groundnut,Red,Rabi,Sprinkler,47,49,64,6.94,23.36,50.75,549.29,37.71,7.75,79025711.76,649.6,3.05,0.0047
4190,Millet,Red,Kharif,Sprinkler,81,42,57,6.15,25.03,51.98,434.27,42.19,5.41,41659664.3,383.51,2.74,0.00714
4191,Tomato,Laterite,Zaid,Drip,101,44,85,5.57,25.59,51.04,216.73,43.11,1.71,5160907.13,683.79,54.01,0.07899
4192,Groundnut,Red,Rabi,Rainfed,55,57,67,6.12,23.82,53.04,399.89,45.72,85.85,1014437760.46,443.94,1.64,0.00369
4193,Sugarcane,Alluvial,Zaid,Furrow,154,80,84,7.15,30.68,81.74,1171.01,87.66,42.58,307643753.0,1563.61,76.15,0.0487
4194,Rice,Clay,Kharif,Flood,106,69,37,6.52,29.91,70.95,1245.52,88.64,8.97,125422427.11,1303.85,6.73,0.00516
4195,Maize,Alluvial,Rabi,Furrow,93,32,49,7.18,20.72,59.54,331.73,62.39,5.54,33368252.88,688.16,5.46,0.00793
4196,Sugarcane,Loamy,Zaid,Drip,150,49,92,6.51,33.17,86.43,1502.05,78.5,9.2,77445814.84,2412.58,49.74,0.02062
4197,Groundnut,Laterite,Rabi,Drip,70,50,52,6.76,26.52,59.05,475.38,40.66,5.35,44326084.04,482.14,2.06,0.00427
4198,Sugarcane,Black,Kharif,Drip,159,74,104,6.43,29.94,73.54,1579.66,68.97,96.9,980108022.5,2316.19,71.28,0.03077
4199,Maize,Red,Kharif,Drip,98,61,30,7.2,26.81,67.61,390.22,52.96,2.56,18452353.05,697.65,4.77,0.00684
4200,Maize,Alluvial,Rabi,Drip,86,55,36,6.37,31.16,59.85,659.19,63.81,0.41,2408629.81,651.55,5.71,0.00876
4201,Wheat,Alluvial,Rabi,Sprinkler,73,46,31,6.04,21.46,44.3,178.81,36.05,71.38,1007060276.88,639.59,5.35,0.00836
4202,Sugarcane,Alluvial,Zaid,Drip,150,49,58,6.3,35.75,82.3,1194.46,75.17,1.2,16050721.59,1928.12,78.18,0.04055
4203,Groundnut,Loamy,Rabi,Sprinkler,29,56,45,7.08,30.84,59.4,542.9,51.29,7.35,46272652.86,667.35,2.21,0.00331
4204,Millet,Sandy,Kharif,Sprinkler,83,26,32,7.35,26.55,38.82,160.63,22.34,9.41,84532559.21,318.45,2.6,0.00816
4205,Cotton,Alluvial,Kharif,Sprinkler,81,30,64,6.07,32.57,59.64,544.7,56.23,508.26,3269242587.72,901.49,2.19,0.00243
4206,Rice,Loamy,Kharif,Flood,107,63,52,6.34,24.57,91.29,1128.4,75.72,3.49,32589473.83,1526.87,4.59,0.00301
4207,Wheat,Clay,Rabi,Sprinkler,89,51,63,6.34,21.1,45.02,166.98,52.01,0.31,1852672.38,669.37,3.25,0.00486
4208,Rice,Loamy,Kharif,Flood,98,39,55,5.87,28.69,91.14,704.97,67.82,6.31,73316404.29,1628.9,5.01,0.00308
4209,Rice,Alluvial,Kharif,Drip,114,40,43,5.51,31.15,90.36,826.6,69.35,47.88,420303570.4,1398.93,5.11,0.00365
4210,Maize,Alluvial,Kharif,Furrow,73,53,41,7.13,23.06,56.21,624.93,44.38,512.61,7656309288.18,569.31,4.94,0.00868
4211,Tomato,Red,Kharif,Furrow,56,71,61,5.63,19.0,51.43,381.69,48.77,88.56,267084833.54,446.21,61.99,0.13893
4212,Groundnut,Red,Kharif,Drip,26,25,57,5.59,26.59,61.24,646.01,49.37,5.58,68034016.63,457.17,2.14,0.00468
4213,Millet,Sandy,Zaid,Sprinkler,68,42,21,5.72,31.49,56.05,246.24,43.64,6.01,19729154.92,301.53,3.24,0.01075
4214,Groundnut,Laterite,Kharif,Sprinkler,38,41,47,6.14,22.14,53.17,405.03,51.93,72.16,651215997.01,475.22,2.77,0.00583
4215,Tomato,Loamy,Kharif,Drip,54,56,58,6.09,29.56,79.26,536.54,46.46,9.29,123183038.54,459.9,43.67,0.09496
4216,Millet,Red,Kharif,Drip,48,46,36,5.99,33.42,34.03,193.01,23.7,61.53,457020767.44,337.19,1.79,0.00531
4217,Wheat,Loamy,Rabi,Furrow,60,62,64,6.29,11.19,43.95,235.21,40.9,5.39,17893822.54,587.07,3.32,0.00566
4218,Tomato,Alluvial,Rabi,Furrow,69,56,85,6.5,28.38,61.27,436.45,50.53,0.36,5211339.61,687.76,66.93,0.09732
4219,Millet,Sandy,Zaid,Sprinkler,55,21,20,5.89,34.59,35.36,220.06,37.28,5.72,76700398.91,404.51,1.68,0.00415
4220,Cotton,Alluvial,Kharif,Sprinkler,59,54,50,6.98,27.87,61.2,743.09,50.54,9.43,29213134.7,927.82,1.91,0.00206
4221,Cotton,Black,Kharif,Furrow,90,51,65,6.94,27.28,53.31,803.29,61.93,0.37,4447957.4,901.81,3.61,0.004
4222,Sugarcane,Loamy,Zaid,Drip,128,83,84,6.25,26.14,85.02,1390.18,62.46,0.64,9269561.99,1731.64,73.06,0.04219
4223,Tomato,Laterite,Rabi,Furrow,94,47,75,5.7,29.29,74.27,353.43,58.62,7.86,102417136.48,534.02,63.77,0.11942
4224,Groundnut,Red,Rabi,Rainfed,66,38,66,7.07,23.78,56.93,508.36,37.28,5.31,30475674.09,611.59,3.49,0.00571
4225,Maize,Loamy,Rabi,Furrow,125,40,60,6.16,30.57,54.57,315.96,48.75,1.78,19859700.42,674.44,4.26,0.00632
4226,Sugarcane,Alluvial,Kharif,Drip,130,42,107,7.35,33.25,73.64,1160.25,70.34,5.35,29064535.5,2246.79,76.19,0.03391
4227,Rice,Loamy,Kharif,Flood,105,48,51,5.94,31.06,84.63,712.85,66.72,3.52,49299001.3,1321.46,4.18,0.00316
4228,Groundnut,Loamy,Rabi,Drip,66,32,38,5.94,24.66,70.68,667.75,44.04,6.41,73795803.35,541.86,1.48,0.00273
4229,Sugarcane,Clay,Kharif,Drip,97,40,93,6.96,35.21,68.11,1590.71,64.01,3.01,21729515.92,2349.36,82.36,0.03506
4230,Tomato,Alluvial,Rabi,Sprinkler,57,66,63,5.98,18.31,73.92,219.12,38.39,46.8,686582179.65,485.49,37.52,0.07728
4231,Rice,Alluvial,Kharif,Furrow,82,61,42,6.08,31.77,80.48,1188.91,76.97,0.87,5113394.96,1379.07,4.28,0.0031
4232,Groundnut,Loamy,Kharif,Rainfed,33,41,57,6.27,24.5,55.89,400.13,50.75,1.03,3110333.71,607.61,2.02,0.00332
4233,Cotton,Loamy,Kharif,Sprinkler,62,48,75,6.86,32.18,59.39,917.91,42.41,5.87,64657194.87,906.84,2.84,0.00313
4234,Millet,Red,Kharif,Rainfed,74,30,57,6.96,34.2,33.68,314.37,43.12,2.97,35022588.66,457.39,3.66,0.008
4235,Groundnut,Sandy,Rabi,Sprinkler,57,49,52,6.42,29.79,68.45,391.23,38.97,8.66,45248810.11,493.77,2.95,0.00597
4236,Rice,Alluvial,Kharif,Drip,113,52,57,5.6,26.12,70.03,1048.15,86.46,0.44,1610399.15,1677.55,4.51,0.00269
4237,Cotton,Black,Kharif,Sprinkler,87,53,53,6.88,26.53,55.31,626.29,47.23,384.77,2369475045.4,997.35,2.12,0.00213
4238,Maize,Alluvial,Rabi,Drip,101,47,64,5.81,22.05,73.23,476.48,65.66,65.99,175157376.96,501.8,6.39,0.01273
4239,Wheat,Clay,Rabi,Sprinkler,77,56,39,6.28,15.33,55.72,145.54,55.54,91.83,1091875638.72,443.82,3.8,0.00856
4240,Tomato,Alluvial,Kharif,Furrow,77,63,43,5.94,19.35,56.99,213.12,63.17,9.44,117354664.45,632.83,53.01,0.08377
4241,Cotton,Alluvial,Kharif,Sprinkler,89,38,31,6.9,29.85,50.2,510.72,64.63,0.69,4176702.54,930.44,2.91,0.00313
4242,Groundnut,Red,Rabi,Drip,53,42,57,5.75,25.84,59.05,625.45,55.43,9.76,101091244.73,496.2,1.81,0.00365
4243,Wheat,Clay,Rabi,Flood,86,59,39,6.36,13.51,54.24,108.83,54.5,4.5,19527314.55,449.13,3.1,0.0069
4244,Rice,Loamy,Kharif,Flood,128,49,50,5.5,29.12,75.03,1317.33,88.25,7.18,92292869.32,1640.69,5.39,0.00329
4245,Millet,Loamy,Kharif,Drip,41,26,58,5.82,25.92,62.88,325.14,28.28,8.73,104980263.53,335.09,2.6,0.00776
4246,Rice,Loamy,Kharif,Flood,125,35,42,5.55,24.81,74.39,1489.38,66.45,71.03,588074485.12,1267.14,4.79,0.00378
4247,Millet,Sandy,Zaid,Drip,89,30,45,6.79,29.48,47.98,187.49,42.63,3.07,30156303.8,279.96,2.01,0.00718
4248,Maize,Black,Kharif,Furrow,107,47,68,6.05,22.71,52.74,457.46,66.45,3.31,42729186.88,563.7,6.2,0.011
4249,Cotton,Loamy,Kharif,Furrow,108,26,44,6.71,21.09,54.16,594.01,57.9,97.19,917720851.66,814.32,3.12,0.00383
4250,Millet,Sandy,Kharif,Sprinkler,59,20,37,6.44,30.37,62.52,286.69,31.1,9.01,112208389.08,344.92,1.89,0.00548
4251,Millet,Sandy,Kharif,Rainfed,83,46,64,7.41,35.81,54.41,351.45,21.68,6.28,61285868.52,378.01,2.3,0.00608
4252,Sugarcane,Loamy,Kharif,Flood,112,80,72,7.39,22.36,90.15,1382.31,89.37,37.81,191429809.32,1519.95,78.22,0.05146
4253,Tomato,Laterite,Rabi,Furrow,107,43,73,5.9,22.8,57.23,227.92,58.02,0.91,3133263.24,487.0,55.72,0.11441
4254,Cotton,Alluvial,Kharif,Drip,79,52,74,6.43,23.47,59.24,907.21,51.98,7.25,40183996.71,916.43,1.83,0.002
4255,Tomato,Red,Kharif,Drip,105,50,87,6.0,26.67,52.71,499.33,49.98,3.86,38012386.03,473.74,44.75,0.09446
4256,Maize,Alluvial,Rabi,Rainfed,87,58,49,6.53,28.43,64.77,566.76,57.11,0.57,7060419.3,595.24,5.16,0.00867
4257,Rice,Loamy,Kharif,Drip,113,35,43,6.07,33.27,93.56,878.8,84.61,1.32,13298227.38,1695.01,5.75,0.00339
4258,Groundnut,Red,Rabi,Rainfed,48,53,39,6.96,25.18,71.57,390.55,40.1,8.71,93512268.67,382.47,2.54,0.00664
4259,Sugarcane,Loamy,Zaid,Drip,94,42,101,6.15,33.92,94.49,1304.91,87.91,71.14,608119791.96,2455.53,77.5,0.03156
4260,Tomato,Alluvial,Zaid,Drip,75,69,85,5.72,21.7,67.54,206.4,50.31,8.97,123140312.02,451.58,49.68,0.11001
4261,Tomato,Laterite,Kharif,Sprinkler,106,57,77,6.12,18.42,76.75,482.94,39.04,3.1,23990692.22,537.65,62.02,0.11535
4262,Millet,Sandy,Zaid,Drip,82,29,63,5.89,34.69,36.34,430.63,27.21,5.57,31790218.67,284.39,3.16,0.01111
4263,Wheat,Loamy,Rabi,Drip,71,64,66,6.88,20.9,50.78,246.98,54.8,2.81,30541688.74,656.47,3.77,0.00574
4264,Groundnut,Loamy,Kharif,Rainfed,46,29,50,6.45,26.89,61.37,464.69,43.47,9.65,134248499.41,455.06,2.65,0.00582
4265,Maize,Black,Kharif,Rainfed,96,64,69,6.77,26.53,79.32,330.25,41.76,9.09,35499817.43,493.75,4.4,0.00891
4266,Rice,Clay,Kharif,Furrow,124,61,55,6.68,30.3,84.89,1170.37,72.18,974.93,7989220515.95,1271.15,5.82,0.00458
4267,Maize,Red,Rabi,Rainfed,113,31,42,7.18,24.98,58.56,690.04,57.64,9.44,49106450.26,646.45,5.98,0.00925
4268,Rice,Alluvial,Kharif,Flood,128,70,62,6.75,25.57,91.26,724.21,70.7,2.63,39046980.54,1590.42,3.37,0.00212
4269,Maize,Loamy,Kharif,Furrow,122,34,60,6.59,30.58,72.37,511.03,68.77,55.0,396266519.83,712.55,3.86,0.00542
4270,Groundnut,Loamy,Kharif,Sprinkler,53,33,43,6.44,28.51,61.29,404.97,54.16,0.77,9216783.56,500.11,2.74,0.00548
4271,Maize,Loamy,Kharif,Rainfed,113,46,37,7.16,29.89,50.16,603.51,68.36,6.19,71958624.64,767.69,6.7,0.00873
4272,Cotton,Alluvial,Kharif,Drip,83,46,33,7.39,34.25,71.12,512.25,61.48,767.16,2884227520.79,765.02,1.74,0.00227
4273,Sugarcane,Clay,Zaid,Flood,106,43,50,7.6,23.77,94.68,937.53,77.23,7.77,54555017.26,1351.58,85.22,0.06305
4274,Wheat,Loamy,Rabi,Furrow,84,41,59,6.28,20.16,69.02,95.76,45.53,910.1,2696869309.96,508.07,4.7,0.00925
4275,Maize,Alluvial,Rabi,Sprinkler,92,52,60,6.21,20.29,50.96,689.46,55.93,895.89,9203223616.74,746.1,5.05,0.00677
4276,Wheat,Alluvial,Rabi,Furrow,92,62,37,7.09,17.81,56.38,187.68,41.16,8.68,85914318.31,645.16,4.22,0.00654
4277,Sugarcane,Alluvial,Zaid,Flood,110,60,104,6.59,33.4,77.26,1491.74,72.95,606.68,2468085346.99,2260.29,74.75,0.03307
4278,Rice,Loamy,Kharif,Furrow,83,50,63,6.12,29.36,90.09,941.93,86.42,6.85,51218787.13,1722.3,5.76,0.00334
4279,Rice,Alluvial,Kharif,Flood,123,63,40,6.69,27.46,91.06,1556.91,74.08,2.71,8516906.35,1283.02,4.57,0.00356
4280,Cotton,Black,Kharif,Drip,101,60,36,5.87,24.96,68.16,723.81,58.01,7.36,81333661.57,944.57,3.67,0.00389
4281,Maize,Alluvial,Kharif,Drip,120,34,61,6.43,31.99,66.48,642.63,67.57,3.37,32015014.51,569.58,4.32,0.00758
4282,Millet,Sandy,Kharif,Sprinkler,40,20,21,5.55,29.3,51.38,213.77,42.75,1.75,20058494.05,434.61,1.85,0.00426
4283,Wheat,Clay,Rabi,Flood,96,65,44,7.15,15.16,46.5,139.96,42.5,1.52,14476408.82,582.52,4.7,0.00807
4284,Tomato,Red,Zaid,Furrow,102,51,55,5.63,27.51,63.39,558.91,49.87,603.29,2291941812.17,629.43,33.78,0.05367
4285,Sugarcane,Black,Zaid,Drip,139,66,53,7.28,25.23,72.04,1024.21,87.73,84.85,1211073776.0,1661.25,77.7,0.04677
4286,Sugarcane,Black,Zaid,Furrow,154,65,101,7.53,29.09,81.34,1068.64,61.49,4.84,46334129.3,1539.41,72.39,0.04702
4287,Millet,Loamy,Kharif,Sprinkler,57,16,56,5.95,35.11,54.79,227.25,25.74,6.34,36067355.38,407.84,2.1,0.00515
4288,Sugarcane,Black,Kharif,Drip,117,53,73,7.79,35.59,67.09,1310.04,77.55,4.68,61636545.28,2228.85,81.98,0.03678
4289,Sugarcane,Alluvial,Zaid,Furrow,95,65,106,7.22,24.17,79.08,925.59,77.74,4.61,12793598.72,1593.09,84.51,0.05305
4290,Tomato,Laterite,Rabi,Drip,93,66,47,6.38,21.07,60.89,441.83,53.86,933.45,5248374347.36,590.87,47.96,0.08117
4291,Millet,Red,Kharif,Sprinkler,72,17,34,6.28,32.35,31.19,191.35,20.9,26.1,68326627.84,354.72,2.29,0.00646
4292,Millet,Sandy,Kharif,Drip,60,15,42,7.16,35.3,42.85,234.91,38.96,9.07,128780789.22,368.29,2.95,0.00801
4293,Cotton,Loamy,Kharif,Furrow,117,31,35,6.39,26.2,67.3,646.84,41.21,8.18,51519881.03,1032.25,1.7,0.00165
4294,Rice,Alluvial,Kharif,Drip,124,62,52,6.06,27.51,81.76,736.13,78.36,764.31,10711924477.22,1413.32,4.78,0.00338
4295,Maize,Black,Rabi,Drip,100,53,41,6.86,29.57,66.77,443.03,51.67,0.61,4435605.59,766.77,4.93,0.00643
4296,Maize,Black,Kharif,Sprinkler,119,61,47,6.47,23.55,74.21,518.11,54.46,5.51,58874422.91,582.86,6.02,0.01033
4297,Wheat,Loamy,Rabi,Furrow,103,42,49,7.47,18.63,63.94,143.16,40.11,3.23,25344743.05,582.15,5.23,0.00898
4298,Groundnut,Laterite,Kharif,Sprinkler,38,29,52,6.1,26.19,66.9,404.77,37.36,8.21,86382359.05,426.62,2.16,0.00506
4299,Wheat,Loamy,Rabi,Drip,67,35,66,6.16,11.44,50.77,201.03,41.93,8.84,43019200.29,489.46,3.6,0.00736
4300,Groundnut,Loamy,Kharif,Sprinkler,43,59,69,5.71,23.62,69.07,645.88,32.47,1.42,11310145.77,402.56,1.54,0.00383
4301,Sugarcane,Alluvial,Kharif,Drip,140,63,74,6.72,35.47,74.93,737.13,72.15,3.48,46575124.61,2256.94,59.65,0.02643
4302,Millet,Loamy,Kharif,Drip,69,34,51,6.3,26.5,45.14,301.38,41.71,44.44,356320480.19,294.33,2.29,0.00778
4303,Maize,Loamy,Rabi,Sprinkler,129,48,33,6.51,24.61,73.17,598.19,41.81,1.1,10014908.76,615.37,4.42,0.00718
4304,Millet,Loamy,Zaid,Sprinkler,37,37,57,5.55,27.78,41.52,313.27,38.5,9.61,118207845.93,317.5,3.27,0.0103
4305,Maize,Red,Kharif,Drip,76,45,31,7.18,24.3,70.05,314.63,62.92,1.26,11878037.56,712.83,5.34,0.00749
4306,Groundnut,Red,Rabi,Rainfed,62,30,62,6.95,27.86,66.73,422.26,46.67,3.13,45499126.3,397.87,3.16,0.00794
4307,Cotton,Alluvial,Kharif,Sprinkler,56,54,72,7.0,34.5,60.28,603.38,60.69,4.2,14918494.21,1087.41,2.94,0.0027
4308,Wheat,Alluvial,Rabi,Drip,112,31,42,6.02,10.15,69.34,206.08,40.76,91.74,1170198450.61,462.35,2.55,0.00552
4309,Rice,Clay,Kharif,Drip,89,57,57,5.64,24.43,72.71,1054.42,74.65,5.24,66463545.22,1679.78,4.71,0.0028
4310,Cotton,Alluvial,Kharif,Sprinkler,101,32,75,7.61,25.6,67.2,868.89,42.26,2.89,11954744.86,665.24,1.77,0.00266
4311,Wheat,Clay,Rabi,Furrow,117,36,36,6.11,21.25,59.46,177.22,56.76,4.68,56508216.51,575.92,3.88,0.00674
4312,Millet,Loamy,Kharif,Drip,32,24,39,6.25,27.0,54.81,391.35,23.96,1.12,3691086.73,402.51,2.73,0.00678
4313,Wheat,Alluvial,Rabi,Drip,112,37,37,6.42,21.85,67.47,237.13,55.91,9.53,81592718.39,621.88,3.76,0.00605
4314,Millet,Red,Kharif,Rainfed,72,18,47,6.44,34.14,41.34,240.78,20.66,24.77,80554228.75,476.3,3.04,0.00638
4315,Cotton,Black,Kharif,Furrow,58,35,62,7.46,24.17,61.83,890.36,40.12,7.72,81571399.51,798.04,3.25,0.00407
4316,Tomato,Red,Kharif,Drip,93,41,40,5.73,22.78,62.13,332.24,48.29,4.55,20689341.85,570.23,35.46,0.06219
4317,Sugarcane,Black,Kharif,Flood,120,84,87,7.59,32.94,85.37,1388.58,75.76,6.06,77496377.88,1754.51,75.2,0.04286
4318,Sugarcane,Black,Zaid,Flood,160,63,73,6.75,25.77,73.58,1129.69,61.94,459.14,6681445310.14,1946.8,102.98,0.0529
4319,Rice,Clay,Kharif,Drip,105,45,49,5.69,30.39,86.52,1489.28,68.52,9.64,66684612.93,1786.79,4.35,0.00243
4320,Rice,Loamy,Kharif,Flood,132,65,61,6.75,32.38,88.54,1228.54,66.19,31.68,414239953.88,1360.08,3.65,0.00268
4321,Maize,Alluvial,Rabi,Rainfed,70,55,35,5.85,22.17,59.0,413.55,45.08,257.58,2038749912.45,662.74,4.55,0.00687
4322,Groundnut,Loamy,Rabi,Drip,68,46,32,7.16,25.18,64.24,675.96,49.35,3.24,17716160.87,489.44,2.49,0.00509
4323,Rice,Clay,Kharif,Furrow,102,54,63,6.45,26.84,84.67,1468.35,71.93,66.01,232125426.52,1724.0,3.95,0.00229
4324,Cotton,Loamy,Kharif,Furrow,74,53,36,6.37,25.69,66.73,893.21,54.04,8.27,122570494.24,697.32,3.29,0.00472
4325,Tomato,Laterite,Kharif,Sprinkler,98,71,55,6.76,19.02,77.31,267.52,61.03,3.29,38054414.23,410.73,57.4,0.13975
4326,Maize,Red,Rabi,Rainfed,96,52,47,6.1,24.78,69.88,612.63,43.89,10.71,30790399.9,717.49,4.34,0.00605
4327,Tomato,Red,Zaid,Furrow,61,44,52,6.77,27.77,61.17,389.58,40.11,2.21,11372515.28,688.53,40.29,0.05852
4328,Wheat,Loamy,Rabi,Furrow,119,43,33,6.05,16.84,48.9,224.01,52.05,2.8,15691202.83,642.28,2.88,0.00448
4329,Wheat,Alluvial,Rabi,Flood,74,30,61,7.29,14.28,46.97,217.49,35.89,4.08,53234186.67,465.71,3.31,0.00711
4330,Wheat,Loamy,Rabi,Furrow,82,51,56,7.21,18.81,50.85,51.06,44.85,6.37,18755852.11,629.73,5.31,0.00843
4331,Millet,Loamy,Kharif,Drip,66,44,34,6.89,32.74,56.53,273.8,34.41,9.21,97704708.02,270.45,2.47,0.00913
4332,Wheat,Clay,Rabi,Drip,116,59,50,6.28,12.26,51.75,156.98,48.88,7.86,105938780.44,471.88,2.98,0.00632
4333,Sugarcane,Clay,Kharif,Flood,151,76,77,7.18,29.61,82.34,1582.39,77.95,1.15,7086242.76,1827.39,79.09,0.04328
4334,Rice,Clay,Kharif,Furrow,135,70,45,6.6,32.76,85.82,1298.85,83.95,443.61,5172779570.76,1286.59,4.2,0.00326
4335,Cotton,Alluvial,Kharif,Drip,51,34,39,6.61,23.98,49.09,581.29,53.79,85.76,477180890.4,995.64,2.3,0.00231
4336,Sugarcane,Alluvial,Kharif,Furrow,94,68,107,6.01,25.1,67.49,1595.25,61.22,46.07,667722453.88,2483.23,76.9,0.03097
4337,Rice,Alluvial,Kharif,Drip,137,41,50,6.07,28.65,85.92,1316.11,88.87,1.59,6339393.42,1712.09,5.08,0.00297
4338,Tomato,Red,Rabi,Drip,96,41,61,6.29,26.46,79.26,567.44,50.61,3.79,52792631.54,493.36,49.97,0.10129
4339,Wheat,Loamy,Rabi,Drip,62,61,58,6.42,13.21,63.0,83.11,48.28,4.83,50781719.31,513.79,5.62,0.01094
4340,Tomato,Loamy,Zaid,Drip,104,41,50,6.32,19.89,51.8,347.24,44.59,8.7,100175284.59,620.62,46.45,0.07484
4341,Cotton,Black,Kharif,Sprinkler,111,34,74,6.35,34.43,57.53,707.85,49.12,202.72,1644403363.09,1120.14,2.07,0.00185
4342,Cotton,Loamy,Kharif,Furrow,119,47,36,6.09,22.36,63.81,867.69,53.44,9.08,49064804.88,976.79,1.63,0.00167
4343,Wheat,Loamy,Rabi,Flood,89,53,31,7.2,14.21,44.51,213.22,36.26,18.44,137334400.5,540.87,3.12,0.00577
4344,Rice,Clay,Kharif,Drip,133,36,51,6.06,33.57,88.12,1314.79,80.09,9.86,102404897.73,1606.48,3.22,0.002
4345,Sugarcane,Clay,Zaid,Flood,156,74,70,7.39,33.86,65.67,1046.28,87.15,39.09,539258206.13,2270.51,87.9,0.03871
4346,Sugarcane,Loamy,Zaid,Furrow,120,74,92,6.4,22.17,83.56,1475.01,80.99,2.94,24325221.16,2217.5,74.76,0.03371
4347,Maize,Black,Rabi,Drip,94,30,57,6.15,31.43,55.96,324.86,44.86,9.96,96107948.25,865.15,5.26,0.00608
4348,Wheat,Alluvial,Rabi,Sprinkler,84,42,66,6.32,16.05,43.62,237.32,40.15,4.84,52802751.02,572.57,5.34,0.00933
4349,Wheat,Alluvial,Rabi,Furrow,102,49,50,6.8,24.63,53.41,114.3,49.37,416.97,4296455447.07,603.55,4.62,0.00765
4350,Millet,Loamy,Zaid,Drip,32,43,61,5.86,27.48,54.3,209.66,23.34,156.79,939537601.61,239.03,1.55,0.00648
4351,Cotton,Alluvial,Kharif,Furrow,118,42,34,6.59,31.25,64.39,516.12,41.96,4.68,31578936.4,987.59,1.94,0.00196
4352,Cotton,Loamy,Kharif,Furrow,108,54,51,6.97,23.8,68.69,799.87,64.19,6.22,50182563.51,755.0,3.0,0.00397
4353,Sugarcane,Black,Zaid,Flood,127,63,58,7.0,22.18,68.79,741.53,87.09,50.1,427236604.55,2358.06,76.72,0.03254
4354,Wheat,Clay,Rabi,Flood,100,48,40,6.86,14.02,46.0,113.84,38.9,9.68,116277282.46,545.6,4.31,0.0079
4355,Tomato,Red,Rabi,Furrow,76,36,61,6.81,19.75,58.71,488.36,43.87,3.07,44255167.38,472.26,63.59,0.13465
4356,Maize,Loamy,Rabi,Sprinkler,98,34,44,7.2,28.06,68.76,594.25,44.49,4.57,13925139.69,795.92,3.93,0.00494
4357,Wheat,Clay,Rabi,Flood,115,56,65,6.43,14.82,57.76,90.41,56.26,5.42,78335248.41,569.26,4.73,0.00831
4358,Sugarcane,Loamy,Zaid,Drip,97,49,90,6.17,24.72,73.9,749.93,70.98,2.42,20943829.75,2023.27,55.53,0.02745
4359,Rice,Loamy,Kharif,Furrow,84,65,43,6.78,33.85,76.28,1483.05,81.59,47.84,341942066.71,1628.99,4.9,0.00301
4360,Millet,Sandy,Kharif,Drip,54,47,65,6.68,26.29,60.99,216.07,20.9,4.23,51352892.48,329.73,1.89,0.00573
4361,Millet,Red,Kharif,Sprinkler,48,50,42,6.77,31.75,47.28,348.44,20.53,9.43,67350095.36,449.85,2.1,0.00467
4362,Groundnut,Red,Rabi,Drip,26,33,35,7.13,24.36,58.28,545.71,47.1,81.22,275283993.01,517.28,2.5,0.00483
4363,Sugarcane,Black,Zaid,Drip,132,57,63,7.54,32.38,77.66,1571.9,80.3,29.61,309403069.24,2019.45,81.63,0.04042
4364,Cotton,Black,Kharif,Drip,108,62,75,7.37,24.72,66.3,658.7,52.13,68.85,713403958.84,740.7,2.89,0.0039
4365,Groundnut,Red,Rabi,Drip,69,38,64,7.05,23.54,53.54,556.2,39.25,3.81,36291213.95,503.7,1.78,0.00353
4366,Sugarcane,Clay,Kharif,Flood,120,51,91,7.28,25.79,81.3,1045.78,61.1,200.93,2866155985.96,1840.67,83.51,0.04537
4367,Cotton,Alluvial,Kharif,Sprinkler,98,61,65,7.71,31.62,47.17,881.25,38.84,6.91,27122742.03,802.13,1.71,0.00213
4368,Cotton,Black,Kharif,Drip,59,40,31,5.82,33.31,67.55,784.24,56.73,56.8,613877823.77,754.64,3.36,0.00445
4369,Wheat,Loamy,Rabi,Furrow,65,39,66,7.13,14.18,52.16,51.55,31.93,631.47,3203160346.78,602.61,2.79,0.00463
4370,Cotton,Black,Kharif,Drip,73,39,74,7.16,34.39,51.94,950.9,51.12,4.78,56683929.83,1116.54,2.44,0.00219
4371,Rice,Loamy,Kharif,Flood,123,59,70,5.81,33.26,75.29,1195.15,83.21,0.49,5121460.15,1452.17,6.33,0.00436
4372,Rice,Alluvial,Kharif,Furrow,93,45,38,6.18,31.61,90.25,1235.92,72.68,8.64,115951581.96,1517.65,4.73,0.00312
4373,Groundnut,Loamy,Kharif,Rainfed,44,52,59,5.63,27.02,69.09,585.3,46.91,229.08,3404199139.31,448.67,2.15,0.00479
4374,Maize,Black,Rabi,Rainfed,120,54,51,6.34,28.73,72.6,436.06,40.33,0.56,5608284.61,694.52,5.97,0.0086
4375,Cotton,Loamy,Kharif,Sprinkler,80,60,80,7.2,28.29,61.99,987.01,36.4,7.31,42518907.91,993.0,2.92,0.00294
4376,Groundnut,Laterite,Kharif,Rainfed,42,48,54,6.89,29.72,53.51,695.36,53.89,86.91,231532603.54,595.05,2.15,0.00361
4377,Sugarcane,Alluvial,Kharif,Flood,107,49,68,6.5,30.84,88.64,1482.53,86.22,796.3,11520670666.21,1582.35,71.6,0.04525
4378,Sugarcane,Clay,Kharif,Drip,130,66,95,7.52,34.28,89.48,886.4,63.82,87.08,333651517.47,2316.28,70.43,0.03041
4379,Wheat,Clay,Rabi,Drip,67,46,47,6.24,17.19,60.15,218.21,32.42,9.45,30332811.98,530.26,5.44,0.01026
4380,Tomato,Red,Kharif,Drip,52,42,71,6.7,23.55,70.44,429.01,37.11,1.44,15039850.03,448.95,80.37,0.17902
4381,Tomato,Laterite,Kharif,Sprinkler,51,68,83,6.04,25.32,62.13,223.49,49.74,78.68,686046812.98,529.04,61.91,0.11702
4382,Groundnut,Sandy,Kharif,Drip,38,48,46,7.04,29.6,73.58,657.6,52.87,4.02,29523699.17,580.39,1.66,0.00286
4383,Groundnut,Laterite,Rabi,Sprinkler,25,37,54,6.36,22.13,65.58,411.2,33.23,14.51,73043551.33,418.44,2.55,0.00609
4384,Millet,Loamy,Zaid,Drip,45,32,46,5.75,33.7,39.13,288.35,28.3,5.35,68938902.55,480.69,3.5,0.00728
4385,Wheat,Clay,Rabi,Sprinkler,66,46,30,7.2,15.06,43.39,83.77,58.88,7.85,65674765.26,607.99,2.65,0.00436
4386,Sugarcane,Clay,Kharif,Drip,126,73,61,6.49,29.36,72.98,1344.77,68.76,5.26,14490536.83,1595.54,69.93,0.04383
4387,Sugarcane,Clay,Zaid,Drip,114,66,60,6.9,30.42,89.1,1162.48,71.02,0.94,10470595.06,1636.62,79.57,0.04862
4388,Millet,Sandy,Kharif,Drip,83,28,53,6.26,32.13,37.68,151.15,40.83,221.97,1268998380.68,411.97,2.53,0.00614
4389,Wheat,Alluvial,Rabi,Furrow,105,60,36,6.7,14.04,44.65,194.56,37.75,4.54,12042766.91,481.55,3.93,0.00816
4390,Tomato,Laterite,Kharif,Drip,110,61,89,6.17,22.99,69.39,533.03,52.35,58.5,304253550.33,505.28,37.23,0.07368
4391,Rice,Alluvial,Kharif,Furrow,112,48,60,6.23,28.12,73.48,661.89,78.19,2.52,22371804.32,1475.31,5.09,0.00345
4392,Tomato,Laterite,Kharif,Sprinkler,72,53,48,6.46,19.45,53.43,420.6,59.08,17.23,53429480.17,483.79,47.47,0.09812
4393,Wheat,Loamy,Rabi,Furrow,94,45,67,6.69,15.63,60.39,193.63,35.13,5.19,63004792.84,614.35,5.51,0.00897
4394,Cotton,Alluvial,Kharif,Drip,108,54,63,5.86,26.16,68.01,589.89,63.72,1.03,10516711.67,941.78,2.33,0.00247
4395,Millet,Red,Kharif,Sprinkler,36,21,40,6.2,27.07,36.43,404.24,28.22,3.82,12170084.79,264.98,1.4,0.00528
4396,Maize,Red,Kharif,Rainfed,99,56,40,6.98,26.55,61.77,458.65,62.36,986.34,4837446898.21,727.68,7.03,0.00966
4397,Groundnut,Loamy,Kharif,Rainfed,30,46,42,6.91,27.15,56.11,533.35,53.11,4.1,46511543.46,468.29,2.18,0.00466
4398,Groundnut,Laterite,Kharif,Rainfed,39,43,45,5.74,28.62,58.26,520.81,51.48,91.01,706442972.78,429.16,3.05,0.00711
4399,Sugarcane,Loamy,Kharif,Drip,147,78,75,6.51,29.68,87.4,1322.42,67.52,8.36,119004248.22,2302.96,77.42,0.03362
4400,Tomato,Alluvial,Rabi,Sprinkler,67,62,53,5.75,23.24,62.92,276.34,46.25,87.24,1096077669.02,580.02,36.14,0.06231
4401,Groundnut,Red,Kharif,Drip,50,34,41,6.21,29.03,73.67,474.89,47.32,4.8,15039300.21,466.29,2.77,0.00594
4402,Cotton,Alluvial,Kharif,Sprinkler,56,50,76,7.88,26.75,67.69,654.93,47.99,43.84,529307766.91,966.53,2.02,0.00209
4403,Sugarcane,Clay,Kharif,Flood,114,68,86,6.11,29.66,94.39,1401.91,66.03,0.38,4366433.24,1472.86,79.99,0.05431
4404,Maize,Loamy,Rabi,Sprinkler,112,35,59,5.9,31.35,79.08,317.07,42.03,322.22,2918806524.27,734.07,4.5,0.00613
4405,Groundnut,Loamy,Kharif,Sprinkler,64,32,72,6.2,24.21,70.93,424.97,39.01,2.98,35071715.08,591.11,3.15,0.00533
4406,Tomato,Laterite,Rabi,Furrow,61,73,72,6.82,29.54,69.51,579.04,39.43,9.27,59913155.94,421.77,40.22,0.09536
4407,Millet,Sandy,Kharif,Rainfed,51,40,55,7.2,35.28,46.94,182.45,21.27,5.13,25121750.06,352.01,2.98,0.00847
4408,Millet,Loamy,Zaid,Sprinkler,66,49,48,6.87,34.51,53.62,189.89,29.58,327.09,4708481995.77,411.5,2.06,0.00501
4409,Maize,Loamy,Rabi,Furrow,81,46,56,6.95,29.54,76.8,331.35,62.2,8.92,100320514.79,747.65,3.69,0.00494
4410,Rice,Clay,Kharif,Flood,95,35,40,5.83,31.73,78.34,882.62,67.47,1.13,5437130.25,1619.48,4.04,0.00249
4411,Rice,Loamy,Kharif,Drip,109,59,48,5.92,33.57,71.46,1480.36,87.86,82.89,393881574.17,1489.71,4.34,0.00291
4412,Rice,Clay,Kharif,Flood,112,42,60,5.65,26.86,86.81,1211.88,70.46,84.8,1006255743.84,1226.91,4.11,0.00335
4413,Tomato,Laterite,Zaid,Furrow,77,72,63,6.1,22.11,64.03,484.7,44.93,715.36,5652217294.49,602.14,43.33,0.07196
4414,Wheat,Alluvial,Rabi,Flood,108,32,47,7.05,22.32,60.37,57.56,42.75,6.75,70506216.3,580.7,3.14,0.00541
4415,Wheat,Loamy,Rabi,Flood,72,47,47,6.77,14.43,46.51,238.06,38.04,5.85,59111028.21,597.08,5.29,0.00886
4416,Cotton,Black,Kharif,Drip,101,26,44,7.02,26.6,51.36,676.39,54.48,3.06,45770569.35,775.97,1.69,0.00218
4417,Sugarcane,Clay,Zaid,Furrow,141,47,79,6.36,31.52,65.69,1163.35,65.9,2.14,29426222.22,2567.18,85.97,0.03349
4418,Millet,Loamy,Zaid,Sprinkler,65,48,51,7.02,30.89,50.25,385.08,33.66,49.76,517769368.41,357.27,2.86,0.00801
4419,Wheat,Clay,Rabi,Flood,73,45,55,6.15,22.33,42.43,247.41,59.09,0.45,2055465.21,642.75,5.32,0.00828
4420,Tomato,Laterite,Kharif,Furrow,62,61,83,6.99,29.26,53.16,593.01,37.11,29.17,302868096.72,556.19,45.31,0.08146
4421,Sugarcane,Clay,Zaid,Furrow,139,48,57,6.73,32.04,65.24,1285.28,76.23,5.48,44154814.18,2254.53,95.51,0.04236
4422,Tomato,Loamy,Zaid,Drip,89,48,40,6.16,21.99,74.43,310.08,47.06,3.2,40251405.48,517.0,64.12,0.12402
4423,Tomato,Loamy,Zaid,Drip,68,55,68,6.07,25.8,76.15,536.1,61.62,1.2,11947161.63,528.5,62.3,0.11788
4424,Sugarcane,Black,Zaid,Flood,143,78,90,7.26,30.77,65.47,802.21,64.2,75.35,305558711.4,2333.54,77.68,0.03329
4425,Groundnut,Loamy,Kharif,Drip,58,34,44,5.91,28.87,53.01,553.57,59.26,0.9,3158321.09,617.26,1.92,0.00311
4426,Maize,Red,Rabi,Sprinkler,84,49,37,6.31,20.68,60.44,336.84,45.65,90.42,1178094307.37,682.05,4.54,0.00666
4427,Sugarcane,Clay,Kharif,Furrow,157,62,100,7.18,25.28,87.83,1487.57,74.36,95.5,365844816.8,1741.26,51.56,0.02961
4428,Wheat,Loamy,Rabi,Furrow,109,59,43,7.23,11.74,41.18,111.92,39.47,7.47,91749461.02,634.18,5.58,0.0088
4429,Tomato,Alluvial,Zaid,Furrow,95,41,57,6.28,28.44,72.29,511.6,46.59,27.75,177426083.45,414.72,64.26,0.15495
4430,Cotton,Alluvial,Kharif,Drip,83,28,43,7.8,21.59,69.2,899.54,50.57,3.67,36473647.63,663.66,1.68,0.00253
4431,Tomato,Laterite,Rabi,Drip,110,55,69,5.68,25.38,61.4,274.27,43.92,0.67,4065505.34,625.38,44.28,0.0708
4432,Groundnut,Laterite,Kharif,Sprinkler,68,40,40,6.55,22.88,61.49,614.84,31.22,55.14,599826122.31,421.37,1.61,0.00382
4433,Maize,Red,Kharif,Furrow,97,65,63,6.05,27.08,61.12,746.67,59.4,9.85,112530880.49,747.01,6.38,0.00854
4434,Millet,Red,Zaid,Drip,67,20,47,7.42,34.38,37.17,276.44,24.7,5.9,22153384.7,472.9,3.37,0.00713
4435,Cotton,Black,Kharif,Drip,84,52,31,7.81,34.04,73.31,917.4,43.35,2.41,22136154.66,1069.62,1.86,0.00174
4436,Tomato,Red,Zaid,Sprinkler,97,45,72,6.07,28.97,66.67,451.27,35.98,13.94,46281962.39,521.93,69.7,0.13354
4437,Millet,Sandy,Kharif,Drip,34,30,37,6.99,34.7,57.14,405.16,41.17,3.62,47854221.04,272.92,2.9,0.01063
4438,Millet,Sandy,Kharif,Rainfed,47,45,48,5.99,34.48,30.24,358.53,33.57,5.34,40842010.69,302.4,1.81,0.00599
4439,Tomato,Alluvial,Zaid,Furrow,54,57,41,5.87,29.32,59.08,461.69,64.37,15.33,182786637.41,580.66,56.43,0.09718
4440,Rice,Alluvial,Kharif,Drip,114,60,68,6.23,32.38,92.15,1386.23,64.5,70.63,431730096.75,1411.94,4.7,0.00333
4441,Groundnut,Red,Kharif,Sprinkler,58,40,72,6.08,24.89,68.54,692.46,38.71,4.27,53417740.09,612.03,1.92,0.00314
4442,Tomato,Laterite,Rabi,Furrow,76,74,70,6.96,22.84,70.02,352.72,48.26,4.31,16553033.34,514.56,78.31,0.15219
4443,Sugarcane,Black,Zaid,Furrow,148,69,79,7.36,35.96,80.49,1351.31,62.55,53.89,536213113.82,2318.24,68.2,0.02942
4444,Maize,Black,Kharif,Sprinkler,114,64,66,6.12,30.73,58.83,353.91,44.7,69.74,640984633.31,585.14,4.92,0.00841
4445,Sugarcane,Alluvial,Zaid,Flood,147,45,84,6.62,35.94,72.79,1568.11,66.28,54.04,692356766.2,2668.46,53.13,0.01991
4446,Rice,Alluvial,Kharif,Drip,118,37,55,6.23,32.53,87.25,1369.6,74.5,738.39,4074380112.26,1791.82,5.17,0.00289
4447,Cotton,Black,Kharif,Furrow,112,46,67,7.22,29.78,74.73,824.9,38.92,7.03,48809474.73,890.19,2.52,0.00283
4448,Tomato,Laterite,Kharif,Furrow,103,61,42,6.92,29.89,53.5,275.16,41.17,7.03,68129343.95,715.0,28.89,0.04041
4449,Millet,Red,Zaid,Sprinkler,34,20,52,6.3,30.56,31.58,419.5,42.63,2.14,18439143.23,473.12,1.6,0.00338
4450,Millet,Loamy,Kharif,Sprinkler,77,43,35,6.06,32.56,64.89,184.46,40.32,1.97,18617187.25,275.32,2.04,0.00741
4451,Sugarcane,Loamy,Kharif,Furrow,132,54,55,7.41,25.84,87.11,846.72,83.99,7.84,92149872.03,1419.17,60.1,0.04235
4452,Maize,Black,Kharif,Rainfed,72,65,66,6.0,28.2,58.3,570.11,63.16,2.26,16800472.02,616.23,6.48,0.01052
4453,Tomato,Loamy,Rabi,Drip,83,75,84,6.55,25.36,65.62,365.05,45.38,846.51,4486960093.89,406.43,70.68,0.1739
4454,Wheat,Loamy,Rabi,Drip,101,51,44,7.21,21.3,48.45,198.78,56.6,14.41,171769609.55,607.13,4.14,0.00682
4455,Cotton,Loamy,Kharif,Furrow,102,41,65,7.28,32.43,69.49,851.53,64.51,3.44,18166634.51,754.03,2.12,0.00281
4456,Groundnut,Laterite,Kharif,Drip,70,43,43,6.82,30.88,54.53,358.43,30.08,2.06,23528769.72,482.82,2.93,0.00607
4457,Cotton,Black,Kharif,Furrow,58,47,35,6.53,29.93,56.08,639.23,38.46,6.36,92902056.99,1073.43,2.14,0.00199
4458,Millet,Loamy,Kharif,Drip,80,40,43,6.04,26.06,45.64,410.17,43.69,7.49,57878399.02,243.12,3.01,0.01238
4459,Sugarcane,Loamy,Kharif,Furrow,107,56,65,7.75,26.18,66.27,1067.27,80.91,291.78,1119646435.33,2151.1,69.06,0.0321
4460,Rice,Clay,Kharif,Flood,91,35,42,6.36,32.49,91.64,1228.29,72.21,4.64,43805571.33,1571.37,5.79,0.00368
4461,Maize,Loamy,Rabi,Sprinkler,77,46,34,7.19,23.79,79.14,444.72,41.94,48.92,360544160.48,570.83,3.96,0.00694
4462,Maize,Loamy,Kharif,Drip,108,52,41,6.7,24.8,75.59,560.23,66.65,60.3,230458024.81,513.59,6.63,0.01291
4463,Maize,Black,Rabi,Rainfed,92,62,33,6.77,23.49,59.0,341.05,52.68,3.21,37701178.98,759.81,3.9,0.00513
4464,Sugarcane,Black,Zaid,Furrow,112,81,74,6.61,34.5,84.91,1488.06,71.56,2.78,24642271.3,2121.79,54.84,0.02585
4465,Maize,Alluvial,Kharif,Sprinkler,124,62,34,7.04,26.45,64.46,729.24,53.6,8.36,50421248.12,658.36,6.44,0.00978
4466,Maize,Alluvial,Kharif,Drip,105,53,65,6.91,24.01,72.09,475.34,47.74,82.49,278604633.06,529.1,4.29,0.00811
4467,Maize,Black,Rabi,Furrow,88,62,55,6.73,21.37,63.64,560.49,47.78,72.86,795129162.24,731.57,6.37,0.00871
4468,Groundnut,Sandy,Kharif,Sprinkler,63,43,55,5.65,26.89,69.96,554.17,30.77,4.14,19444427.36,552.15,2.47,0.00447
4469,Rice,Alluvial,Kharif,Drip,112,48,70,6.7,27.82,78.35,1549.69,85.85,7.34,95120506.94,1636.55,4.98,0.00304
4470,Sugarcane,Clay,Kharif,Drip,136,61,107,7.69,27.84,94.96,1053.81,67.47,9.69,135605975.52,1662.63,70.14,0.04219
4471,Rice,Clay,Kharif,Furrow,97,40,60,6.21,33.92,75.1,933.81,85.6,4.34,30508862.43,1798.65,5.15,0.00286
4472,Groundnut,Sandy,Rabi,Rainfed,29,53,75,6.77,31.44,52.01,378.6,48.46,9.37,37303557.48,477.3,1.45,0.00304
4473,Tomato,Red,Rabi,Furrow,100,40,44,6.41,29.16,51.58,246.95,61.13,7.22,96905660.22,503.53,57.58,0.11435
4474,Millet,Sandy,Zaid,Rainfed,38,18,33,6.91,30.2,45.84,215.26,37.81,7.28,37524946.28,448.23,2.54,0.00567
4475,Sugarcane,Loamy,Zaid,Flood,94,81,66,6.17,33.63,77.54,1502.28,61.21,9.67,124587402.23,2640.52,56.74,0.02149
4476,Groundnut,Laterite,Kharif,Sprinkler,33,52,42,6.09,25.49,61.95,593.29,37.43,6.53,92035763.0,404.22,2.49,0.00616
4477,Tomato,Loamy,Zaid,Sprinkler,56,74,76,5.93,27.2,76.41,401.49,40.54,7.74,100756812.91,459.14,53.29,0.11606
4478,Groundnut,Sandy,Rabi,Rainfed,50,46,72,5.86,26.39,68.47,689.96,32.18,9.83,87111161.08,395.89,2.9,0.00733
4479,Rice,Clay,Kharif,Drip,101,39,70,6.7,27.31,70.1,775.35,60.98,4.9,65350628.8,1367.22,3.81,0.00279
4480,Cotton,Black,Kharif,Drip,99,35,59,6.63,31.64,48.43,855.49,40.38,254.82,669486702.66,887.72,2.91,0.00328
4481,Cotton,Black,Kharif,Drip,103,42,31,6.94,32.87,68.62,901.94,37.05,5.21,72919379.57,1018.41,2.79,0.00274
4482,Rice,Loamy,Kharif,Drip,109,50,56,5.5,28.51,72.84,1331.54,83.44,1.05,14537898.71,1337.73,3.96,0.00296
4483,Groundnut,Laterite,Rabi,Rainfed,41,53,36,6.89,25.01,59.31,609.86,47.92,2.9,15395572.83,643.59,2.14,0.00333
4484,Rice,Loamy,Kharif,Flood,122,41,67,5.5,32.04,92.07,1090.39,85.35,1.87,14540326.89,1417.95,6.19,0.00437
4485,Rice,Alluvial,Kharif,Furrow,120,63,69,5.89,30.89,90.94,1000.01,76.82,6.29,39992102.18,1495.88,6.89,0.00461
4486,Cotton,Alluvial,Kharif,Furrow,119,28,36,7.2,21.83,50.43,890.97,40.88,9.99,80158011.8,829.42,2.84,0.00342
4487,Rice,Clay,Kharif,Drip,130,56,45,6.21,28.6,70.41,707.49,78.15,54.2,780294331.04,1321.21,5.37,0.00406
4488,Maize,Alluvial,Rabi,Sprinkler,104,53,59,6.73,20.15,68.62,422.3,68.44,23.4,89029093.8,585.24,4.49,0.00767
4489,Millet,Loamy,Zaid,Sprinkler,64,22,49,6.29,26.75,53.09,153.58,40.22,394.39,4104645469.51,330.53,2.41,0.00729
4490,Sugarcane,Black,Kharif,Flood,91,69,58,6.87,34.06,83.94,1404.28,69.84,849.7,7017918192.82,2088.58,61.26,0.02933
4491,Groundnut,Red,Rabi,Sprinkler,34,27,40,7.1,24.67,61.16,588.69,49.36,5.13,76603849.69,546.8,2.32,0.00424
4492,Millet,Loamy,Zaid,Sprinkler,75,42,46,5.51,27.79,30.11,421.03,29.69,7.58,20106513.27,341.25,2.26,0.00662
4493,Groundnut,Loamy,Kharif,Sprinkler,46,39,48,5.96,22.97,50.7,668.86,31.98,6.55,44884735.95,637.69,2.51,0.00394
4494,Rice,Loamy,Kharif,Furrow,105,63,64,6.63,25.87,71.88,1056.06,76.02,211.08,1642471266.14,1787.12,6.51,0.00364
4495,Wheat,Clay,Rabi,Sprinkler,110,43,33,7.03,17.11,66.22,157.41,30.54,6.8,76407848.03,483.42,5.52,0.01142
4496,Sugarcane,Clay,Zaid,Drip,134,85,86,6.4,28.75,85.75,1133.54,85.85,213.32,1318760775.92,1688.18,119.94,0.07105
4497,Rice,Loamy,Kharif,Flood,127,55,39,6.07,33.29,75.16,1153.51,80.68,9.2,95840040.29,1313.52,6.43,0.0049
4498,Sugarcane,Loamy,Zaid,Drip,120,81,65,7.31,27.14,75.03,934.41,88.82,8.99,62049662.03,2335.55,87.88,0.03763
4499,Maize,Loamy,Kharif,Rainfed,104,33,50,7.06,26.52,54.09,545.28,53.92,7.45,90801377.38,771.09,6.9,0.00895
4500,Rice,Loamy,Kharif,Flood,123,35,50,5.56,33.68,76.05,905.23,64.58,3.73,40465111.62,1569.64,5.89,0.00375
4501,Rice,Alluvial,Kharif,Flood,111,70,70,5.57,27.76,70.75,1197.31,89.37,78.68,622249989.37,1317.51,4.23,0.00321
4502,Rice,Clay,Kharif,Furrow,101,60,64,5.88,33.33,89.41,863.19,72.79,5.72,81798555.33,1450.55,3.34,0.0023
4503,Sugarcane,Clay,Kharif,Furrow,134,66,52,7.0,24.58,67.53,747.52,88.67,0.44,1184261.29,2447.21,82.88,0.03387
4504,Wheat,Clay,Rabi,Flood,110,31,47,7.17,10.37,64.29,144.08,44.14,8.03,52072361.99,405.0,3.54,0.00874
4505,Maize,Black,Rabi,Furrow,75,39,46,5.97,22.0,66.71,580.84,67.89,1.13,9125643.48,680.06,6.13,0.00901
4506,Maize,Red,Kharif,Sprinkler,81,50,55,6.81,24.34,64.4,332.18,48.11,8.32,110819339.51,707.9,6.08,0.00859
4507,Wheat,Alluvial,Rabi,Drip,88,50,49,6.74,21.79,56.1,197.26,38.25,2.65,18890492.32,614.13,4.63,0.00754
4508,Cotton,Alluvial,Kharif,Sprinkler,110,51,30,7.3,26.84,63.74,953.37,37.04,4.76,58454006.6,740.66,1.55,0.00209
4509,Sugarcane,Clay,Zaid,Flood,99,72,72,6.48,35.45,73.76,890.53,72.94,12.71,98837748.46,2430.12,78.91,0.03247
4510,Rice,Alluvial,Kharif,Flood,100,53,35,6.49,25.33,81.94,1433.0,87.75,79.85,1013249225.81,1681.8,3.14,0.00187
4511,Sugarcane,Alluvial,Zaid,Drip,157,84,51,6.62,27.45,79.56,911.71,63.71,7.79,41279849.95,2375.55,70.14,0.02953
4512,Cotton,Loamy,Kharif,Drip,71,63,31,6.42,23.22,74.66,767.51,60.87,8.61,104231809.18,732.51,2.58,0.00352
4513,Cotton,Loamy,Kharif,Sprinkler,109,61,40,6.52,31.16,70.8,925.51,49.35,0.58,6707916.5,1055.36,2.56,0.00243
4514,Millet,Sandy,Kharif,Rainfed,67,36,41,6.41,35.13,46.17,324.24,29.43,1.03,15215084.32,388.47,2.26,0.00582
4515,Groundnut,Red,Kharif,Drip,64,46,31,6.36,28.54,57.98,384.42,36.54,0.88,5497030.55,623.53,2.08,0.00334
4516,Tomato,Laterite,Kharif,Furrow,92,47,59,6.89,29.15,59.22,280.15,59.84,5.86,15747246.67,542.82,45.18,0.08323
4517,Sugarcane,Black,Kharif,Flood,153,71,102,6.19,26.3,67.22,968.23,68.93,93.56,1122777927.32,2315.06,92.57,0.03999
4518,Tomato,Loamy,Rabi,Furrow,73,62,73,5.77,24.0,70.72,211.89,51.39,3.27,21617659.85,628.19,31.75,0.05054
4519,Groundnut,Red,Rabi,Sprinkler,56,44,75,5.89,24.16,60.8,537.57,54.44,7.9,68231452.37,543.45,2.89,0.00532
4520,Sugarcane,Alluvial,Zaid,Furrow,132,60,92,7.33,22.19,83.49,837.74,70.1,393.01,2638371641.89,2089.31,54.68,0.02617
4521,Cotton,Loamy,Kharif,Furrow,80,33,34,7.6,27.98,65.63,898.87,47.27,7.2,69673718.71,1003.58,1.59,0.00158
4522,Cotton,Alluvial,Kharif,Furrow,100,46,64,6.55,26.73,59.86,895.39,55.42,87.32,294502114.6,710.24,2.53,0.00356
4523,Cotton,Loamy,Kharif,Sprinkler,105,57,35,7.7,22.92,65.86,901.66,36.36,23.14,306697240.23,712.89,3.25,0.00456
4524,Maize,Loamy,Rabi,Sprinkler,99,51,35,6.19,24.06,68.94,660.86,58.2,3.06,33693410.76,694.33,6.49,0.00935
4525,Rice,Alluvial,Kharif,Furrow,121,46,51,6.2,25.53,90.73,833.57,82.81,5.44,53355956.79,1637.48,3.19,0.00195
4526,Groundnut,Red,Rabi,Sprinkler,56,59,36,6.3,30.23,52.11,431.4,56.31,2.02,25008537.38,532.82,3.19,0.00599
4527,Rice,Alluvial,Kharif,Flood,115,54,48,5.6,28.01,90.35,1356.67,70.69,8.35,77415007.98,1458.79,5.25,0.0036
4528,Groundnut,Loamy,Kharif,Rainfed,30,40,58,5.63,23.6,51.29,564.99,58.93,86.5,1021461165.72,513.51,1.57,0.00306
4529,Millet,Loamy,Zaid,Drip,88,42,28,6.67,26.26,40.37,201.52,21.47,2.23,14552228.76,384.21,2.3,0.00599
4530,Wheat,Loamy,Rabi,Sprinkler,63,55,67,7.49,15.52,46.47,191.15,52.73,2.12,18385172.8,506.13,4.12,0.00814
4531,Wheat,Alluvial,Rabi,Furrow,88,65,45,6.11,11.14,47.86,154.58,36.39,90.3,637468624.33,612.79,5.56,0.00907
4532,Cotton,Alluvial,Kharif,Sprinkler,112,28,46,6.61,23.35,71.07,764.74,41.18,67.57,354772671.89,762.42,3.26,0.00428
4533,Wheat,Clay,Rabi,Flood,106,44,50,7.11,13.0,55.89,115.03,59.75,2.12,31779392.79,611.18,5.2,0.00851
4534,Groundnut,Loamy,Kharif,Rainfed,47,47,60,6.69,23.3,53.6,487.91,41.24,7.6,57891220.64,617.9,2.11,0.00341
4535,Wheat,Clay,Rabi,Furrow,89,35,47,6.06,22.86,54.31,171.84,42.0,52.64,631013467.81,567.32,3.73,0.00657
4536,Rice,Alluvial,Kharif,Furrow,90,58,38,6.78,31.68,70.59,1225.0,78.49,43.74,256135013.0,1718.63,4.12,0.0024
4537,Rice,Clay,Kharif,Drip,105,49,48,6.78,31.27,70.94,984.49,87.39,5.46,40157340.09,1499.88,4.25,0.00283
4538,Groundnut,Sandy,Kharif,Sprinkler,54,50,64,6.22,31.27,60.15,467.98,42.68,71.08,551091932.55,492.34,2.52,0.00512
4539,Rice,Loamy,Kharif,Flood,132,35,47,6.25,33.4,76.53,1328.32,79.66,804.11,7637276882.98,1577.63,4.1,0.0026
4540,Tomato,Red,Rabi,Drip,65,57,85,6.38,22.43,75.54,376.93,40.54,4.08,39594776.17,496.18,53.95,0.10873
4541,Tomato,Red,Kharif,Furrow,96,73,57,5.67,29.94,56.59,577.87,60.37,0.54,4061332.02,492.88,55.94,0.1135
4542,Maize,Red,Kharif,Furrow,93,45,31,5.9,25.53,50.86,677.86,47.35,8.85,41292977.98,803.16,3.81,0.00474
4543,Sugarcane,Alluvial,Zaid,Flood,121,79,53,7.65,23.16,94.61,1586.01,68.04,4.46,14165865.01,1515.69,78.7,0.05192
4544,Millet,Loamy,Kharif,Drip,42,47,60,6.02,34.35,39.9,180.23,40.57,6.14,21167000.54,408.99,3.3,0.00807
4545,Wheat,Alluvial,Rabi,Drip,102,31,32,7.07,14.34,57.91,159.92,50.01,7.22,80554233.9,463.93,4.18,0.00901
4546,Cotton,Alluvial,Kharif,Sprinkler,119,63,34,5.8,31.65,63.07,857.12,42.75,9.01,34501214.49,898.63,2.95,0.00328
4547,Sugarcane,Clay,Kharif,Flood,144,57,106,7.2,26.67,71.51,1242.56,70.51,4.62,39647339.92,2104.5,107.36,0.05101
4548,Groundnut,Laterite,Rabi,Rainfed,40,47,69,6.31,28.81,63.5,388.08,42.67,7.07,65067600.39,593.17,2.78,0.00469
4549,Wheat,Clay,Rabi,Flood,77,60,65,7.04,10.18,40.88,170.54,49.07,1.2,8295998.08,593.46,4.25,0.00716
4550,Wheat,Clay,Rabi,Drip,93,65,55,6.79,11.55,41.33,234.53,55.99,187.12,729395448.89,601.31,4.34,0.00722
4551,Sugarcane,Alluvial,Kharif,Furrow,139,73,65,6.48,34.37,81.98,1522.14,73.34,83.42,665988005.29,1672.59,50.94,0.03046
4552,Rice,Loamy,Kharif,Drip,133,44,52,5.84,24.7,77.33,964.74,89.11,9.16,111006022.49,1636.0,4.21,0.00257
4553,Sugarcane,Clay,Kharif,Drip,142,43,110,7.51,29.59,65.03,1039.08,79.62,90.22,914166317.95,2381.8,75.82,0.03183
4554,Millet,Loamy,Zaid,Drip,87,39,42,6.38,34.78,41.86,339.79,41.03,4.71,39235804.06,474.01,1.6,0.00338
4555,Millet,Loamy,Kharif,Sprinkler,59,25,47,6.99,25.87,50.14,333.32,36.99,22.35,228065734.46,376.62,2.3,0.00611
4556,Sugarcane,Loamy,Zaid,Flood,113,75,79,6.64,34.5,69.3,1535.1,78.88,0.71,4031417.69,2543.64,68.6,0.02697
4557,Tomato,Red,Kharif,Furrow,101,69,86,6.76,24.03,54.28,339.01,45.05,4.24,31981545.9,493.17,37.89,0.07683
4558,Sugarcane,Alluvial,Kharif,Flood,95,78,73,7.09,24.76,78.55,1116.08,62.9,5.8,79462199.24,2052.3,112.11,0.05463
4559,Rice,Loamy,Kharif,Drip,131,37,35,5.9,31.78,92.53,1511.9,80.13,4.05,24812674.54,1229.13,4.95,0.00403
4560,Tomato,Alluvial,Kharif,Furrow,61,65,77,6.65,28.56,79.02,498.85,55.26,91.85,254928330.62,505.41,43.66,0.08639
4561,Maize,Alluvial,Rabi,Drip,83,33,40,6.97,21.1,62.82,636.32,67.22,0.37,2521062.61,587.5,3.95,0.00672
4562,Groundnut,Sandy,Kharif,Rainfed,31,58,46,5.6,31.06,73.84,652.06,30.11,8.04,39712111.89,564.28,1.54,0.00273
4563,Millet,Loamy,Zaid,Sprinkler,77,36,21,6.77,27.7,49.51,309.25,39.67,33.37,404516477.99,243.65,3.63,0.0149
4564,Wheat,Loamy,Rabi,Furrow,120,34,60,7.0,15.62,67.74,146.13,51.82,72.05,1005001415.35,467.25,3.49,0.00747
4565,Tomato,Loamy,Zaid,Sprinkler,62,44,58,6.05,27.88,63.12,549.24,44.95,1.41,7623480.69,458.99,52.51,0.1144
4566,Sugarcane,Alluvial,Zaid,Flood,129,41,92,7.38,32.46,83.97,1095.7,89.47,44.36,459783674.74,2376.28,70.79,0.02979
4567,Maize,Alluvial,Kharif,Rainfed,121,30,33,6.94,26.81,54.51,597.4,56.65,1.57,20912195.7,608.24,4.54,0.00746
4568,Sugarcane,Black,Kharif,Furrow,102,77,109,7.1,28.57,75.69,894.29,80.85,3.38,10331674.65,1666.46,75.44,0.04527
4569,Tomato,Laterite,Zaid,Sprinkler,109,66,88,5.7,24.62,60.44,459.91,35.81,1.69,10484987.6,571.45,56.79,0.09938
4570,Millet,Sandy,Zaid,Drip,37,46,27,6.3,31.03,44.44,293.89,38.01,2.72,32780173.89,308.14,2.51,0.00815
4571,Millet,Red,Zaid,Rainfed,50,37,51,6.51,29.85,34.85,420.19,40.77,9.49,28332055.76,459.7,1.52,0.00331
4572,Maize,Loamy,Rabi,Drip,121,48,53,6.09,25.58,51.41,634.75,50.53,57.2,146139043.97,823.24,5.83,0.00708
4573,Wheat,Clay,Rabi,Flood,88,63,68,6.27,18.19,45.17,221.81,40.05,2.85,23026424.47,501.38,4.02,0.00802
4574,Rice,Loamy,Kharif,Furrow,101,57,35,6.51,31.4,87.6,1011.18,74.87,354.23,3608504271.64,1653.96,5.74,0.00347
4575,Sugarcane,Black,Kharif,Furrow,96,40,96,6.74,26.61,77.97,1484.73,79.59,8.78,86945817.18,2000.31,62.26,0.03113
4576,Maize,Black,Rabi,Rainfed,83,35,64,6.55,26.78,55.71,338.55,50.07,6.9,37511180.72,610.15,4.06,0.00665
4577,Sugarcane,Clay,Kharif,Flood,120,54,66,6.65,30.07,89.95,1389.5,73.12,7.62,46351000.49,2272.25,73.41,0.03231
4578,Cotton,Loamy,Kharif,Sprinkler,97,26,43,6.76,33.83,57.18,712.81,44.87,2.27,27485982.6,984.67,3.02,0.00307
4579,Rice,Loamy,Kharif,Flood,81,38,63,6.54,24.07,73.69,1017.57,75.19,77.42,1128043067.27,1743.94,3.69,0.00212
4580,Groundnut,Laterite,Kharif,Sprinkler,30,28,54,7.09,28.83,50.23,383.37,58.99,436.64,2171041115.55,685.32,2.84,0.00414
4581,Rice,Loamy,Kharif,Drip,111,54,62,5.77,25.33,75.83,1347.32,60.02,6.7,92200577.57,1366.52,3.96,0.0029
4582,Cotton,Loamy,Kharif,Sprinkler,114,28,58,6.28,32.91,54.01,805.51,51.32,1.43,9156514.04,1159.78,2.84,0.00245
4583,Groundnut,Sandy,Kharif,Drip,65,42,33,6.0,22.84,73.04,679.21,57.15,896.57,4247983459.76,361.52,2.0,0.00553
4584,Millet,Red,Kharif,Drip,52,42,23,5.91,34.11,41.93,184.01,35.84,9.96,55363380.57,455.05,1.96,0.00431
4585,Cotton,Alluvial,Kharif,Furrow,63,27,58,7.23,31.49,60.89,561.25,42.51,0.7,6311606.33,1095.33,2.43,0.00222
4586,Wheat,Clay,Rabi,Drip,66,33,67,7.29,15.86,45.95,208.89,47.23,8.93,61647415.39,608.4,5.24,0.00861
4587,Wheat,Alluvial,Rabi,Furrow,79,65,47,6.6,16.28,61.77,99.13,39.7,1.5,14951294.03,562.01,6.0,0.01068
4588,Millet,Loamy,Kharif,Sprinkler,75,17,46,6.03,27.2,48.32,288.21,30.13,0.58,5487561.13,346.28,2.91,0.0084
4589,Maize,Alluvial,Kharif,Drip,80,55,37,6.93,21.6,76.58,494.21,60.0,9.32,77501987.61,481.35,3.96,0.00823
4590,Sugarcane,Black,Kharif,Flood,96,67,110,7.15,30.91,73.12,836.89,78.42,2.41,23437986.24,2579.3,54.61,0.02117
4591,Wheat,Clay,Rabi,Flood,69,47,32,6.54,23.11,55.63,97.78,46.24,8.75,54432661.66,491.0,5.21,0.01061
4592,Cotton,Black,Kharif,Furrow,72,35,54,5.9,31.55,55.09,882.36,54.54,833.11,11528419809.98,811.61,2.13,0.00262
4593,Sugarcane,Alluvial,Zaid,Drip,119,77,64,6.32,31.66,85.07,1517.08,72.31,5.59,39219858.87,1855.15,81.9,0.04415
4594,Cotton,Black,Kharif,Furrow,95,32,65,7.85,30.66,67.03,886.45,47.87,603.74,1949089870.32,847.6,1.95,0.0023
4595,Wheat,Loamy,Rabi,Furrow,107,39,67,7.18,21.94,66.28,138.96,34.18,500.66,6731274537.39,611.43,2.97,0.00486
4596,Millet,Sandy,Zaid,Drip,56,43,40,6.37,27.9,47.11,366.95,36.99,36.05,321347962.23,248.76,3.11,0.0125
4597,Cotton,Alluvial,Kharif,Furrow,108,41,57,7.16,25.65,55.27,841.37,52.29,0.63,8879842.45,914.65,1.78,0.00195
4598,Rice,Alluvial,Kharif,Furrow,128,52,56,6.06,27.6,84.44,1454.31,86.0,246.35,2771970271.82,1292.05,5.34,0.00413
4599,Wheat,Loamy,Rabi,Drip,115,36,42,6.12,16.9,55.5,168.1,35.62,19.88,146485514.49,446.45,4.95,0.01109
4600,Wheat,Loamy,Rabi,Sprinkler,95,62,54,6.5,22.85,61.39,176.61,30.3,703.23,6272322559.12,632.84,3.76,0.00594
4601,Millet,Loamy,Kharif,Rainfed,61,26,27,6.42,28.55,52.95,449.53,30.76,4.13,61797247.39,349.31,2.16,0.00618
4602,Cotton,Loamy,Kharif,Sprinkler,71,40,80,7.27,25.28,54.51,802.4,45.89,2.07,27786246.59,788.97,1.83,0.00232
4603,Maize,Red,Rabi,Furrow,106,46,65,6.05,31.03,71.34,414.99,69.41,61.91,611192664.0,788.89,5.67,0.00719
4604,Rice,Alluvial,Kharif,Furrow,98,64,46,5.58,30.66,92.42,1536.12,83.01,12.3,105394539.24,1613.2,5.34,0.00331
4605,Wheat,Clay,Rabi,Drip,63,48,65,7.27,14.94,54.63,218.73,30.39,89.16,718396964.56,468.1,3.8,0.00812
4606,Wheat,Clay,Rabi,Furrow,80,65,69,6.6,23.08,61.25,192.54,48.36,6.41,52285300.7,551.96,5.43,0.00984
4607,Millet,Loamy,Kharif,Sprinkler,57,40,42,7.02,29.76,49.56,313.07,26.02,0.73,5622182.07,435.51,2.43,0.00558
4608,Millet,Loamy,Kharif,Rainfed,68,34,40,7.45,25.55,58.58,156.34,24.57,31.95,270963855.24,312.48,1.78,0.0057
4609,Wheat,Alluvial,Rabi,Flood,84,46,54,7.05,15.87,48.08,153.11,36.74,0.3,2104902.72,654.25,3.02,0.00462
4610,Maize,Black,Rabi,Rainfed,113,50,63,6.6,26.5,53.0,674.26,51.29,5.01,46263489.02,648.58,5.26,0.00811
4611,Tomato,Loamy,Kharif,Drip,82,68,89,6.11,21.37,62.76,220.85,48.69,0.36,4342913.69,549.63,55.37,0.10074
4612,Maize,Red,Kharif,Furrow,74,53,66,6.99,24.03,67.39,629.02,50.24,0.2,2337108.63,506.78,4.02,0.00793
4613,Maize,Red,Rabi,Furrow,100,31,31,6.96,26.65,56.11,731.32,43.6,8.42,68792374.77,786.16,3.85,0.0049
4614,Tomato,Loamy,Kharif,Drip,72,38,63,6.27,18.43,64.4,314.73,61.16,1.0,6676934.44,497.99,51.64,0.1037
4615,Sugarcane,Clay,Kharif,Furrow,95,53,80,6.92,33.81,66.68,810.93,89.41,6.38,82283438.5,2162.38,64.7,0.02992
4616,Cotton,Black,Kharif,Sprinkler,64,52,61,6.25,24.05,61.98,745.45,56.07,8.03,91434249.44,984.2,3.15,0.0032
4617,Sugarcane,Black,Zaid,Furrow,96,83,98,6.66,31.01,81.06,796.11,66.9,5.82,73010042.97,2340.39,62.4,0.02666
4618,Groundnut,Sandy,Rabi,Sprinkler,37,48,58,6.14,31.6,65.86,440.29,33.17,2.67,28638997.08,595.67,1.62,0.00272
4619,Wheat,Clay,Rabi,Drip,86,53,30,7.2,11.31,48.17,210.71,43.19,0.73,4534686.47,518.57,4.78,0.00922
4620,Tomato,Laterite,Rabi,Furrow,82,41,72,6.59,25.03,66.84,580.76,60.91,41.56,258766844.48,443.84,68.83,0.15508
4621,Maize,Black,Rabi,Sprinkler,128,30,38,6.12,27.9,66.6,582.2,67.21,5.2,61539720.18,684.46,7.02,0.01026
4622,Groundnut,Loamy,Rabi,Drip,62,58,68,5.96,30.67,67.35,478.69,48.82,40.3,500197367.75,520.01,1.97,0.00379
4623,Groundnut,Loamy,Rabi,Sprinkler,50,40,50,6.12,23.1,50.29,564.79,46.8,4.74,27185347.24,416.34,2.67,0.00641
4624,Wheat,Loamy,Rabi,Drip,73,46,61,7.2,15.05,44.8,105.87,58.57,1.91,11385490.79,592.06,3.44,0.00581
4625,Wheat,Alluvial,Rabi,Furrow,71,51,68,6.89,17.48,69.2,107.0,44.18,4.96,40735986.14,561.28,3.39,0.00604
4626,Maize,Black,Kharif,Drip,127,64,41,6.14,30.82,69.88,742.95,48.63,2.6,13491223.28,743.07,3.42,0.0046
4627,Maize,Black,Rabi,Drip,98,62,41,6.16,23.77,59.19,521.0,57.31,0.79,4176897.05,781.31,6.71,0.00859
4628,Groundnut,Loamy,Kharif,Drip,51,27,40,6.53,26.63,59.34,652.53,51.09,160.45,2342386975.44,593.94,3.0,0.00505
4629,Rice,Loamy,Kharif,Flood,90,58,64,5.58,30.92,86.03,1055.72,70.33,1.17,10350927.73,1388.82,5.61,0.00404
4630,Groundnut,Red,Rabi,Rainfed,51,44,63,5.7,30.5,59.15,416.94,35.38,9.33,97297991.81,578.65,1.93,0.00334
4631,Millet,Sandy,Zaid,Sprinkler,76,29,36,5.99,34.89,34.5,176.8,29.5,2.18,28140410.76,291.61,2.75,0.00943
4632,Wheat,Loamy,Rabi,Furrow,99,48,60,7.26,13.99,63.72,70.61,58.0,53.84,609733701.34,484.62,3.65,0.00753
4633,Cotton,Loamy,Kharif,Furrow,92,55,30,7.64,23.34,63.41,927.62,55.41,4.5,54792220.99,661.75,3.19,0.00482
4634,Groundnut,Loamy,Kharif,Rainfed,58,50,71,6.98,25.55,59.07,510.82,32.75,5.48,25852737.56,419.33,3.18,0.00758
4635,Rice,Alluvial,Kharif,Flood,137,54,68,5.76,29.72,75.99,1560.26,87.73,1.65,17150917.05,1359.62,3.58,0.00263
4636,Wheat,Clay,Rabi,Sprinkler,118,36,56,7.19,12.0,44.71,65.09,31.91,98.67,471203713.12,483.85,2.98,0.00616
4637,Maize,Red,Rabi,Furrow,103,31,48,6.51,23.96,56.28,387.3,43.3,1.45,18456502.94,574.2,5.11,0.0089
4638,Wheat,Alluvial,Rabi,Drip,70,64,56,7.26,14.93,62.85,218.12,40.43,1.25,5841634.4,559.3,3.36,0.00601
4639,Cotton,Alluvial,Kharif,Sprinkler,96,53,55,5.97,32.21,45.61,595.5,53.78,4.63,29089600.98,1207.71,2.5,0.00207
4640,Groundnut,Laterite,Kharif,Drip,54,41,72,6.8,23.18,69.13,567.61,53.23,86.29,319141552.56,571.24,3.06,0.00536
4641,Tomato,Alluvial,Kharif,Sprinkler,59,63,54,6.07,21.17,68.27,314.32,62.51,0.41,2515483.52,417.92,38.47,0.09205
4642,Cotton,Loamy,Kharif,Drip,88,47,66,7.74,30.03,62.35,619.86,61.21,77.28,821845180.34,726.96,3.47,0.00477
4643,Millet,Loamy,Kharif,Sprinkler,72,33,41,6.31,26.65,37.87,416.71,29.76,3.53,25031081.46,253.88,3.15,0.01241
4644,Millet,Red,Zaid,Rainfed,85,24,45,6.93,26.71,59.44,313.6,33.34,8.51,67639050.67,263.29,2.66,0.0101
4645,Tomato,Alluvial,Rabi,Furrow,51,71,75,6.31,28.91,53.93,267.29,42.76,2.85,25724558.85,505.57,36.8,0.07279
4646,Tomato,Alluvial,Kharif,Drip,58,38,55,6.5,18.89,65.17,428.71,54.06,57.57,460116083.9,471.86,48.93,0.1037
4647,Rice,Alluvial,Kharif,Furrow,131,49,59,5.87,24.13,79.42,789.64,78.21,8.66,72519427.51,1712.29,4.0,0.00234
4648,Tomato,Alluvial,Zaid,Furrow,54,75,84,5.71,25.54,69.36,338.17,37.98,9.16,103099788.92,519.91,46.46,0.08936
4649,Wheat,Loamy,Rabi,Furrow,117,35,59,6.52,10.75,69.7,96.66,33.78,99.7,309265537.76,421.73,4.64,0.011
4650,Sugarcane,Clay,Kharif,Furrow,103,77,102,7.68,32.81,77.3,1347.8,60.03,3.19,36486622.42,1810.22,90.8,0.05016
4651,Wheat,Loamy,Rabi,Drip,70,35,47,6.9,12.17,50.82,89.09,46.86,6.78,100907944.1,568.48,4.32,0.0076
4652,Millet,Red,Kharif,Sprinkler,41,23,20,5.78,26.37,48.31,281.78,35.36,6.9,66233905.04,367.75,1.64,0.00446
4653,Sugarcane,Black,Zaid,Drip,139,68,66,7.45,23.82,74.93,1410.88,65.9,355.88,2936959113.61,1535.51,63.07,0.04107
4654,Sugarcane,Loamy,Zaid,Flood,126,40,68,6.91,24.21,70.18,1046.28,62.69,7.09,102618321.61,1904.95,62.07,0.03258
4655,Wheat,Loamy,Rabi,Furrow,98,47,47,7.05,18.18,47.14,155.02,53.36,0.73,4638959.13,589.89,5.58,0.00946
4656,Tomato,Loamy,Kharif,Sprinkler,84,66,49,6.17,18.28,71.77,418.78,64.37,5.81,45338651.83,483.51,47.02,0.09725
4657,Sugarcane,Black,Kharif,Drip,106,42,92,7.27,31.34,94.34,993.21,64.83,0.79,5186008.16,2337.16,101.92,0.04361
4658,Maize,Alluvial,Rabi,Furrow,95,43,64,6.63,24.78,60.73,631.53,67.03,7.9,70238466.76,694.46,6.74,0.00971
4659,Millet,Sandy,Zaid,Rainfed,60,37,40,6.83,29.77,40.04,304.51,43.45,53.67,567282749.28,326.56,3.76,0.01151
4660,Tomato,Loamy,Zaid,Sprinkler,58,51,55,5.7,24.2,63.32,405.68,49.58,4.86,44154639.61,512.32,57.1,0.11145
4661,Rice,Alluvial,Kharif,Drip,119,47,60,6.02,31.32,92.81,1368.5,83.25,9.56,58933728.6,1284.03,3.7,0.00288
4662,Sugarcane,Alluvial,Zaid,Flood,124,57,95,6.47,35.45,84.82,1542.46,78.18,724.39,2880601033.13,1700.66,48.22,0.02835
4663,Tomato,Alluvial,Zaid,Furrow,72,41,43,6.17,26.33,76.76,350.61,61.08,8.39,68882948.91,611.99,53.89,0.08806
4664,Groundnut,Laterite,Kharif,Rainfed,48,48,51,7.11,22.91,59.08,667.25,53.23,5.42,55439939.2,609.47,2.87,0.00471
4665,Cotton,Loamy,Kharif,Sprinkler,80,28,80,7.31,21.47,70.99,628.24,60.94,898.7,9969393515.67,903.55,2.17,0.0024
4666,Wheat,Clay,Rabi,Drip,104,46,64,6.4,13.85,54.56,155.77,53.92,6.61,21325684.46,598.36,4.66,0.00779
4667,Cotton,Black,Kharif,Sprinkler,113,27,42,6.85,26.48,67.02,909.32,58.7,0.43,2516986.33,734.68,2.46,0.00335
4668,Groundnut,Sandy,Rabi,Drip,66,38,36,5.66,22.22,51.73,350.21,30.97,4.3,43833275.08,464.02,2.27,0.00489
4669,Groundnut,Laterite,Kharif,Rainfed,57,41,43,7.13,23.72,74.09,571.59,38.17,9.59,141617648.47,556.91,2.09,0.00375
4670,Maize,Alluvial,Kharif,Drip,106,43,41,6.15,24.05,58.59,503.98,63.16,0.24,1699722.59,697.81,5.46,0.00782
4671,Sugarcane,Clay,Zaid,Drip,123,56,62,7.42,24.61,85.53,1365.46,67.66,7.23,79272330.68,1513.46,59.79,0.03951
4672,Maize,Black,Rabi,Rainfed,102,32,49,6.11,21.79,57.75,681.02,65.82,665.8,4204495360.05,697.95,6.08,0.00871
4673,Wheat,Clay,Rabi,Drip,81,58,60,7.18,24.67,40.96,100.23,44.15,16.79,128536530.31,715.0,5.0,0.00699
4674,Sugarcane,Loamy,Zaid,Flood,152,42,105,7.41,32.55,80.31,1200.66,75.5,1.94,15045245.14,2308.74,75.88,0.03287
4675,Maize,Red,Rabi,Drip,130,58,51,5.81,30.54,50.8,654.9,66.31,748.15,3736537724.24,880.0,3.88,0.00441
4676,Rice,Clay,Kharif,Flood,120,56,53,6.56,28.29,70.05,1085.03,79.98,6.11,33272616.93,1718.48,5.03,0.00293
4677,Cotton,Black,Kharif,Drip,98,58,48,7.45,24.75,67.65,578.77,48.57,7.06,31772750.31,840.6,3.24,0.00385
4678,Maize,Black,Kharif,Furrow,70,40,59,6.81,30.75,75.84,375.13,68.38,3.92,55667589.65,739.85,4.17,0.00564
4679,Groundnut,Laterite,Kharif,Drip,67,40,48,6.51,30.98,58.22,415.65,46.45,18.01,84192038.86,439.82,2.6,0.00591
4680,Sugarcane,Clay,Zaid,Furrow,113,56,55,7.6,32.67,91.53,800.69,69.46,993.53,14824736967.97,1991.13,85.2,0.04279
4681,Rice,Clay,Kharif,Flood,82,56,64,5.66,26.97,90.59,1139.66,84.93,33.91,117608397.0,1515.3,6.21,0.0041
4682,Cotton,Loamy,Kharif,Sprinkler,94,44,59,7.33,21.09,68.15,767.88,47.92,6.25,88079744.99,693.56,3.12,0.0045
4683,Groundnut,Loamy,Kharif,Drip,27,56,69,5.64,27.21,67.6,566.0,50.54,5.7,55948708.84,409.93,2.6,0.00634
4684,Sugarcane,Alluvial,Zaid,Drip,125,77,54,7.63,33.74,66.5,1509.54,85.31,1.4,4758833.56,1866.34,64.25,0.03443
4685,Tomato,Loamy,Rabi,Sprinkler,55,41,84,6.28,21.68,55.96,480.44,52.2,7.6,61222325.49,445.7,48.7,0.10927
4686,Maize,Loamy,Rabi,Furrow,118,44,37,7.18,21.91,63.2,603.28,52.68,8.84,71499380.37,517.13,4.96,0.00959
4687,Cotton,Alluvial,Kharif,Furrow,111,55,49,6.79,22.64,67.84,891.6,43.26,1.19,13627523.02,731.7,1.97,0.00269
4688,Maize,Black,Rabi,Furrow,126,60,64,6.79,22.54,53.43,420.73,58.79,4.34,61924646.09,678.78,3.73,0.0055
4689,Cotton,Loamy,Kharif,Drip,55,39,55,7.56,33.3,66.91,610.44,57.77,1.69,19315584.44,1118.86,1.65,0.00147
4690,Groundnut,Sandy,Rabi,Sprinkler,39,49,70,6.71,24.44,74.43,553.73,46.48,0.43,3622202.49,511.79,3.17,0.00619
4691,Cotton,Loamy,Kharif,Drip,52,63,73,7.11,29.91,47.35,681.51,54.72,20.66,268397056.66,1036.98,3.08,0.00297
4692,Groundnut,Loamy,Rabi,Drip,50,27,36,6.95,23.49,65.47,520.2,36.73,5.8,21521467.53,553.62,1.8,0.00325
4693,Cotton,Loamy,Kharif,Sprinkler,95,30,36,7.25,30.2,55.1,994.34,49.22,9.37,139353186.4,977.92,2.44,0.0025
4694,Groundnut,Laterite,Kharif,Rainfed,67,45,46,6.58,22.32,64.58,481.25,54.72,901.46,4165613567.63,590.76,3.1,0.00525
4695,Groundnut,Laterite,Rabi,Sprinkler,58,40,72,6.36,28.67,56.27,418.11,46.72,0.52,3088702.7,473.03,1.9,0.00402
4696,Groundnut,Loamy,Rabi,Drip,30,35,65,6.21,24.55,57.62,627.82,36.78,9.08,117881279.15,538.31,1.97,0.00366
4697,Cotton,Loamy,Kharif,Furrow,94,53,64,6.39,32.92,69.42,835.02,61.04,35.94,343539584.16,1088.63,3.22,0.00296
4698,Maize,Black,Kharif,Furrow,85,36,48,6.87,24.31,52.7,628.57,43.3,62.53,334881515.84,676.97,4.33,0.0064
4699,Groundnut,Sandy,Rabi,Drip,25,30,66,5.55,30.59,59.92,668.58,34.68,9.83,38278481.33,478.2,2.79,0.00583
4700,Sugarcane,Loamy,Kharif,Furrow,112,51,106,6.71,35.88,90.22,786.7,70.8,27.31,318728932.79,1640.96,47.32,0.02884
4701,Tomato,Laterite,Zaid,Drip,81,67,76,6.5,24.12,73.44,436.04,59.7,4.37,36675295.22,433.95,78.97,0.18198
4702,Millet,Loamy,Zaid,Drip,80,36,39,6.81,30.08,44.25,209.51,20.39,6.0,23184758.3,346.29,1.69,0.00488
4703,Sugarcane,Alluvial,Kharif,Furrow,156,55,72,6.57,23.19,65.09,1351.46,86.6,1.84,15858613.14,1879.32,79.18,0.04213
4704,Millet,Red,Kharif,Rainfed,71,50,20,6.01,32.19,34.02,151.68,29.4,3.4,16079121.92,466.44,2.81,0.00602
4705,Maize,Alluvial,Rabi,Rainfed,108,42,70,6.6,29.69,60.54,336.1,52.13,1.23,8225359.18,702.54,5.34,0.0076
4706,Wheat,Alluvial,Rabi,Drip,105,52,70,7.47,10.01,47.06,98.34,56.37,0.72,2145728.09,518.25,4.57,0.00882
4707,Maize,Red,Rabi,Furrow,105,48,53,7.18,29.41,58.78,356.13,44.7,2.98,9372022.16,565.74,4.41,0.0078
4708,Groundnut,Laterite,Kharif,Sprinkler,44,50,38,7.06,28.08,57.3,642.16,46.59,8.07,45000750.83,416.7,2.39,0.00574
4709,Sugarcane,Alluvial,Kharif,Furrow,156,78,79,7.68,25.65,92.68,803.25,65.97,0.51,3873803.06,1917.82,85.25,0.04445
4710,Cotton,Loamy,Kharif,Furrow,119,26,77,6.94,25.31,73.65,686.73,46.37,1.22,3050202.56,698.56,1.83,0.00262
4711,Cotton,Black,Kharif,Furrow,74,33,78,7.56,24.19,48.49,999.35,56.61,958.7,10018464099.57,755.17,2.56,0.00339
4712,Millet,Red,Zaid,Drip,82,37,42,6.86,28.9,44.04,318.97,25.35,80.82,896791907.25,361.73,3.61,0.00998
4713,Millet,Loamy,Kharif,Drip,85,27,21,7.35,25.34,47.48,193.44,29.64,0.55,6734097.22,287.94,1.55,0.00538
4714,Maize,Red,Rabi,Rainfed,105,43,60,6.6,31.22,72.72,344.02,65.67,247.38,2639258810.92,588.34,3.29,0.00559
4715,Tomato,Laterite,Kharif,Furrow,61,51,73,6.29,21.98,55.57,500.05,62.91,0.94,13550892.59,662.49,41.08,0.06201
4716,Millet,Red,Kharif,Sprinkler,42,49,47,6.13,32.9,37.2,391.87,27.06,6.52,28327566.71,284.72,3.09,0.01085
4717,Wheat,Clay,Rabi,Sprinkler,63,48,61,6.42,24.58,69.61,123.12,53.64,875.53,6139318771.12,544.29,5.35,0.00983
4718,Sugarcane,Alluvial,Zaid,Furrow,102,58,53,6.17,26.12,69.89,774.12,71.12,64.7,350026307.73,2361.63,81.24,0.0344
4719,Maize,Black,Kharif,Rainfed,73,49,41,6.42,31.49,52.72,431.29,44.57,4.92,51058500.34,727.84,5.81,0.00798
4720,Wheat,Loamy,Rabi,Furrow,66,65,55,6.51,24.58,57.03,129.38,43.05,36.56,411216115.28,550.05,2.74,0.00498
4721,Sugarcane,Loamy,Zaid,Drip,132,78,55,6.83,33.1,92.43,1264.28,75.92,11.17,135001626.22,2078.99,101.73,0.04893
4722,Tomato,Red,Zaid,Furrow,74,70,85,6.45,22.0,79.5,223.45,61.09,93.44,778473621.76,563.66,57.86,0.10265
4723,Groundnut,Red,Rabi,Drip,46,52,55,6.02,30.22,63.4,428.08,56.41,24.82,187596475.62,644.01,2.03,0.00315
4724,Sugarcane,Alluvial,Kharif,Drip,116,63,86,6.54,31.01,80.12,1289.95,70.12,1.6,9537625.77,2203.46,78.14,0.03546
4725,Cotton,Black,Kharif,Sprinkler,83,60,43,6.75,22.2,58.51,960.5,51.76,0.77,4164198.8,845.74,2.09,0.00247
4726,Sugarcane,Loamy,Zaid,Drip,106,50,66,6.38,27.62,89.69,1392.49,61.1,0.94,6970349.41,2114.69,70.04,0.03312
4727,Rice,Loamy,Kharif,Drip,102,67,53,6.29,30.7,72.4,764.43,73.02,26.8,193845917.83,1469.77,5.29,0.0036
4728,Wheat,Clay,Rabi,Furrow,119,37,33,6.73,15.44,49.65,149.81,51.56,7.28,77503683.5,533.38,3.46,0.00649
4729,Cotton,Alluvial,Kharif,Drip,74,35,59,7.82,21.27,66.81,741.96,57.34,4.33,12583334.51,729.94,2.63,0.0036
4730,Maize,Black,Rabi,Rainfed,90,42,67,6.85,21.04,59.3,429.87,60.52,4.52,22005878.36,557.43,5.81,0.01042
4731,Wheat,Alluvial,Rabi,Sprinkler,97,64,51,6.09,24.08,53.61,103.1,53.15,7.63,64120723.31,523.51,4.09,0.00781
4732,Rice,Clay,Kharif,Furrow,89,70,51,5.89,28.74,82.1,1148.36,86.35,44.79,650074381.59,1660.75,4.29,0.00258
4733,Cotton,Loamy,Kharif,Furrow,74,42,33,7.09,28.18,69.67,605.22,63.97,0.52,1471819.58,942.73,2.52,0.00267
4734,Sugarcane,Black,Zaid,Flood,126,66,101,6.57,32.06,93.63,1116.62,63.62,3.38,28922627.38,1759.4,92.3,0.05246
4735,Millet,Red,Zaid,Rainfed,46,29,40,6.8,31.13,56.43,232.23,29.42,3.02,26978752.58,247.83,3.37,0.0136
4736,Tomato,Red,Zaid,Drip,95,62,85,5.62,19.4,72.31,326.35,43.78,37.49,265816001.97,403.47,59.9,0.14846
4737,Rice,Loamy,Kharif,Furrow,105,46,62,6.39,27.56,91.88,673.89,82.05,4.21,24915199.71,1453.02,4.65,0.0032
4738,Tomato,Loamy,Rabi,Sprinkler,82,73,79,5.77,22.28,65.32,491.0,45.08,7.33,42274056.5,587.71,51.02,0.08681
4739,Tomato,Laterite,Kharif,Drip,91,56,87,6.81,22.71,60.45,340.5,40.87,38.07,164248303.25,405.71,75.37,0.18577
4740,Wheat,Clay,Rabi,Flood,63,65,58,7.17,21.22,50.0,177.92,38.45,64.59,716124551.99,581.57,5.13,0.00882
4741,Rice,Loamy,Kharif,Furrow,136,53,62,6.12,26.18,81.76,1039.89,77.97,8.1,99959440.9,1404.34,3.82,0.00272
4742,Sugarcane,Black,Zaid,Furrow,144,63,83,6.76,24.0,91.6,747.79,63.41,97.47,1229407460.36,1623.0,50.0,0.03081
4743,Cotton,Loamy,Kharif,Sprinkler,108,62,73,7.79,28.9,63.93,964.97,44.07,96.85,762784338.5,958.54,1.68,0.00175
4744,Wheat,Alluvial,Rabi,Sprinkler,69,51,69,6.16,14.36,43.05,117.78,47.32,0.33,3612406.13,628.39,4.87,0.00775
4745,Maize,Loamy,Rabi,Sprinkler,126,60,59,7.15,20.56,63.37,300.94,67.62,4.55,24471270.25,740.49,3.88,0.00524
4746,Groundnut,Red,Rabi,Sprinkler,25,60,40,7.0,26.79,52.47,641.04,55.4,8.87,62365593.99,450.19,3.05,0.00677
4747,Rice,Alluvial,Kharif,Furrow,113,38,55,6.73,30.02,91.98,1399.47,84.19,4.12,20780333.34,1640.27,3.93,0.0024
4748,Cotton,Loamy,Kharif,Sprinkler,54,46,73,7.6,34.63,48.2,509.09,58.23,3.62,38404879.07,932.96,1.73,0.00185
4749,Rice,Alluvial,Kharif,Flood,98,56,44,5.53,27.67,71.28,1365.62,61.76,56.51,400181689.2,1836.56,4.05,0.00221
4750,Sugarcane,Alluvial,Kharif,Flood,101,45,86,6.77,35.7,91.11,1161.39,73.55,2.57,10983795.57,2101.63,102.75,0.04889
4751,Millet,Sandy,Zaid,Rainfed,89,16,32,6.79,29.51,48.32,381.12,35.23,8.67,81826949.23,436.8,1.94,0.00444
4752,Maize,Black,Kharif,Rainfed,84,48,36,6.73,23.93,76.42,789.17,67.33,2.67,22240991.22,669.74,5.94,0.00887
4753,Cotton,Alluvial,Kharif,Furrow,60,56,45,7.22,26.74,55.86,775.77,59.14,7.86,69330747.25,994.2,3.1,0.00312
4754,Sugarcane,Loamy,Kharif,Furrow,116,76,56,7.44,27.5,94.56,1579.54,69.58,12.85,77707707.76,1852.23,54.34,0.02934
4755,Sugarcane,Loamy,Zaid,Drip,121,59,83,6.51,29.93,72.44,1026.76,81.27,5.98,81109333.86,1919.94,67.58,0.0352
4756,Tomato,Alluvial,Kharif,Sprinkler,55,44,41,5.65,25.54,79.95,440.62,42.65,4.52,17266724.09,498.05,71.64,0.14384
4757,Wheat,Clay,Rabi,Furrow,113,40,54,6.01,16.9,63.0,172.48,39.55,24.23,200389836.92,441.31,4.44,0.01006
4758,Cotton,Alluvial,Kharif,Furrow,99,26,42,7.08,25.38,53.32,644.37,38.41,0.63,5192727.42,1014.95,3.22,0.00317
4759,Tomato,Laterite,Rabi,Sprinkler,56,55,77,6.02,25.03,56.6,379.35,38.98,0.46,4389685.06,445.64,67.81,0.15216
4760,Wheat,Alluvial,Rabi,Sprinkler,100,64,59,6.72,15.11,60.61,104.13,48.87,7.25,101355812.85,484.17,2.99,0.00618
4761,Tomato,Loamy,Zaid,Sprinkler,66,49,74,6.74,19.36,52.97,386.12,45.36,0.3,2860235.09,570.26,54.5,0.09557
4762,Sugarcane,Black,Kharif,Drip,102,76,53,6.26,33.65,81.23,1483.96,77.03,39.33,377595921.66,2249.69,68.63,0.03051
4763,Cotton,Loamy,Kharif,Sprinkler,57,40,31,6.55,27.97,61.57,758.93,39.37,87.7,1131617013.17,1044.63,3.1,0.00297
4764,Rice,Alluvial,Kharif,Drip,106,63,57,5.82,33.22,85.82,1198.75,77.42,0.63,9256141.2,1504.01,5.84,0.00388
4765,Tomato,Red,Rabi,Sprinkler,61,41,61,6.19,29.74,78.55,230.82,42.96,6.08,21815287.58,603.71,37.62,0.06231
4766,Maize,Black,Rabi,Rainfed,128,51,67,6.23,22.13,71.25,417.41,60.54,7.27,75700965.13,682.74,4.43,0.00649
4767,Tomato,Loamy,Kharif,Furrow,64,69,80,5.99,27.67,75.22,548.05,59.5,3.05,22535385.78,444.12,39.34,0.08858
4768,Tomato,Laterite,Zaid,Furrow,108,69,50,6.16,27.7,69.23,429.79,59.33,59.1,445588865.5,491.34,62.09,0.12637
4769,Cotton,Black,Kharif,Furrow,114,31,66,7.54,25.09,58.15,873.44,61.12,8.88,80995326.84,719.92,2.5,0.00347
4770,Cotton,Black,Kharif,Sprinkler,118,52,36,7.26,25.35,58.02,708.21,45.46,90.9,700754732.4,1001.22,1.78,0.00178
4771,Rice,Clay,Kharif,Flood,98,52,47,5.63,25.54,70.57,1038.63,65.09,1.81,21850951.49,1261.74,6.54,0.00518
4772,Millet,Sandy,Kharif,Drip,50,30,41,6.08,30.08,33.11,287.85,31.53,1.65,7143918.11,426.88,1.77,0.00415
4773,Sugarcane,Black,Kharif,Furrow,159,56,99,7.71,31.21,91.85,1211.79,65.71,16.74,59475941.3,1856.94,84.88,0.04571
4774,Millet,Red,Zaid,Drip,64,38,53,6.21,26.35,47.33,188.78,22.42,1.84,24389241.2,412.82,3.11,0.00753
4775,Groundnut,Sandy,Kharif,Drip,27,27,71,6.3,24.88,58.4,598.38,58.06,0.59,1541581.79,455.62,1.7,0.00373
4776,Cotton,Alluvial,Kharif,Furrow,53,47,44,5.9,33.76,60.69,930.89,55.36,7.26,66339757.18,882.74,1.51,0.00171
4777,Groundnut,Loamy,Rabi,Drip,61,38,45,5.8,29.41,52.33,683.19,50.68,0.49,5660171.78,520.22,1.77,0.0034
4778,Rice,Loamy,Kharif,Flood,133,60,36,6.68,28.97,77.53,1474.91,74.34,4.54,56605144.87,1366.04,5.36,0.00392
4779,Wheat,Loamy,Rabi,Sprinkler,62,46,35,6.15,17.64,47.83,116.16,45.92,6.93,66248501.37,489.53,5.01,0.01023
4780,Cotton,Alluvial,Kharif,Furrow,50,36,39,7.53,33.35,55.25,966.62,49.53,8.86,49038609.69,1148.46,1.46,0.00127
4781,Wheat,Alluvial,Rabi,Drip,60,46,32,7.45,14.14,42.02,191.87,36.95,28.09,395393024.41,621.63,3.03,0.00487
4782,Maize,Alluvial,Rabi,Drip,128,49,59,6.55,30.92,52.03,797.34,56.82,6.71,86975398.35,563.66,3.22,0.00571
4783,Millet,Loamy,Kharif,Rainfed,43,36,47,7.05,32.03,51.72,297.88,32.84,8.81,105819074.49,325.69,2.89,0.00887
4784,Wheat,Loamy,Rabi,Sprinkler,60,38,52,6.18,17.43,46.11,101.92,55.13,2.02,11703208.99,560.85,2.91,0.00519
4785,Millet,Red,Kharif,Rainfed,61,46,52,7.16,33.15,30.51,346.03,23.51,8.48,103109314.77,406.64,3.0,0.00738
4786,Tomato,Loamy,Zaid,Sprinkler,58,54,71,5.67,18.63,60.21,239.95,56.17,426.92,3063512491.2,517.81,33.26,0.06423
4787,Cotton,Loamy,Kharif,Furrow,67,59,71,7.17,24.61,69.84,754.72,37.08,3.47,22749411.97,678.8,1.68,0.00247
4788,Wheat,Clay,Rabi,Furrow,114,37,64,6.81,15.63,68.8,59.18,49.2,2.78,23291874.36,500.46,3.15,0.00629
4789,Groundnut,Red,Rabi,Rainfed,70,33,34,6.13,23.3,55.96,557.13,51.12,0.74,8585104.52,452.41,2.01,0.00444
4790,Rice,Loamy,Kharif,Flood,120,42,58,6.17,27.08,72.0,1329.41,67.42,7.33,62485865.31,1828.12,4.32,0.00236
4791,Tomato,Loamy,Zaid,Drip,81,60,59,5.96,29.66,78.05,450.26,35.58,4.11,57692717.03,505.49,67.57,0.13367
4792,Maize,Alluvial,Kharif,Sprinkler,104,39,65,7.01,31.52,72.32,349.64,60.4,8.94,124381515.81,712.07,3.32,0.00466
4793,Wheat,Clay,Rabi,Drip,107,50,54,6.45,23.15,63.91,163.67,59.16,0.74,5859249.77,585.04,4.46,0.00762
4794,Maize,Loamy,Rabi,Rainfed,72,44,63,6.93,29.06,73.4,390.78,55.36,3.68,11005489.88,695.02,3.52,0.00506
4795,Groundnut,Loamy,Rabi,Rainfed,48,40,42,6.05,28.82,73.23,394.77,44.23,541.62,2655015963.17,573.77,2.74,0.00478
4796,Millet,Sandy,Zaid,Rainfed,89,29,35,5.97,26.3,45.65,247.93,32.47,49.41,468395639.37,385.24,3.0,0.00779
4797,Sugarcane,Black,Zaid,Furrow,153,72,77,6.29,33.14,71.75,1318.95,88.79,82.97,284909295.28,2401.35,58.15,0.02422
4798,Groundnut,Loamy,Kharif,Rainfed,66,39,62,6.43,22.03,53.11,591.43,37.04,5.27,45838594.71,412.35,2.78,0.00674
4799,Sugarcane,Alluvial,Kharif,Flood,123,50,50,7.06,33.42,75.83,1505.05,74.11,9.13,113414825.35,1694.06,85.65,0.05056
4800,Maize,Alluvial,Rabi,Sprinkler,121,41,46,6.13,21.93,61.02,545.19,54.25,3.45,47074532.91,701.94,6.61,0.00942
4801,Sugarcane,Black,Zaid,Drip,157,84,52,7.75,35.1,84.65,1335.18,69.26,8.98,63849067.39,1797.01,57.27,0.03187
4802,Maize,Loamy,Kharif,Furrow,126,58,63,6.87,25.25,50.32,784.85,51.52,1.88,15475649.32,682.72,5.91,0.00866
4803,Sugarcane,Clay,Zaid,Flood,144,85,84,6.36,28.55,78.25,1440.58,62.9,1.01,9027323.9,1570.0,91.32,0.05817
4804,Millet,Sandy,Zaid,Rainfed,80,31,28,5.79,31.73,41.53,301.66,37.92,2.43,8805900.77,376.87,2.36,0.00626
4805,Maize,Loamy,Rabi,Rainfed,117,40,42,7.17,30.25,67.78,742.14,48.56,2.49,22145647.59,728.29,4.64,0.00637
4806,Wheat,Clay,Rabi,Furrow,116,58,45,7.38,22.43,52.68,205.1,33.44,2.12,7737244.91,558.4,5.35,0.00958
4807,Rice,Loamy,Kharif,Furrow,133,63,35,5.63,33.4,70.07,1556.46,77.18,3.76,24604293.03,1897.61,5.1,0.00269
4808,Maize,Black,Kharif,Sprinkler,101,32,64,6.9,25.56,75.05,731.45,68.85,7.06,21093217.09,734.87,5.86,0.00797
4809,Sugarcane,Alluvial,Zaid,Flood,145,57,81,6.42,26.08,83.49,1031.65,68.94,6.16,17666492.55,1805.87,77.52,0.04293
4810,Rice,Clay,Kharif,Flood,102,47,43,5.72,24.1,85.73,1367.71,66.97,96.97,726351020.96,1424.56,5.49,0.00385
4811,Groundnut,Laterite,Kharif,Sprinkler,27,45,43,6.39,24.47,73.08,534.05,56.71,530.58,3418409615.76,548.46,1.71,0.00312
4812,Maize,Black,Kharif,Drip,91,52,44,7.08,23.53,58.59,676.97,51.32,6.7,75072095.2,538.39,6.5,0.01207
4813,Millet,Sandy,Kharif,Drip,38,47,32,6.18,31.46,52.67,439.27,44.59,6.18,78447240.91,299.34,2.29,0.00765
4814,Maize,Red,Rabi,Furrow,116,30,62,6.39,31.91,72.87,579.86,43.65,8.58,121845750.23,766.87,5.81,0.00758
4815,Rice,Alluvial,Kharif,Flood,109,36,49,6.12,27.02,73.52,856.23,80.79,1.93,12901076.86,1647.3,4.71,0.00286
4816,Millet,Red,Zaid,Rainfed,80,22,44,6.1,31.57,64.12,320.64,28.62,241.77,2715090959.26,416.15,2.98,0.00716
4817,Groundnut,Sandy,Rabi,Drip,33,52,32,5.94,23.19,62.31,529.53,57.07,46.36,183424314.87,572.63,1.68,0.00293
4818,Maize,Black,Rabi,Sprinkler,89,57,70,6.55,27.82,52.94,494.88,67.93,19.58,86088448.94,741.89,6.76,0.00911
4819,Rice,Clay,Kharif,Furrow,108,70,48,6.6,33.06,88.98,1376.34,81.04,3.21,26481466.15,1346.85,3.68,0.00273
4820,Rice,Loamy,Kharif,Furrow,130,53,43,5.51,25.31,84.67,1579.21,77.28,716.0,6978063775.98,1468.09,3.42,0.00233
4821,Tomato,Red,Zaid,Sprinkler,76,41,40,6.0,21.33,55.77,501.54,46.19,4.51,43725445.88,513.62,40.18,0.07823
4822,Cotton,Loamy,Kharif,Drip,119,52,60,7.33,25.84,70.81,683.53,60.01,95.59,278876495.6,718.7,3.42,0.00476
4823,Cotton,Black,Kharif,Furrow,91,49,42,6.98,34.78,73.26,653.75,55.67,1.6,4484058.72,762.12,2.66,0.00349
4824,Wheat,Alluvial,Rabi,Sprinkler,76,48,54,7.13,10.07,53.3,104.35,48.41,5.94,22358247.26,531.28,5.35,0.01007
4825,Wheat,Alluvial,Rabi,Furrow,86,37,48,7.08,23.87,60.53,183.34,50.84,5.25,63171673.83,571.86,3.98,0.00696
4826,Groundnut,Red,Rabi,Drip,31,47,52,6.58,27.65,65.44,483.66,35.24,9.34,62348680.79,488.66,1.82,0.00372
4827,Rice,Loamy,Kharif,Flood,131,44,43,5.86,26.49,93.25,1160.52,61.48,19.03,93331988.08,1228.67,6.04,0.00492
4828,Tomato,Laterite,Kharif,Sprinkler,74,59,76,6.26,21.63,57.28,465.5,46.22,7.91,41654618.64,557.84,50.56,0.09064
4829,Rice,Alluvial,Kharif,Flood,123,60,59,6.09,30.55,85.55,685.48,77.5,84.43,560395104.5,1235.54,5.1,0.00413
4830,Rice,Alluvial,Kharif,Furrow,120,59,48,5.84,26.95,73.05,1597.81,80.31,433.79,5916840679.61,1761.39,3.33,0.00189
4831,Sugarcane,Alluvial,Kharif,Furrow,160,41,95,6.62,27.64,67.13,1405.74,69.14,2.22,25354915.28,1584.01,73.99,0.04671
4832,Groundnut,Red,Kharif,Sprinkler,52,50,46,6.13,31.07,56.72,483.99,40.61,9.47,107821208.04,456.94,1.75,0.00383
4833,Maize,Loamy,Rabi,Rainfed,79,65,60,6.68,24.24,57.35,509.01,66.18,4.76,63713565.12,712.19,5.97,0.00838
4834,Tomato,Red,Rabi,Drip,106,37,61,6.79,27.46,78.69,499.0,39.84,1.33,9282987.2,557.89,38.93,0.06978
4835,Sugarcane,Loamy,Kharif,Furrow,106,63,107,7.39,26.5,88.47,1528.22,83.08,14.99,52041358.89,1658.14,60.78,0.03666
4836,Maize,Black,Kharif,Drip,109,41,66,6.0,27.36,78.87,357.65,61.33,1.81,5060476.87,725.72,4.1,0.00565
4837,Maize,Loamy,Kharif,Furrow,109,54,57,6.44,22.94,68.66,795.79,59.19,63.97,397384036.33,522.69,4.46,0.00853
4838,Tomato,Red,Kharif,Furrow,88,59,89,6.47,19.98,74.61,268.53,63.68,39.55,501462114.44,431.85,62.58,0.14491
4839,Wheat,Clay,Rabi,Furrow,95,54,45,6.84,20.56,63.66,140.13,53.82,82.18,995399282.51,528.92,4.82,0.00911
4840,Rice,Clay,Kharif,Furrow,120,39,43,6.51,25.16,74.87,950.56,82.84,9.19,118523679.43,1614.47,3.8,0.00235
4841,Wheat,Loamy,Rabi,Drip,63,42,39,7.35,20.95,51.43,232.12,49.66,8.35,29718579.13,580.41,2.61,0.0045
4842,Wheat,Alluvial,Rabi,Drip,94,30,54,6.27,14.6,51.83,52.16,59.11,8.48,40161569.45,561.03,5.07,0.00904
4843,Rice,Clay,Kharif,Drip,85,43,50,6.48,32.97,77.18,1203.34,85.26,1.13,3004640.37,1410.99,6.26,0.00444
4844,Millet,Red,Zaid,Sprinkler,34,43,62,6.11,25.82,43.23,368.44,23.37,11.29,96841872.23,383.4,2.95,0.00769
4845,Maize,Loamy,Rabi,Sprinkler,111,53,40,5.87,24.85,67.38,724.94,47.09,7.3,65857567.87,523.91,5.32,0.01015
4846,Sugarcane,Black,Zaid,Drip,127,63,83,6.78,35.81,78.52,1453.19,76.63,227.27,1086176816.58,2266.7,48.8,0.02153
4847,Sugarcane,Black,Zaid,Drip,126,81,89,7.24,27.68,87.69,1588.55,87.43,2.31,7835112.31,1544.97,66.02,0.04273
4848,Sugarcane,Black,Zaid,Flood,92,78,91,7.49,33.16,67.55,880.05,89.05,230.81,1190005510.04,2546.45,61.74,0.02425
4849,Tomato,Laterite,Kharif,Furrow,102,55,69,6.16,20.7,77.29,314.35,58.19,4.57,52761843.83,389.19,62.33,0.16015
4850,Groundnut,Loamy,Rabi,Drip,38,45,61,6.21,27.61,67.14,643.72,44.79,1.06,7579104.21,512.33,3.15,0.00615
4851,Wheat,Alluvial,Rabi,Drip,108,39,53,6.32,18.98,49.82,230.05,44.48,7.52,90875853.83,656.01,4.42,0.00674
4852,Wheat,Clay,Rabi,Sprinkler,91,63,35,6.33,13.5,59.24,212.87,50.96,0.83,3145988.89,590.19,5.49,0.0093
4853,Rice,Loamy,Kharif,Furrow,139,47,52,6.42,32.34,87.83,1104.12,67.85,4.12,50485433.19,1655.5,4.75,0.00287
4854,Maize,Black,Rabi,Sprinkler,112,30,31,6.25,21.24,62.93,494.99,46.76,9.63,46085397.22,681.83,5.39,0.00791
4855,Cotton,Alluvial,Kharif,Furrow,96,42,57,7.13,33.17,71.72,513.73,50.45,9.09,103378284.74,1100.49,1.78,0.00162
4856,Millet,Sandy,Zaid,Sprinkler,34,36,32,6.71,28.15,56.01,444.42,25.33,2.13,25153313.36,245.71,2.48,0.01009
4857,Millet,Sandy,Kharif,Drip,52,42,57,7.0,31.91,43.91,201.9,36.62,98.66,1045785939.86,289.98,2.3,0.00793
4858,Rice,Loamy,Kharif,Furrow,100,42,47,6.36,31.84,83.81,1299.56,70.57,0.72,10586273.83,1513.44,5.96,0.00394
4859,Cotton,Black,Kharif,Sprinkler,113,50,48,7.45,34.11,46.82,723.01,46.16,9.98,63982230.32,823.2,2.69,0.00327
4860,Rice,Clay,Kharif,Drip,93,42,69,6.4,30.07,73.42,1391.11,89.12,6.91,20478680.49,1608.2,5.51,0.00343
4861,Sugarcane,Black,Zaid,Flood,106,74,69,7.65,32.47,81.51,928.79,84.7,4.5,27765827.84,1920.16,74.73,0.03892
4862,Groundnut,Red,Kharif,Sprinkler,66,55,53,5.92,30.82,69.32,547.91,50.4,90.2,1174685377.05,524.35,2.69,0.00513
4863,Tomato,Laterite,Kharif,Furrow,52,67,40,5.69,29.57,78.71,216.66,46.08,28.38,188141037.03,424.97,52.5,0.12354
4864,Groundnut,Laterite,Kharif,Sprinkler,33,58,33,6.2,25.73,71.76,531.09,43.7,1.69,20120297.49,466.4,2.85,0.00611
4865,Groundnut,Loamy,Rabi,Rainfed,31,32,46,6.17,24.34,55.01,528.15,40.05,631.55,8768005413.8,608.62,2.2,0.00361
4866,Cotton,Black,Kharif,Furrow,86,32,45,7.31,25.5,48.93,569.71,45.03,105.97,1495390442.81,813.01,3.0,0.00369
4867,Maize,Red,Rabi,Rainfed,84,63,56,6.39,21.12,74.95,486.98,43.45,2.33,12818351.16,621.37,3.8,0.00612
4868,Maize,Loamy,Rabi,Drip,111,49,42,7.08,20.76,60.48,749.05,42.39,5.68,80030627.8,514.13,5.83,0.01134
4869,Sugarcane,Black,Kharif,Furrow,132,55,68,6.49,30.44,72.24,719.03,70.52,5.26,66686121.96,2566.9,68.68,0.02676
4870,Cotton,Black,Kharif,Drip,79,25,74,7.06,26.85,53.3,969.21,49.64,71.21,445220197.21,1074.76,3.34,0.00311
4871,Groundnut,Laterite,Rabi,Sprinkler,65,46,59,7.16,26.4,62.55,558.77,53.42,5.77,71359337.43,500.08,3.14,0.00628
4872,Tomato,Laterite,Kharif,Drip,102,74,66,6.34,18.46,67.6,459.41,37.02,48.87,319368460.76,580.71,70.35,0.12114
4873,Maize,Black,Rabi,Drip,111,61,60,6.64,26.53,71.81,400.08,54.62,820.96,11554010103.67,715.02,6.05,0.00846
4874,Tomato,Alluvial,Rabi,Furrow,105,38,57,5.56,20.13,70.35,568.82,35.43,8.26,81311781.25,517.52,45.05,0.08705
4875,Tomato,Laterite,Rabi,Furrow,71,44,65,6.51,22.55,64.64,438.39,35.09,90.96,1021084695.51,438.0,52.7,0.12032
4876,Maize,Black,Kharif,Drip,104,49,62,6.46,28.28,58.7,310.54,55.08,407.89,3469273649.55,536.08,4.13,0.0077
4877,Maize,Loamy,Rabi,Sprinkler,111,40,58,6.78,24.7,75.74,323.68,54.11,740.16,8165420650.01,579.59,6.07,0.01047
4878,Millet,Sandy,Kharif,Rainfed,38,45,50,7.13,27.5,33.5,271.01,34.81,39.34,343578715.04,283.38,2.85,0.01006
4879,Sugarcane,Loamy,Kharif,Drip,109,47,104,6.11,30.34,90.26,1429.5,79.54,9.46,124475547.4,1522.71,87.58,0.05752
4880,Rice,Clay,Kharif,Furrow,96,69,52,5.64,27.79,82.96,1457.97,87.62,85.37,701918390.53,1423.03,5.4,0.00379
4881,Wheat,Alluvial,Rabi,Flood,106,61,53,6.92,17.3,64.8,66.14,56.17,6.93,51158801.83,432.15,3.77,0.00872
4882,Maize,Loamy,Rabi,Furrow,109,32,60,6.02,29.02,62.14,323.1,46.68,4.49,65167197.2,732.6,3.4,0.00464
4883,Millet,Red,Zaid,Rainfed,43,23,30,7.27,31.06,56.28,287.77,31.82,9.87,38366360.1,290.88,2.07,0.00712
4884,Maize,Red,Kharif,Drip,112,60,58,6.67,31.88,55.34,614.57,57.78,5.46,70331456.07,813.3,4.19,0.00515
4885,Cotton,Alluvial,Kharif,Drip,57,56,77,7.43,26.07,61.1,911.2,39.88,1.11,5601936.71,1053.78,2.99,0.00284
4886,Wheat,Clay,Rabi,Drip,103,30,36,6.04,13.45,56.23,75.27,58.2,1.31,16696994.14,438.14,5.32,0.01214
4887,Sugarcane,Clay,Kharif,Furrow,127,84,84,6.76,33.18,91.21,982.62,87.02,56.83,214479257.75,1543.2,69.5,0.04504
4888,Maize,Red,Rabi,Sprinkler,91,36,59,6.8,25.26,74.21,447.03,40.87,1.57,11511889.57,651.29,4.77,0.00732
4889,Cotton,Alluvial,Kharif,Furrow,92,59,66,7.98,33.39,45.46,575.88,51.36,83.31,1196640122.62,1036.75,2.04,0.00197
4890,Sugarcane,Alluvial,Zaid,Drip,136,46,92,6.92,25.02,69.65,845.39,71.64,63.63,414730032.13,1961.84,54.38,0.02772
4891,Wheat,Clay,Rabi,Furrow,92,49,51,7.44,21.14,44.06,161.21,56.22,835.4,8689382154.98,555.16,5.11,0.0092
4892,Tomato,Laterite,Rabi,Drip,93,69,51,6.3,21.88,65.79,568.83,50.79,7.66,59606737.91,624.5,61.51,0.09849
4893,Maize,Black,Rabi,Furrow,86,53,44,6.22,28.14,77.52,709.42,57.8,801.31,9986142989.63,671.17,4.97,0.0074
4894,Sugarcane,Black,Kharif,Flood,157,59,57,6.99,30.06,68.52,1163.36,71.36,936.4,6436324640.79,2651.38,103.72,0.03912
4895,Maize,Black,Kharif,Sprinkler,88,50,48,6.17,27.01,58.66,446.58,52.64,6.38,46387789.19,543.26,3.92,0.00722
4896,Tomato,Laterite,Kharif,Drip,63,75,54,6.78,20.48,67.06,547.18,46.37,8.94,32122822.0,405.3,53.08,0.13096
4897,Cotton,Alluvial,Kharif,Furrow,66,27,49,6.68,30.8,45.85,829.56,49.72,67.72,422436184.21,1071.96,3.19,0.00298
4898,Rice,Alluvial,Kharif,Drip,117,36,51,6.15,26.45,89.71,878.14,77.38,0.57,5446541.7,1662.2,3.79,0.00228
4899,Sugarcane,Alluvial,Zaid,Flood,125,45,72,6.76,28.78,89.82,916.65,79.82,2.16,31078938.26,2308.9,92.33,0.03999
4900,Tomato,Laterite,Rabi,Furrow,53,50,64,6.38,20.62,74.77,392.69,36.73,87.02,583365602.8,401.26,68.59,0.17094
4901,Millet,Sandy,Kharif,Drip,76,35,60,6.6,28.42,44.37,238.18,36.06,2.54,7836412.81,424.93,2.17,0.00511
4902,Groundnut,Red,Rabi,Drip,38,29,33,7.11,30.27,62.33,490.76,31.18,0.21,2421294.53,635.76,2.88,0.00453
4903,Millet,Red,Zaid,Drip,58,24,42,6.62,34.71,37.21,170.57,36.6,91.58,1017171681.44,358.92,2.2,0.00613
4904,Groundnut,Laterite,Kharif,Sprinkler,27,45,65,5.98,22.92,67.06,456.87,38.93,850.75,7904702246.94,540.92,1.52,0.00281
4905,Groundnut,Red,Rabi,Drip,69,46,39,6.72,27.47,57.03,509.79,47.29,8.74,107333189.06,599.08,2.4,0.00401
4906,Cotton,Loamy,Kharif,Furrow,88,53,44,6.54,23.35,62.48,884.99,45.34,78.59,700660568.14,699.94,3.36,0.0048
4907,Sugarcane,Loamy,Kharif,Drip,108,51,61,6.93,25.73,87.21,1547.53,72.94,70.4,814188274.21,1416.92,79.91,0.0564
4908,Millet,Loamy,Zaid,Sprinkler,34,30,61,6.43,33.49,54.43,389.83,20.56,1.53,17630055.3,364.71,1.89,0.00518
4909,Wheat,Alluvial,Rabi,Furrow,115,35,39,6.36,14.93,66.44,133.7,39.94,76.23,771164309.27,460.11,3.0,0.00652
4910,Rice,Alluvial,Kharif,Drip,114,43,51,6.73,31.71,88.01,1267.27,62.2,7.68,50824628.68,1634.86,5.15,0.00315
4911,Groundnut,Red,Rabi,Rainfed,35,54,71,6.2,22.9,63.68,597.96,40.62,286.83,1920923777.37,524.81,1.98,0.00377
4912,Sugarcane,Loamy,Zaid,Furrow,129,40,73,7.12,31.28,77.37,712.24,87.38,92.13,788356280.96,1790.43,54.64,0.03052
4913,Wheat,Loamy,Rabi,Drip,87,45,52,6.24,18.34,43.86,120.63,55.9,31.0,191077145.47,599.4,4.44,0.00741
4914,Cotton,Loamy,Kharif,Furrow,66,49,45,6.96,29.23,48.86,510.82,37.69,231.64,1543312308.68,900.42,2.53,0.00281
4915,Tomato,Laterite,Rabi,Drip,60,47,57,5.77,23.77,56.62,360.48,41.02,624.35,4715845149.43,590.07,41.96,0.07111
4916,Tomato,Laterite,Rabi,Drip,109,60,57,6.61,28.84,66.8,364.08,42.7,9.22,58542779.04,618.49,36.36,0.05879
4917,Rice,Alluvial,Kharif,Drip,94,42,62,5.83,29.43,94.87,1598.98,66.47,8.36,24975882.13,1265.36,5.27,0.00416
4918,Tomato,Laterite,Zaid,Sprinkler,99,53,44,6.03,22.4,66.99,518.15,35.62,2.4,6254692.32,409.68,44.34,0.10823
4919,Tomato,Loamy,Zaid,Drip,89,41,61,5.67,23.89,74.69,534.52,52.44,7.76,100965068.37,482.84,58.29,0.12072
4920,Wheat,Alluvial,Rabi,Sprinkler,68,44,36,7.33,15.98,62.24,235.82,47.66,9.39,42036671.63,554.42,2.99,0.00539
4921,Tomato,Loamy,Rabi,Sprinkler,68,64,87,5.55,20.42,53.15,268.16,50.87,7.52,102368763.87,410.56,69.36,0.16894
4922,Rice,Alluvial,Kharif,Furrow,137,37,44,6.64,31.41,82.1,1588.75,66.81,2.71,28323489.14,1751.39,4.83,0.00276
4923,Tomato,Alluvial,Rabi,Sprinkler,71,57,87,6.18,21.93,55.59,305.76,58.66,3.41,50211471.26,542.43,72.24,0.13318
4924,Wheat,Clay,Rabi,Drip,111,63,62,7.48,15.49,45.97,231.1,54.56,3.83,49538020.06,547.75,3.95,0.00721
4925,Millet,Sandy,Zaid,Sprinkler,68,32,35,6.96,31.9,35.16,234.81,27.77,5.92,82068969.39,325.0,3.23,0.00994
4926,Rice,Alluvial,Kharif,Drip,114,45,45,5.84,24.59,79.54,748.25,78.86,8.97,25602404.24,1387.33,3.08,0.00222
4927,Cotton,Loamy,Kharif,Sprinkler,50,28,60,6.39,27.56,66.87,709.66,40.91,7.31,91475636.7,936.4,2.57,0.00274
4928,Cotton,Loamy,Kharif,Sprinkler,115,56,36,6.98,30.89,70.94,824.42,54.85,5.43,31805666.53,950.19,2.42,0.00255
4929,Maize,Loamy,Rabi,Drip,111,42,46,7.07,26.83,70.83,380.97,69.11,5.52,17631067.33,519.5,4.5,0.00866
4930,Cotton,Alluvial,Kharif,Sprinkler,94,34,52,7.45,30.99,67.84,679.85,64.81,6.8,68769572.49,918.01,2.17,0.00236
4931,Groundnut,Sandy,Kharif,Sprinkler,43,46,34,6.89,28.05,66.58,551.82,59.62,6.78,78131863.5,546.26,3.32,0.00608
4932,Groundnut,Sandy,Rabi,Sprinkler,47,34,66,6.35,29.4,62.48,508.14,58.93,0.87,2716654.46,503.78,2.97,0.0059
4933,Cotton,Black,Kharif,Furrow,97,57,64,6.9,33.61,48.18,678.69,38.57,4.04,30791372.46,1165.77,1.73,0.00148
4934,Millet,Sandy,Zaid,Rainfed,31,43,44,6.95,29.78,37.64,179.84,40.67,570.38,5463219845.26,411.53,3.37,0.00819
4935,Cotton,Loamy,Kharif,Sprinkler,67,32,49,7.74,23.68,63.87,948.41,64.75,5.76,36411827.28,905.44,2.52,0.00278
4936,Wheat,Loamy,Rabi,Furrow,115,38,56,6.74,21.38,48.9,183.66,45.2,4.27,43860395.7,495.84,5.85,0.0118
4937,Tomato,Alluvial,Zaid,Sprinkler,71,75,71,6.59,25.24,77.01,572.79,61.14,5.33,69177378.62,392.06,65.98,0.16829
4938,Maize,Alluvial,Rabi,Rainfed,73,52,38,6.34,31.74,63.09,403.08,68.83,5.67,76339967.46,728.55,4.82,0.00662
4939,Maize,Loamy,Rabi,Furrow,95,42,54,7.16,20.63,69.41,341.18,47.88,58.65,515523574.76,676.54,3.66,0.00541
4940,Cotton,Black,Kharif,Sprinkler,120,43,61,7.0,28.23,52.84,743.12,53.11,9.55,49296511.26,1060.38,2.91,0.00274
4941,Millet,Loamy,Kharif,Sprinkler,43,28,28,6.94,32.14,35.15,207.07,43.28,5.07,31099710.77,404.06,2.15,0.00532
4942,Millet,Sandy,Zaid,Drip,46,50,40,7.47,30.05,58.23,188.6,39.75,3.64,45006361.54,387.62,2.0,0.00516
4943,Wheat,Loamy,Rabi,Furrow,114,45,34,6.01,14.45,56.82,201.86,58.5,6.57,63731927.57,468.89,4.16,0.00887
4944,Millet,Sandy,Kharif,Sprinkler,79,25,55,6.18,26.92,54.7,268.37,37.95,3.35,26035717.56,400.46,1.83,0.00457
4945,Millet,Loamy,Kharif,Drip,69,26,35,6.43,27.27,30.45,325.4,30.86,5.95,48712509.03,434.68,3.02,0.00695
4946,Tomato,Red,Kharif,Sprinkler,77,57,44,6.86,22.52,63.76,459.1,52.81,7.0,61737451.04,526.22,40.59,0.07714
4947,Tomato,Loamy,Zaid,Sprinkler,93,49,90,5.94,20.4,78.18,364.35,55.77,7.75,66071233.33,468.62,56.73,0.12106
4948,Groundnut,Laterite,Rabi,Rainfed,63,58,46,5.6,25.59,53.85,669.18,37.39,7.72,47049457.11,582.26,2.42,0.00416
4949,Groundnut,Sandy,Kharif,Sprinkler,32,54,40,5.71,30.76,57.14,396.02,37.23,6.73,89947942.46,586.68,1.47,0.00251
4950,Maize,Alluvial,Kharif,Furrow,100,51,70,6.8,23.91,62.78,469.42,51.71,8.71,68156782.41,787.0,6.96,0.00884
4951,Cotton,Loamy,Kharif,Drip,84,48,31,7.79,25.71,46.81,592.19,56.72,84.84,1173166536.62,1104.97,1.86,0.00168
4952,Sugarcane,Alluvial,Kharif,Furrow,129,75,103,6.44,35.99,87.09,1540.34,69.33,9.06,63247072.03,1751.1,68.35,0.03903
4953,Tomato,Red,Zaid,Furrow,91,72,51,6.4,21.92,55.86,496.27,57.05,0.77,6629766.75,567.85,58.41,0.10286
4954,Groundnut,Sandy,Kharif,Drip,35,38,67,6.26,28.77,54.87,367.37,40.74,4.78,29062608.54,557.7,1.97,0.00353
4955,Millet,Sandy,Kharif,Rainfed,66,35,62,5.58,29.76,32.19,373.93,34.67,1.06,6767314.61,460.43,2.49,0.00541
4956,Wheat,Alluvial,Rabi,Drip,108,54,38,6.31,22.11,55.99,101.32,34.73,5.01,36050986.63,512.59,2.88,0.00562
4957,Cotton,Loamy,Kharif,Furrow,50,38,59,7.05,23.66,50.92,886.58,48.4,5.94,35216220.83,861.5,2.44,0.00283
4958,Tomato,Laterite,Rabi,Sprinkler,54,43,46,6.17,21.69,74.21,278.64,39.02,91.1,1222925861.69,575.88,67.93,0.11796
4959,Sugarcane,Alluvial,Zaid,Furrow,160,58,68,6.08,34.13,69.36,1313.72,69.79,55.8,355202384.91,2731.75,79.75,0.02919
4960,Maize,Red,Kharif,Drip,122,41,52,6.55,24.64,73.33,479.59,47.44,9.9,147572279.17,643.71,6.15,0.00955
4961,Millet,Sandy,Zaid,Sprinkler,80,45,56,6.88,26.3,35.13,173.21,35.59,8.98,112796225.73,439.66,2.72,0.00619
4962,Sugarcane,Clay,Kharif,Drip,132,59,73,6.82,23.98,93.67,1230.4,71.4,8.02,94883956.44,1936.32,91.72,0.04737
4963,Millet,Sandy,Kharif,Rainfed,54,47,41,6.55,31.79,64.36,258.78,26.92,328.13,4498487628.88,253.51,3.62,0.01428
4964,Wheat,Alluvial,Rabi,Sprinkler,93,65,41,6.74,11.67,44.0,145.92,55.32,3.46,19547812.3,454.29,2.86,0.0063
4965,Rice,Loamy,Kharif,Drip,91,54,45,5.73,28.04,70.08,628.99,82.96,9.83,116420578.23,1432.87,4.26,0.00297
4966,Tomato,Red,Zaid,Drip,70,52,54,5.84,25.95,50.89,561.87,42.63,251.54,2709476991.31,537.46,41.46,0.07714
4967,Millet,Sandy,Kharif,Drip,73,34,34,7.3,34.22,34.35,368.72,21.53,3.72,18919923.59,468.05,3.32,0.00709
4968,Rice,Clay,Kharif,Furrow,120,52,52,5.66,30.57,84.72,1022.31,72.11,6.9,101751288.36,1473.0,5.63,0.00382
4969,Tomato,Alluvial,Kharif,Drip,58,61,89,6.98,29.92,59.17,337.3,35.19,2.03,14077958.82,684.86,52.77,0.07705
4970,Cotton,Black,Kharif,Furrow,94,31,41,6.65,24.51,51.68,703.72,41.28,0.63,5108603.16,787.88,2.52,0.0032
4971,Tomato,Laterite,Zaid,Sprinkler,62,63,70,6.36,22.28,55.63,214.83,36.81,3.52,46688611.55,412.43,37.95,0.09202
4972,Tomato,Loamy,Zaid,Sprinkler,90,46,85,6.83,27.87,69.0,288.88,47.74,1.11,8421330.97,421.7,65.39,0.15506
4973,Groundnut,Red,Rabi,Rainfed,60,50,33,7.09,28.56,70.97,638.45,48.66,7.9,112796911.98,440.28,2.78,0.00631
4974,Sugarcane,Clay,Zaid,Drip,109,50,85,6.04,29.37,87.84,1028.39,82.18,287.43,1526525262.51,1760.38,83.35,0.04735
4975,Tomato,Red,Kharif,Drip,106,36,46,6.83,26.71,66.95,299.93,42.4,7.69,100613609.92,649.95,70.46,0.10841
4976,Wheat,Clay,Rabi,Drip,65,48,44,6.36,11.46,47.09,178.24,44.5,6.9,81127300.26,548.87,3.97,0.00723
4977,Cotton,Alluvial,Kharif,Drip,52,63,49,6.27,25.32,51.73,817.06,62.69,3.0,22474178.68,752.98,3.32,0.00441
4978,Wheat,Alluvial,Rabi,Drip,76,41,40,7.39,19.7,48.5,56.34,59.73,1.42,11588534.46,629.78,2.75,0.00437
4979,Maize,Red,Rabi,Furrow,78,51,31,5.96,26.66,72.07,789.17,69.53,0.68,3029394.58,672.11,5.21,0.00775
4980,Rice,Loamy,Kharif,Flood,90,44,39,6.45,26.88,94.79,830.29,62.92,8.34,47453371.48,1378.42,4.57,0.00332
4981,Groundnut,Sandy,Kharif,Rainfed,44,56,34,5.71,30.73,71.54,647.65,38.22,6.28,48628916.81,430.12,2.87,0.00667
4982,Wheat,Alluvial,Rabi,Furrow,61,33,36,6.96,21.92,53.11,202.5,59.2,6.38,23576925.6,543.26,2.83,0.00521
4983,Groundnut,Loamy,Kharif,Drip,45,29,43,5.58,25.78,71.31,378.44,57.06,16.95,201697766.5,514.19,2.28,0.00443
4984,Millet,Red,Zaid,Rainfed,41,16,23,5.8,29.45,37.85,376.93,40.18,8.11,113247294.26,349.19,1.71,0.0049
4985,Sugarcane,Alluvial,Zaid,Furrow,98,71,59,7.64,30.68,68.5,1050.1,69.19,0.31,1360207.2,2232.09,111.68,0.05003
4986,Wheat,Clay,Rabi,Flood,64,62,30,7.05,12.98,40.61,55.27,47.01,73.18,888979481.36,653.84,4.2,0.00642
4987,Maize,Red,Rabi,Rainfed,99,42,58,6.06,22.4,68.92,793.42,42.49,6.46,61130766.07,661.02,5.61,0.00849
4988,Millet,Red,Zaid,Drip,49,39,53,6.59,33.44,60.28,267.33,20.26,5.83,76898913.09,279.36,2.15,0.0077
4989,Maize,Alluvial,Kharif,Rainfed,129,41,41,5.96,27.92,50.82,644.65,51.91,9.11,67086639.31,661.04,4.28,0.00647
4990,Tomato,Loamy,Rabi,Drip,57,46,42,5.66,24.65,71.86,240.84,38.87,1.63,16143281.23,491.78,36.79,0.07481
4991,Millet,Red,Zaid,Rainfed,54,42,35,7.02,28.63,43.75,444.19,35.12,76.94,718827786.85,441.31,2.54,0.00576
4992,Maize,Red,Kharif,Furrow,88,36,52,5.85,29.88,70.84,641.33,60.42,5.49,60279987.5,769.07,4.6,0.00598
4993,Rice,Loamy,Kharif,Drip,82,53,49,6.41,31.53,85.42,1454.31,69.58,8.39,93819842.31,1407.49,4.81,0.00342
4994,Sugarcane,Loamy,Zaid,Flood,111,57,79,7.36,26.3,74.7,1280.39,80.74,8.27,56966464.83,1892.04,89.39,0.04725
4995,Rice,Alluvial,Kharif,Furrow,91,64,68,5.8,30.95,86.91,1312.98,85.18,650.03,2367315713.86,1780.32,5.77,0.00324
4996,Groundnut,Laterite,Rabi,Sprinkler,53,30,70,6.1,28.53,62.83,616.22,49.75,8.53,66879408.99,548.33,2.39,0.00436
4997,Millet,Loamy,Zaid,Drip,46,42,50,5.91,27.75,36.75,206.57,21.55,4.36,60815556.2,431.88,2.56,0.00593
4998,Maize,Alluvial,Rabi,Drip,75,54,48,7.08,30.82,59.75,785.5,49.73,3.06,21756635.58,724.48,5.67,0.00783
4999,Tomato,Laterite,Kharif,Drip,92,51,75,5.8,29.8,71.9,205.58,40.17,8.37,81420608.77,617.23,48.99,0.07937
5000,Maize,Loamy,Rabi,Rainfed,127,63,48,6.85,21.17,52.54,385.89,68.74,1.84,14671786.76,520.23,6.04,0.01161
